Track URI,Track Name,Album Name,Artist Name(s),Release Date,Duration (ms),Popularity,Explicit,Added By,Added At,Genres,Record Label,Danceability,Energy,Key,Loudness,Mode,Speechiness,Acousticness,Instrumentalness,Liveness,Valence,Tempo,Time Signature
spotify:track:4Eu11AEW4PK9Rtc3TkTwl7,"Enquanto Houver Sol","Como Estão Vocês?","Titãs",2003-07-10,182186,68,false,nicmf,2024-04-04T00:19:12Z,"rock brasileiro,mpb,pop nacional","Sony BMG Music Entertainment",0.663,0.589,4,-3.866,1,0.0268,0.144,0.000089,0.283,0.211,115.236,4
spotify:track:6HU7h9RYOaPRFeh0R3UeAr,"deja vu","SOUR","Olivia Rodrigo",2021-05-21,215506,90,true,nicmf,2024-04-04T00:17:50Z,"","Olivia Rodrigo PS",0.442,0.612,2,-7.222,1,0.112,0.584,0.0000057,0.37,0.178,180.917,4
spotify:track:0WmH9fXWCQ51RQi1kWPJrI,"100 Bad Days","Neotheater","AJR",2019-04-26,210991,58,false,raphaelfr17,2024-04-04T00:19:51Z,"","Black Butter",0.626,0.639,10,-5.62,1,0.085,0.0465,0,0.246,0.638,144.009,4
spotify:track:5WHwVdTQNWdI8MdLCaibgH,"2085","The Maybe Man","AJR",2023-11-10,331546,55,true,raphaelfr17,2024-04-04T00:31:33Z,"","Mercury Records / Republic Records",0.405,0.524,9,-6.714,1,0.0338,0.435,0,0.318,0.216,132.083,4
spotify:track:0tgVpDi06FyKpA1z0VMD4v,"Perfect","÷ (Deluxe)","Ed Sheeran",2017-03-03,263400,92,false,raphaelfr17,2024-04-04T00:30:34Z,"o lado suave do pop","Atlantic Records UK",0.599,0.448,8,-6.312,1,0.0232,0.163,0,0.106,0.168,95.05,3
spotify:track:2IA1ctUxjk865QW3CpIuZk,"Inertia","The Maybe Man","AJR",2023-11-10,220933,64,true,raphaelfr17,2024-04-04T00:33:45Z,"","Mercury Records / Republic Records",0.43,0.583,1,-5.794,1,0.0403,0.0323,0,0.339,0.653,176.04,3
spotify:track:7mhiuOVih9Qq1hfuGZ5OGi,"Caos","Olho Furta-Cor","Titãs",2022-09-02,193386,20,false,nicmf,2024-04-04T00:50:32Z,"rock brasileiro,mpb,pop nacional","Midas Music",0.598,0.874,7,-3.993,1,0.0339,0.0245,0,0.119,0.705,145.007,4
spotify:track:6vgKWE1KV4E7p1Dv75z0kL,"Azul Da Cor Do Mar","Tim Maia 1970","Tim Maia",1970-01-05,198261,69,false,raphaelfr17,2024-04-04T00:56:39Z,"mpb","Universal Music Ltda.",0.508,0.34,9,-11.311,1,0.0384,0.0863,0.000325,0.262,0.396,125.519,4
spotify:track:17cSStMpz6p1ch17ApfPsJ,"Life Goes On - Ryan Riback Remix","Life Goes On (Remixes)","Fergie;Ryan Riback",2017-01-27,197250,0,false,raphaelfr17,2024-04-04T01:11:02Z,"melbourne bounce","Universal Music Group",0.689,0.679,7,-6.676,1,0.0803,0.0727,0.00000209,0.0704,0.24,99.907,4
spotify:track:2IDf0IZ9dfw0uDYV2n1bJc,"DEJA VU","DEJA VU","Luan Santana;Ana Castela",2023-12-07,199827,68,false,nicmf,2024-04-04T01:26:47Z,"sertanejo,sertanejo universitário,arrocha,agronejo,piseiro","Sony Music Entertainment",0.572,0.573,8,-6.028,1,0.0596,0.195,0,0.0897,0.468,141.935,4
spotify:track:3DamFFqW32WihKkTVlwTYQ,"Fireflies","Ocean Eyes","Owl City",2009-01-01,228346,84,false,raphaelfr17,2024-04-04T15:07:23Z,"","Universal Records",0.512,0.662,3,-6.797,1,0.0439,0.0275,0,0.118,0.472,180.114,4
spotify:track:2SQkCUj5rYrFCRKnaTbYYr,"You Are","Lionel Richie","Lionel Richie",1982,300880,65,false,nicmf,2024-04-05T02:05:08Z,"motown","UNI/MOTOWN",0.777,0.456,1,-12.736,1,0.033,0.196,0.0000323,0.0473,0.727,111.981,4
spotify:track:0ZAL7RbP2FsM3rObV60o7T,"Namorando Ou Não - Ao Vivo","Namorando Ou Não (Ao Vivo)","Clayton & Romário;Luan Santana",2023-03-10,168358,56,false,nicmf,2024-04-05T02:42:15Z,"sertanejo,sertanejo universitário,agronejo,arrocha","Virgin Music Label And Artist Services (S&D)",0.65,0.677,0,-4.081,1,0.0328,0.643,0,0.912,0.527,135.947,4
spotify:track:38aWBmoJz4be4Sc98ou7TX,"Planos impossiveis","Manu gavassi","Manu Gavassi",2010-10-12,263506,0,false,nicmf,2024-04-05T18:38:43Z,"pop nacional,nova mpb","Midas Music",0.653,0.856,2,-4.328,1,0.0243,0.0176,0,0.234,0.438,100.032,4
spotify:track:1wNfqzFyu1ryYNJ1Wc8dSb,"Toda Gostosa","MC Leozinho Ao Vivo","MC Leozinho",2012-06-10,182000,52,false,nicmf,2024-04-05T19:05:16Z,"funk melody,funk,funk carioca","Som Livre",0.698,0.663,9,-7.064,1,0.406,0.389,0,0.178,0.971,129.965,4
spotify:track:7MnT7msJZg3XBAS0OTfGrB,"Tempo Perdido","Dois","Legião Urbana",1986-01-01,302200,80,false,raphaelfr17,2024-04-05T20:31:23Z,"rock brasileiro,mpb,pop nacional","EMI Brazil",0.293,0.662,4,-13.076,0,0.0486,0.0079,0.00112,0.271,0.221,186.007,4
spotify:track:0xMbfVm5z0Q1VdnYvox460,"Contagious","The Best Damn Thing (Expanded Edition)","Avril Lavigne",2007-04-17,129065,50,false,nicmf,2024-04-06T01:19:19Z,"","RCA Records Label",0.445,0.905,1,-3.537,1,0.0462,0.000417,0,0.324,0.447,157.956,4
spotify:track:7iwPGVfoiedHFNHvpxTznL,"I Don't Know - Radio Mix","Erika (Essential Tunes)","Erika",2021-06-18,199302,73,false,nicmf,2024-04-06T01:55:26Z,"italo dance,eurodance,europop","Time Records",0.739,0.959,11,-6.836,1,0.0693,0.0866,0.00512,0.837,0.891,129.974,4
spotify:track:4rMTRPQcWIcZAlKR8bygRY,"Loka","Duetos","Simone & Simaria;Anitta",2017-11-17,215169,47,false,nicmf,2024-04-06T02:11:43Z,"sertanejo,sertanejo universitário,forró,arrocha,pop nacional,funk pop,funk,funk carioca","Universal Music Ltda.",0.646,0.835,0,-4.004,1,0.208,0.0484,0,0.11,0.691,179.982,4
spotify:track:3k3SgGKIzM94QW4w5rBn7Y,"histórias da minha cabeça","TEORIA DO CAOS","Elana Dara",2021-12-17,186782,18,false,nicmf,2024-04-06T02:18:03Z,"pop nacional","WM Brazil",0.506,0.48,10,-9.84,1,0.0349,0.303,0,0.344,0.497,78.076,4
spotify:track:1MSUXavILtbW3yeZ4dw55x,"Apocalipse Só","Olho Furta-Cor","Titãs",2022-09-02,211329,20,false,nicmf,2024-04-06T13:15:44Z,"rock brasileiro,mpb,pop nacional","Midas Music",0.713,0.737,10,-5.68,0,0.0356,0.225,0.000097,0.322,0.366,103.089,4
spotify:track:2PEzJCjp1KrqH1STPlmqDa,"A Cura","Focus - O Essencial de Lulu Santos","Lulu Santos",1999-08-22,278666,37,false,nicmf,2024-04-06T15:06:35Z,"mpb,rock brasileiro,pop nacional","RCA Records Label",0.625,0.783,2,-6.949,1,0.0333,0.166,0,0.0897,0.749,92.126,4
spotify:track:6EHOyqVSyd8JRmQniT721T,"Que Nem o Meu Cachorro","Abaixo de Zero: Hello Hell","Black Alien",2019-04-12,211363,1,false,nicmf,2024-04-06T15:35:49Z,"hip hop brasileiro,boom bap","Extrapunk Extrafunk",0.726,0.649,2,-8.97,1,0.442,0.378,0.00000934,0.0673,0.171,176.043,4
spotify:track:0xk4woi8ENN8VWFDZTcF8h,"Never Be the Same (feat. Kane Brown)","Never Be the Same (feat. Kane Brown)","Camila Cabello;Kane Brown",2018-04-27,225539,53,false,nicmf,2024-04-06T16:23:50Z,"country,pop country","Syco Music/Epic",0.6,0.671,0,-4.875,1,0.0893,0.238,0,0.164,0.25,129.782,4
spotify:track:1louJpMmzEicAn7lzDalPW,"No Promises (feat. Demi Lovato)","No Promises (feat. Demi Lovato)","Cheat Codes;Demi Lovato",2017-03-31,223503,73,false,nicmf,2024-04-06T22:41:38Z,"","Parlophone UK",0.741,0.667,10,-5.445,1,0.134,0.0575,0,0.106,0.595,112.956,4
spotify:track:4iiOb1mdmh0PCYI4BZYUU9,"Then","Speak Your Mind (Deluxe)","Anne-Marie",2018-04-27,214471,53,true,nicmf,2024-04-06T23:09:47Z,"","Atlantic Records UK",0.543,0.541,2,-5.164,0,0.123,0.441,0,0.106,0.378,112.308,3
spotify:track:5VLsC6rl5IYGs0ZnEk1Cv8,"Prova","Prova","Mayra;Nanno",2022-09-02,152000,10,false,nicmf,2024-04-06T23:30:14Z,"pop nacional,brazilian bass","Universal Music Ltda.",0.76,0.661,2,-11.467,0,0.0394,0.151,0,0.06,0.856,117.015,4
spotify:track:3YXA9Smn7CDYtJAG6ykVJc,"As Mariposa","Adoniran Barbosa","Adoniran Barbosa",1974-08-05,118026,37,false,nicmf,2024-04-07T00:48:59Z,"samba,mpb,bossa nova","Universal Music Ltda.",0.637,0.662,0,-10.964,1,0.241,0.54,0.000591,0.194,0.893,104.06,4
spotify:track:3LDNcikQd7Zui9gJCISTtR,"Yes I'm A Mess","The Maybe Man","AJR",2023-11-10,164973,70,true,raphaelfr17,2024-04-07T00:56:09Z,"","Mercury Records / Republic Records",0.737,0.624,2,-5.667,0,0.0465,0.0242,0,0.113,0.398,92.001,4
spotify:track:6a8aUhYbaQBUI8PcJ5ZmQ6,"closure","evermore (deluxe version)","Taylor Swift",2021-01-07,180653,62,false,nicmf,2024-04-07T01:15:37Z,"","TS/Republic",0.689,0.704,9,-10.813,1,0.245,0.835,0.00000483,0.134,0.92,151.884,5
spotify:track:34B5INdEjbTXvNkCC5GtYz,"Jason","Set My Heart On Fire Immediately","Perfume Genius",2020-05-15,185826,38,false,nicmf,2024-04-07T01:18:52Z,"art pop","Matador",0.34,0.324,1,-7.6,1,0.0344,0.345,0.0000164,0.0847,0.344,145.822,4
spotify:track:3w8v6xU26DY0LiQr3QAFjl,"It's Going Down Now","Persona 3 Reload Original Soundtrack","Azumi Takahashi;Lotus Juice;アトラスサウンドチーム;ATLUS GAME MUSIC",2024-03-27,186093,0,false,raphaelfr17,2024-04-07T01:36:10Z,"vgm japonesa,trilha sonora","ATLUS GAME MUSIC",0.483,0.952,1,-5.747,0,0.0531,0.00151,0.000265,0.291,0.798,83.977,4
spotify:track:248OFOZef6ShXv6DGgbnxU,"Saved","American Teen","Khalid",2017-04-27,206543,67,false,nicmf,2024-04-07T01:39:46Z,"","Right Hand Music Group, LLC/RCA Records",0.739,0.448,10,-10.28,0,0.138,0.189,0,0.118,0.553,81.044,4
spotify:track:4esOae7i4rqTbAu9o5Pxco,"Girl on Fire","Girl on Fire (Remixes) - EP","Alicia Keys",2012-11-18,224920,84,false,raphaelfr17,2024-04-07T01:39:57Z,"r&b,neo soul","RCA Records Label",0.482,0.706,9,-5.762,1,0.0607,0.135,0.00106,0.105,0.144,92.513,4
spotify:track:5x9FUcABwqYAOMptRedOku,"30 Bandido!","30 Bandido!","Costa Gold",2019-07-26,165150,45,false,nicmf,2024-04-07T01:50:59Z,"hip hop brasileiro,trap brasileiro,boom bap","Som Livre",0.9,0.781,1,-5.452,1,0.159,0.108,0,0.0513,0.79,135.025,4
spotify:track:043bfUkTydw0xJ5JjOT91w,"Don't You Worry Child","Until Now","Swedish House Mafia;John Martin",2012-01-01,403493,70,false,raphaelfr17,2024-04-07T02:07:45Z,"edm","BMG Rights Management",0.632,0.88,2,-4.051,1,0.0463,0.0144,0.0021,0.118,0.338,129.007,4
spotify:track:2GSLoT7abyYGchSSDCpWEI,"Heather - Spotify Singles","Spotify Singles","Tate McRae",2020-11-11,190652,53,false,nicmf,2024-04-07T23:54:46Z,"","RCA Records Label",0.569,0.271,10,-10.969,1,0.0271,0.886,0,0.103,0.352,91.888,4
spotify:track:1TnUURhehaoMWKAqQtirm6,"Colors","BADLANDS","Halsey",2015-08-28,249499,78,false,nicmf,2024-04-08T00:09:36Z,"","Astralwerks (ASW)",0.512,0.812,1,-4.809,1,0.0617,0.0534,0,0.092,0.521,100.02,4
spotify:track:3Nl5OkkmS5DaBZvuYofpAt,"the grudge","GUTS","Olivia Rodrigo",2023-09-08,189386,80,true,nicmf,2024-04-08T00:15:39Z,"","Olivia Rodrigo PS",0.511,0.313,10,-9.32,1,0.0846,0.905,0,0.0832,0.331,126.962,4
spotify:track:732E6ibFkQR5lNIPEeiEnx,"Choker","Scaled And Icy","Twenty One Pilots",2021-05-21,223065,67,false,nicmf,2024-04-08T00:17:17Z,"","Fueled By Ramen",0.7,0.664,7,-8.211,1,0.0394,0.306,0.0000189,0.249,0.585,142.009,4
spotify:track:4OAuvHryIVv4kMDNSLuPt6,"Red (Taylor's Version)","Red (Taylor's Version)","Taylor Swift",2021-11-12,223093,78,false,nicmf,2024-04-08T00:57:15Z,"","Taylor Swift",0.516,0.777,1,-4.908,0,0.0375,0.00108,0.00000162,0.0761,0.408,125.047,4
spotify:track:0ug5NqcwcFR2xrfTkc7k8e,"Style","1989 (Deluxe)","Taylor Swift",2014-01-01,231000,88,false,raphaelfr17,2024-04-08T01:53:09Z,"","Taylor Swift",0.588,0.791,7,-5.595,1,0.0402,0.00245,0.00258,0.118,0.487,94.933,4
spotify:track:66hayvUbTotekKU3H4ta1f,"Where Are Ü Now (with Justin Bieber)","Skrillex and Diplo present Jack Ü","Jack Ü;Skrillex;Diplo;Justin Bieber",2015-02-24,250285,83,false,nicmf,2024-04-08T01:53:18Z,"dubstep,edm,electro,eletronic,moombahton","OWSLA/Mad Decent",0.432,0.781,4,-4.038,0,0.0567,0.041,0.00000421,0.0789,0.197,139.432,4
spotify:track:7vGuf3Y35N4wmASOKLUVVU,"Silence","Silence","Marshmello;Khalid",2017-08-11,180822,86,false,nicmf,2024-04-08T01:55:23Z,"edm","Joytime Collective/RCA Records",0.52,0.761,4,-3.093,1,0.0853,0.256,0.00000496,0.17,0.286,141.971,4
spotify:track:6sRLrSetyIwIKhW1eMlUNP,"Vou Ter Que Superar - Ao Vivo","Tem Moda Pra Tudo (Ao Vivo)","Matheus & Kauan;Marília Mendonça",2019-03-22,189059,77,false,nicmf,2024-04-08T02:09:10Z,"sertanejo,sertanejo universitário,arrocha,agronejo,forró","Universal Music Ltda.",0.505,0.721,1,-5.86,1,0.061,0.768,0,0.869,0.421,106.248,4
spotify:track:3KtIVDOChQMVi3SxHc6RrK,"You Are Not Alone - Single Version","The Essential Michael Jackson","Michael Jackson",2005-07-19,295353,61,false,nicmf,2024-04-08T02:41:52Z,"","Epic/Legacy",0.64,0.421,11,-9.33,1,0.0274,0.634,0.0000544,0.109,0.23,119.478,4
spotify:track:0w5Bdu51Ka25Pf3hojsKHh,"Hard Times","After Laughter","Paramore",2017-05-12,182693,84,false,raphaelfr17,2024-04-08T02:42:39Z,"pop punk,emo","Fueled By Ramen",0.695,0.818,5,-5.379,0,0.0334,0.00647,0.00000487,0.0219,0.916,119.965,4
spotify:track:5o4W6yWSJD9e9Ea8YC9WjF,"One Step At a Time","Jordin Sparks","Jordin Sparks",2007-11-20,205160,66,false,nicmf,2024-04-08T03:11:24Z,"","19 Recordings",0.766,0.692,1,-4.672,1,0.0289,0.0825,0,0.0384,0.691,102.028,4
spotify:track:7sAmyRQ0AxJmWcflYtPTL4,"Nerds (Studio)","What.","Bo Burnham",2013-12-17,206329,2,true,nicmf,2024-04-08T03:27:12Z,"comédia","Comedy Central Records",0.763,0.722,2,-6.033,1,0.107,0.32,0.000644,0.0787,0.367,134.095,4
spotify:track:60NBh3Hbtes3ObiWkMhhrl,"Too Much","Pity Party","SVEA",2020-11-06,205173,17,false,nicmf,2024-04-08T04:04:36Z,"pop sueco","Universal Music AB",0.705,0.652,5,-3.899,0,0.041,0.21,0.00000106,0.0701,0.711,102.086,4
spotify:track:1QQii3pa5m8MEda0nbkjfw,"Mastermind","Midnights (The Til Dawn Edition)","Taylor Swift",2023-05-26,191039,63,false,raphaelfr17,2024-04-08T04:13:55Z,"","Taylor Swift",0.66,0.343,4,-14.132,1,0.14,0.565,0.00134,0.0922,0.137,125.96,4
spotify:track:3yII7UwgLF6K5zW3xad3MP,"22 (Taylor's Version)","Red (Taylor's Version)","Taylor Swift",2021-11-12,230960,73,false,nicmf,2024-04-08T04:57:20Z,"","Taylor Swift",0.642,0.695,7,-5.62,1,0.0281,0.000443,0.0000102,0.0753,0.642,103.984,4
spotify:track:3dYD57lRAUcMHufyqn9GcI,"Take Me To Church","Hozier","Hozier",2014-09-19,241688,87,false,nicmf,2024-04-08T05:00:39Z,"","Universal-Island Records Ltd.",0.575,0.664,4,-5.303,0,0.0481,0.637,0,0.116,0.437,129.071,4
spotify:track:56Eq1gz2PUsVw50DUz6vvu,"Trust in Me","Disneymania 7","Selena Gomez",2010-01-01,204266,25,false,nicmf,2024-04-08T05:03:48Z,"","Walt Disney Records",0.607,0.66,1,-6.74,0,0.0328,0.174,0.0665,0.119,0.429,103.989,4
spotify:track:0hxRyDVC61KlZGS6m2Min4,"3 O'Clock Things","OK ORCHESTRA","AJR",2021-03-26,228376,52,true,raphaelfr17,2024-04-08T06:00:30Z,"","Black Butter",0.694,0.525,11,-8.619,1,0.0806,0.0318,0,0.217,0.348,93.978,4
spotify:track:62PaSfnXSMyLshYJrlTuL3,"Hello","25","Adele",2015-11-20,295502,77,false,nicmf,2024-04-09T00:19:44Z,"o lado suave do pop","XL Recordings",0.578,0.43,5,-6.134,0,0.0305,0.33,0,0.0854,0.288,78.991,4
spotify:track:4M1lEbqPzlEw1JYWB6aE7K,"Estoy Aquí","Pies Descalzos","Shakira",1995-10-06,232466,76,false,nicmf,2024-04-09T00:20:05Z,"pop latino","Epic",0.732,0.814,2,-7.716,1,0.0402,0.0307,0,0.0691,0.782,116.973,4
spotify:track:7o1Pm9jpH0wFpN5g793Lnq,"Can't Remember to Forget You (feat. Rihanna)","Shakira. (Expanded Edition) [Spanish Version]","Shakira;Rihanna",2014-03-13,206866,87,false,nicmf,2024-04-09T02:39:56Z,"pop latino","RCA/Sony Latin Iberia",0.694,0.81,11,-3.556,0,0.0661,0.122,0,0.141,0.824,137.968,4
spotify:track:5LGqFIVBf3ZUeFBpc87CFS,"Life","Supernatural","Des'ree",1998-06-29,216040,68,false,nicmf,2024-04-09T02:40:11Z,"","S2",0.721,0.74,1,-5.453,1,0.0413,0.113,0.0000407,0.0847,0.716,104.812,4
spotify:track:3xxmjMvJsSR3L7mUOxP9QA,"Never Forget You","Wild Young Hearts","Noisettes",2009-01-01,192213,69,false,raphaelfr17,2024-04-09T02:41:43Z,"","EMI",0.569,0.692,9,-4.683,1,0.0323,0.0167,0.0000378,0.126,0.737,141.632,4
spotify:track:2s8Ap3eDZLgtGCgBoKEoM2,"Nem sempre se pode ser Deus","Titanomaquia","Titãs",1993,136133,31,false,nicmf,2024-04-09T03:04:18Z,"rock brasileiro,mpb,pop nacional","WM Brazil",0.522,0.927,2,-9.813,1,0.0327,0.00694,0.00209,0.168,0.737,89.32,4
spotify:track:0qBIosovZtPRJYUBBI7qnj,"Pode Falar","Manu Gavassi (Deluxe Version)","Manu Gavassi",2012-05-28,173666,24,false,nicmf,2024-04-09T03:10:36Z,"pop nacional,nova mpb","Midas Music",0.599,0.963,2,-2.429,1,0.0373,0.0532,0.0000029,0.337,0.756,90.016,4
spotify:track:746BlfyY0hVG65EtfaNvwo,"L.A.LOVE (la la) (feat. YG)","Double Dutchess","Fergie;YG",2017-09-22,211512,11,true,nicmf,2024-04-09T03:47:45Z,"hyphy","BMG Rights Management (US) LLC",0.509,0.482,7,-6.965,1,0.176,0.0186,0,0.238,0.301,101.042,4
spotify:track:3hbZLbum75zWMZyR8K8tDd,"Livin' on Love","Living Room","AJR",2015-03-03,221413,0,false,raphaelfr17,2024-04-09T03:53:05Z,"","AJR Productions/Warner Records",0.477,0.933,10,-3.486,1,0.121,0.0609,0,0.086,0.689,196.068,4
spotify:track:6gxycjJNMgmAyfzUXBN80P,"Goodbye My Lover","Back to Bedlam","James Blunt",2005-08-08,258653,74,false,raphaelfr17,2024-04-09T03:55:37Z,"","Custard/Atlantic",0.432,0.261,4,-12.591,1,0.0512,0.953,0.00342,0.0903,0.273,89.567,4
spotify:track:1Rweq7vNjK4kZBbGrmxQsl,"bye","eternal sunshine","Ariana Grande",2024-03-08,164927,82,false,nicmf,2024-04-09T03:56:06Z,"pop","Republic Records",0.606,0.645,2,-4.835,0,0.0333,0.204,0,0.14,0.453,110.016,4
spotify:track:0wHFktze2PHC5jDt3B17DC,"First Class","Come Home The Kids Miss You","Jack Harlow",2022-05-06,173947,80,true,nicmf,2024-04-09T22:10:27Z,"","Generation Now/Atlantic",0.902,0.582,5,-5.902,0,0.109,0.111,0.00000318,0.111,0.332,107.005,4
spotify:track:4NknsYwkHVIeCxEq18UXCv,"Karma","Neotheater","AJR",2019-04-26,245269,57,false,raphaelfr17,2024-04-09T22:46:09Z,"","Black Butter",0.528,0.727,6,-5.739,1,0.179,0.0557,0,0.176,0.212,155.927,4
spotify:track:052vSBPxqdmYRDlkSPiavc,"Cry Baby","Cry Baby (Deluxe Edition)","Melanie Martinez",2015-08-14,239080,73,true,nicmf,2024-04-09T22:47:54Z,"","Atlantic Records",0.686,0.691,5,-4.616,0,0.0371,0.257,0,0.145,0.477,95.046,4
spotify:track:0Cy7wt6IlRfBPHXXjmZbcP,"Love Me Like You Do","Fifty Shades Freed (Original Motion Picture Soundtrack)","Ellie Goulding",2018-02-09,253520,86,false,nicmf,2024-04-09T23:07:26Z,"","Republic/Universal/FSF",0.489,0.597,5,-6.633,0,0.0292,0.27,0,0.105,0.323,95.013,4
spotify:track:2YWtcWi3a83pdEg3Gif4Pd,"I Think He Knows","Lover","Taylor Swift",2019-08-23,173386,71,false,nicmf,2024-04-09T23:13:21Z,"","Taylor Swift",0.897,0.366,0,-8.029,1,0.0569,0.00889,0.000353,0.0715,0.416,100.003,4
spotify:track:3cdhgO3vgHyOIADMXokd2t,"Nothing","Science & Faith","The Script",2010-09-13,271773,66,false,nicmf,2024-04-09T23:27:56Z,"","Phonogenic",0.47,0.837,2,-4.963,1,0.0396,0.00387,0,0.117,0.522,157.044,4
spotify:track:2wnJb9am5Saf4jBBUcusqI,"Onde Estiver","Projeto Paralelo","NX Zero;Freddie Gibbs",2010-01-01,218480,61,false,nicmf,2024-04-09T23:39:13Z,"rock brasileiro,emo,pop nacional,jazz rap,hip hop alternativo","Universal Music Ltda.",0.717,0.929,11,-2.727,1,0.0302,0.0908,0,0.316,0.631,115.003,4
spotify:track:1HGCG0RNiPtwuTSGtKSyQ0,"A(Mar)","A(Mar)","Zamba;Tupi",2021-12-17,182000,2,false,nicmf,2024-04-10T00:20:52Z,"nova mpb,boom bap","TUPI",0.697,0.534,6,-12.254,0,0.106,0.204,0.0000116,0.222,0.893,90,4
spotify:track:572xshmOviSGH70oPYMCZV,"Alarm","Speak Your Mind (Deluxe)","Anne-Marie",2018-04-27,205593,69,true,nicmf,2024-04-10T00:21:19Z,"","Atlantic Records UK",0.756,0.589,0,-5.093,1,0.232,0.0812,0,0.176,0.811,146.928,4
spotify:track:7pBrj5rt4SSxXwFKOyZfHR,"Dissolve","Thousand Peaces","Absofacto;NITESHIFT",2017-11-03,224660,63,false,raphaelfr17,2024-04-10T00:23:01Z,"","2017 Absofacto",0.688,0.582,6,-10.668,0,0.0542,0.23,0.000157,0.0663,0.872,85.486,4
spotify:track:79BHjj4YkvbpOlMvG6wf3n,"boa memória - ao vivo","VIVA (Ao Vivo)","Luan Santana",2019-08-22,214087,63,false,nicmf,2024-04-10T00:29:24Z,"sertanejo,sertanejo universitário,arrocha","Som Livre",0.394,0.498,7,-6.853,1,0.0341,0.759,0,0.518,0.4,132.74,4
spotify:track:6eAnWf8yT7GLnUvaT0oyKN,"Strings","Handwritten","Shawn Mendes",2015-04-14,190773,51,false,nicmf,2024-04-10T01:07:20Z,"","Island Records",0.659,0.728,8,-5.007,0,0.0541,0.00221,0,0.251,0.683,78.027,4
spotify:track:2Rk4JlNc2TPmZe2af99d45,"ME! (feat. Brendon Urie of Panic! At The Disco)","Lover","Taylor Swift;Brendon Urie;Panic! At The Disco",2019-08-23,193000,76,false,raphaelfr17,2024-04-10T01:36:28Z,"emo","Taylor Swift",0.61,0.83,0,-4.105,1,0.0571,0.033,0,0.118,0.728,182.162,4
spotify:track:2n3CaPGPLYnYAvTEwKCX8t,"Mmm Yeah (feat. Pitbull)","The Secret","Austin Mahone;Pitbull",2014,231624,4,false,nicmf,2024-04-10T01:42:06Z,"","BMG Rights Management (US) LLC",0.712,0.922,6,-3.902,0,0.0411,0.00266,0.0000019,0.268,0.976,125.984,4
spotify:track:6fwdbPMwP1zVStm8FybmkO,"X (feat. Future)","Savage Mode","21 Savage;Metro Boomin;Future",2016-07-15,258880,71,true,nicmf,2024-04-10T02:22:54Z,"rap,trap","Slaughter Gang, LLC",0.835,0.413,1,-9.81,1,0.396,0.373,0.00133,0.101,0.111,149.004,4
spotify:track:6DEaND0SHv3sC11xobZLiy,"Take Your Time","Montevallo","Sam Hunt",2014-10-24,243706,69,false,nicmf,2024-04-10T02:41:18Z,"country,pop country","MCA Nashville",0.558,0.719,11,-5.603,1,0.0419,0.101,0,0.212,0.483,158.031,4
spotify:track:5PRRthP9SLfbXB359MfIWv,"I Will Wait","Babel (Deluxe Version)","Mumford & Sons",2012-09-21,276720,76,false,raphaelfr17,2024-04-10T02:41:33Z,"folk,indie folk,folk rock","Dew Process",0.486,0.769,1,-5.14,1,0.0341,0.0119,0.00832,0.197,0.393,131.286,4
spotify:track:4By48hpAtUx7F7F1yxvwvm,"Entertainer","Icarus Falls","ZAYN",2018-12-14,202599,64,true,nicmf,2024-04-10T02:42:04Z,"","RCA Records Label",0.697,0.568,5,-8.017,1,0.0369,0.475,0.0000251,0.0922,0.502,153.931,4
spotify:track:017PF4Q3l4DBUiWoXk4OWT,"Break My Heart","Future Nostalgia","Dua Lipa",2020-03-27,221820,85,false,raphaelfr17,2024-04-10T02:53:33Z,"pop","Warner Records",0.73,0.729,4,-3.434,0,0.0884,0.167,0.00000139,0.349,0.467,113.011,4
spotify:track:6Se3x9ANMLv0dCDsjGmEjh,"do re mi","digital druglord","blackbear",2017-04-21,212027,79,true,nicmf,2024-04-10T02:54:12Z,"","Alamo",0.745,0.593,8,-6.35,1,0.0524,0.00522,0.00000506,0.123,0.17,111.001,3
spotify:track:6IvKz4Ax11LsLA0X0bPkqD,"Ai, Ai, Ai...","Sim","Vanessa Da Mata",2008-09-19,252640,59,false,nicmf,2024-04-10T03:00:43Z,"mpb,nova mpb","Sony BMG Music Entertainment",0.643,0.673,0,-6.708,1,0.0281,0.00227,0.000133,0.109,0.916,130.108,4
spotify:track:02Zkkf2zMkwRGQjZ7T4p8f,"Anti-Hero","Midnights (3am Edition)","Taylor Swift",2022-10-22,200690,62,false,nicmf,2024-04-10T03:22:29Z,"","Taylor Swift",0.633,0.648,4,-6.645,1,0.062,0.121,0.00000262,0.161,0.49,96.888,4
spotify:track:2G7V7zsVDxg1yRsu7Ew9RJ,"In My Feelings","Scorpion","Drake",2018-06-29,217925,79,true,nicmf,2024-04-10T03:31:14Z,"rap","Cash Money/Drake LP6",0.835,0.626,1,-5.833,1,0.125,0.0589,0.00006,0.396,0.35,91.03,4
spotify:track:1u8c2t2Cy7UBoG4ArRcF5g,"Blank Space","1989 (Deluxe)","Taylor Swift",2014-01-01,231826,90,false,nicmf,2024-04-10T03:36:23Z,"","Taylor Swift",0.76,0.703,5,-5.412,1,0.054,0.103,0,0.0913,0.57,95.997,4
spotify:track:6RB9YvNyP0RZfCUcMtZELH,"Freedom","Freedom","Pharrell Williams",2015-07-02,163226,77,false,nicmf,2024-04-10T03:39:22Z,"","Columbia",0.428,0.559,1,-6.374,0,0.067,0.395,0.0000356,0.136,0.607,86.459,4
spotify:track:28M9CSVpZ8x526MKvb1U2W,"Foco, Força E Fé","Foco, Força E Fé","Projota",2014-01-01,224546,43,false,nicmf,2024-04-10T03:39:59Z,"hip hop brasileiro,pop nacional","Universal Music Ltda.",0.581,0.968,6,-4.293,0,0.298,0.0891,0,0.231,0.715,176.021,4
spotify:track:1cdzfFjEbUbgTm5nv3FgXR,"Focus","Focus","Ariana Grande",2015-10-30,211360,72,false,nicmf,2024-04-10T03:48:57Z,"pop","Universal Records",0.671,0.876,6,-6.034,1,0.239,0.266,0,0.444,0.8,100.016,4
spotify:track:4sG82PgC0kmimvPxoofLRR,"Maybe","Everybody","Ingrid Michaelson",2009-08-25,193786,44,false,nicmf,2024-04-10T03:49:24Z,"","Ingrid Michaelson (Spirit Music)",0.593,0.634,1,-6.522,1,0.0448,0.433,0.00019,0.162,0.452,84.043,4
spotify:track:7fhiGdj0nn0ZCmIAocG8G0,"Maybe Man","The Maybe Man","AJR",2023-11-10,220093,61,true,raphaelfr17,2024-04-10T03:49:26Z,"","Mercury Records / Republic Records",0.473,0.467,4,-6.127,1,0.0405,0.632,0,0.303,0.347,143.948,4
spotify:track:70LcF31zb1H0PyJoS1Sx1r,"Creep","Pablo Honey","Radiohead",1993-02-22,238640,95,true,nicmf,2024-04-10T03:53:11Z,"art rock,rock alternativo","XL Recordings",0.515,0.43,7,-9.935,1,0.0372,0.0097,0.000133,0.129,0.104,91.844,4
spotify:track:2lm3Ric7MeBk8hLfsiVokr,"Pouco a Pouco (Ao Vivo) (feat. Sorriso Maroto)","Terra do Nunca (Ao Vivo)","Dilsinho;Sorriso Maroto",2019-01-31,196830,60,false,nicmf,2024-04-10T04:47:35Z,"pagode,samba,sertanejo","Sony Music Entertainment",0.484,0.647,2,-6.462,1,0.0359,0.862,0,0.864,0.692,148.052,4
spotify:track:0WtM2NBVQNNJLh6scP13H8,"Calm Down (with Selena Gomez)","Calm Down (with Selena Gomez)","Rema;Selena Gomez",2022-08-25,239317,83,false,nicmf,2024-04-10T04:52:41Z,"afrobeats,afrobeat,afropop,afropiano","Mavin Records / Jonzing World",0.801,0.806,11,-5.206,1,0.0381,0.382,0.000669,0.114,0.802,106.999,4
spotify:track:3XwTKOAP8Syq2GAcKBCAmN,"I Lost a Friend","Blood Harmony","FINNEAS",2019-10-04,237020,63,false,nicmf,2024-04-10T04:53:50Z,"","OYOY, Inc.",0.445,0.206,11,-11.922,1,0.215,0.587,0,0.122,0.215,169.003,4
spotify:track:59eAcAyhYSLi5GKFrgHJzG,"Faith","Ladies And Gentlemen... The Best Of George Michael","George Michael",1998-11-09,194493,1,false,nicmf,2024-04-10T05:38:31Z,"","Sony Music Entertainment",0.915,0.497,11,-10.435,1,0.102,0.00547,0.000108,0.067,0.553,95.852,4
spotify:track:1Iq8oo9XkmmvCQiGOfORiz,"Is It Over Now? (Taylor's Version) (From The Vault)","1989 (Taylor's Version)","Taylor Swift",2023-10-26,229477,76,false,raphaelfr17,2024-04-10T05:54:04Z,"","Taylor Swift",0.599,0.651,0,-7.343,1,0.035,0.0486,0,0.126,0.153,100.001,4
spotify:track:14kYOiFVPb7E7NfFbqhdln,"goodnight n go","Sweetener","Ariana Grande",2018-08-17,189506,74,true,nicmf,2024-04-10T05:54:57Z,"pop","Republic Records",0.708,0.454,1,-7.07,1,0.0395,0.0217,0,0.073,0.24,110.963,4
spotify:track:6zkHymyoD3tIqV7RwCAYUw,"Sleep Without You","Brett Young","Brett Young",2017-02-10,187813,64,false,nicmf,2024-04-11T02:02:46Z,"country","Big Machine Label Group, LLC",0.626,0.707,5,-5.755,0,0.0425,0.0169,0,0.0772,0.653,88.546,4
spotify:track:3bUDPTCStUeLcUgXgvepQh,"inesquecível","inesquecível","GIULIA BE;Luan Santana",2020-10-09,186519,52,false,nicmf,2024-04-11T02:19:39Z,"pop nacional,sertanejo,sertanejo universitário,arrocha","WM Brazil",0.671,0.773,8,-5.479,0,0.0916,0.0716,0,0.122,0.616,99.942,4
spotify:track:0j1Ia2lQWrcXrQZI4AdJlk,"IDK You Yet","IDK You Yet (Live on Piano)","Alexander 23",2020-06-23,184638,71,false,nicmf,2024-04-11T02:21:34Z,"","Interscope Records",0.648,0.308,1,-11.729,1,0.04,0.886,0.0774,0.124,0.198,76.997,1
spotify:track:7J2Oy8QVCd5DWMMnBuDzd0,"Time (Clock Of The Heart)","The Best Of Culture Club","Culture Club",1989-01-01,223893,63,false,nicmf,2024-04-11T02:23:59Z,"","Virgin Catalogue",0.72,0.54,0,-14.025,0,0.0361,0.512,0,0.0403,0.923,116.956,4
spotify:track:7Ie9W94M7OjPoZVV216Xus,"Not Afraid","Recovery","Eminem",2010-06-18,248133,84,true,nicmf,2024-04-11T02:37:37Z,"rap,hip hop","Eminem Catalog PS",0.855,0.954,0,-1.19,0,0.264,0.529,0,0.205,0.668,114.635,5
spotify:track:6DXZiYUbrYgrVIhfX3U9Z2,"Pretty Please","Future Nostalgia","Dua Lipa",2020-03-27,194607,71,true,nicmf,2024-04-11T02:38:25Z,"pop","Warner Records",0.906,0.474,1,-6.124,1,0.194,0.0311,0.0000055,0.286,0.656,106.976,4
spotify:track:7xWZ6yrBuZF3E9iYnUNs3C,"Write Your Name","Stars Dance (Bonus Track Version)","Selena Gomez",2013-01-01,196840,44,false,nicmf,2024-04-11T02:41:27Z,"","Hollywood Records",0.628,0.755,0,-4.759,1,0.0463,0.00415,0.0000111,0.207,0.379,119,4
spotify:track:385VOmGbguaPG57TgoW8Lh,"24 Hours","Wonder","Shawn Mendes",2020-12-04,150781,47,false,nicmf,2024-04-11T02:42:48Z,"","Shawn Mendes LP4-5 PS/ Island",0.351,0.368,5,-8.132,1,0.0557,0.488,0.00603,0.124,0.362,84.224,4
spotify:track:4qsVPnhbvEooD1bSNqvvh0,"Let It Be - Remastered 2015","1 (Remastered)","The Beatles",2000-11-13,230440,62,false,nicmf,2024-04-11T02:43:28Z,"rock clássico,rock psicodélico","UMC (Universal Music Catalogue)",0.445,0.436,0,-8.536,1,0.0332,0.58,0.0000263,0.112,0.483,139.848,4
spotify:track:04KTF78FFg8sOHC1BADqbY,"Hot In Herre","Nellyville","Nelly",2002-06-25,228240,82,true,nicmf,2024-04-11T02:46:29Z,"","Motown",0.956,0.741,11,-4.753,0,0.124,0.204,0,0.0615,0.911,107.075,4
spotify:track:4OuMdUzh9Lz82ACgQUYBbU,"Nobody","Revival (Deluxe)","Selena Gomez",2015-10-09,217440,47,false,nicmf,2024-04-11T02:51:06Z,"","Selena Gomez PS",0.576,0.453,3,-6.824,1,0.0348,0.305,0,0.0844,0.0675,130.957,4
spotify:track:6lFZbCc7pn6Lme1NP7qQqQ,"You Can't Always Get What You Want","Let It Bleed","The Rolling Stones",1969-12-05,448720,75,false,nicmf,2024-04-11T02:52:00Z,"rock clássico,rock","ABKCO Music and Records, Inc.",0.32,0.62,0,-9.686,1,0.0594,0.64,0.0000636,0.253,0.472,86.327,4
spotify:track:2IvetNzSZMH5gwjInoyr18,"It's Raining Men","Success","The Weather Girls",1982,325426,72,false,raphaelfr17,2024-04-11T02:55:20Z,"","Entertainment Co./Columbia",0.69,0.744,1,-12.721,1,0.0613,0.034,0.598,0.453,0.56,136.918,4
spotify:track:0e3yhVeNaTfKIWQRw9U9sY,"Sacrifice","Sleeping With The Past (Remastered with bonus tracks)","Elton John",1989-08-29,304133,80,false,nicmf,2024-04-11T02:57:38Z,"","Mercury Records Limited",0.756,0.422,11,-12.967,0,0.0292,0.0165,0.00183,0.0368,0.487,112.751,4
spotify:track:762KBvcazTCH6NiIs017gb,"I'm Your Sacrifice","Stay Gold","Ozark Henry",2014-09-26,288118,26,false,raphaelfr17,2024-04-11T02:58:05Z,"","Home Records",0.644,0.565,0,-11.649,1,0.0399,0.157,0.0374,0.0923,0.338,131.981,4
spotify:track:5PaS0Kb9u2zhDGeKOUGvXG,"Quem Ama Bloqueia","Quem Ama Bloqueia","MC Rick;DJ 900",2021-01-15,191567,39,true,nicmf,2024-04-11T03:00:16Z,"funk,funk de bh,trap funk,funk consciente","GR6 Music",0.917,0.621,6,-3.779,0,0.157,0.095,0,0.0996,0.712,133.146,4
spotify:track:4JhAs0rZvSbsF1eVL5hP0B,"Tanto Faz - Ao Vivo","Ao Vivo Em Brasília (Ao Vivo / Vol.1)","Lauana Prado;Xand Avião",2023-03-17,150714,34,false,nicmf,2024-04-11T03:00:52Z,"sertanejo,sertanejo universitário,forró,piseiro,arrocha,brega","Universal Music Ltda.",0.674,0.915,5,-2.97,0,0.0518,0.3,0,0.928,0.823,146.045,4
spotify:track:2RqtfcLB7iOZj0zYB8Auhu,"Jealous","Nick Jonas X2","Nick Jonas",2015-11-20,223106,75,false,nicmf,2024-04-11T03:01:19Z,"","Safehouse Records / Island Records",0.7,0.701,11,-3.834,0,0.16,0.013,0,0.461,0.38,93.003,4
spotify:track:3hsmbFKT5Cujb5GQjqEU39,"Look At Me Now (feat. Lil' Wayne & Busta Rhymes)","F.A.M.E. (Expanded Edition)","Chris Brown;Lil Wayne;Busta Rhymes",2011-03-22,222586,78,true,nicmf,2024-04-11T03:02:39Z,"r&b,rap,hip hop,east coast hip hop,hip hop old school","Jive",0.767,0.677,11,-6.128,0,0.184,0.0339,0.00000551,0.144,0.538,146.155,4
spotify:track:3OgZdIAHaDMOtYq8Z5iCQ5,"Believe","Wilder Mind","Mumford & Sons",2015-05-01,220866,64,false,nicmf,2024-04-11T03:03:40Z,"folk,indie folk,folk rock","Universal-Island Records Ltd.",0.332,0.667,2,-5.992,1,0.0456,0.0308,0.035,0.225,0.378,114.892,4
spotify:track:4y5bvROuBDPr5fuwXbIBZR,"Paper Rings","Lover","Taylor Swift",2019-08-23,222400,80,false,raphaelfr17,2024-04-11T03:07:41Z,"","Taylor Swift",0.811,0.719,9,-6.553,1,0.0497,0.0129,0.0000136,0.0742,0.865,103.979,4
spotify:track:03UlQzmQHLb3fnvfhipq0B,"Assim Você Mata O Papai","Assim Você Mata O Papai","Sorriso Maroto",2012-01-31,196426,56,false,raphaelfr17,2024-04-11T03:10:45Z,"pagode,samba","Som Livre",0.802,0.776,10,-5.881,1,0.0514,0.731,0.00000727,0.177,0.965,94.042,4
spotify:track:4LiJE6pqgsTX3FtukW6bNh,"Release Me","Dance Love Pop (The Love Love Love Edition)","Agnes",2008-04-01,256213,73,false,nicmf,2024-04-11T03:16:00Z,"pop sueco","Roxy Recordings",0.621,0.923,2,-3.124,0,0.0321,0.00645,0.0000728,0.108,0.716,127.973,4
spotify:track:7rIovIsXE6kMn629b7kDig,"I Will Survive","Love Tracks","Gloria Gaynor",1978-11-27,296106,84,false,raphaelfr17,2024-04-11T03:20:46Z,"disco","Polydor",0.77,0.775,9,-9.571,0,0.0495,0.0227,0.00262,0.297,0.802,116.935,4
spotify:track:1byScELwcJffsdL5QWa6Yk,"Why","Why","Sabrina Carpenter",2017-07-07,171096,63,false,nicmf,2024-04-11T03:21:17Z,"pop","Hollywood Records",0.633,0.557,11,-4.917,0,0.203,0.169,0,0.0671,0.623,89.672,4
spotify:track:00V8KJuZ0a089fa25Lc9t7,"Fine By Me","Andy Grammer","Andy Grammer",2011-06-14,172813,67,false,nicmf,2024-04-11T03:22:45Z,"","S-Curve Records",0.584,0.792,11,-4.147,1,0.0317,0.0135,0,0.0487,0.877,89.991,4
spotify:track:2ng0NW0HhJK0KTNZzZajRv,"r u ok","TOO YOUNG TO BE SAD","Tate McRae",2021-03-26,187378,59,true,nicmf,2024-04-11T03:23:19Z,"","RCA Records Label",0.665,0.596,2,-5.893,1,0.0363,0.343,0,0.345,0.345,140.042,4
spotify:track:6YIivt0G3ZUuNrM62jp9pL,"Way Less Sad","OK ORCHESTRA","AJR",2021-03-26,207595,54,false,raphaelfr17,2024-04-11T03:24:16Z,"","Black Butter",0.695,0.541,2,-8.35,1,0.046,0.00707,0,0.104,0.409,140.018,4
spotify:track:1lcGmOKmp8xUeH3JC0qPks,"Na Sola Da Bota","Na Sola Da Bota","Rionegro & Solimões",2003-01-01,169560,58,false,nicmf,2024-04-11T03:24:30Z,"sertanejo tradicional,sertanejo,agronejo,sertanejo universitário","Universal Music Ltda.",0.812,0.872,4,-4.531,1,0.0334,0.115,0.0011,0.095,0.98,138.058,4
spotify:track:1uru26I2JKd2mQZt0MDCUe,"Empty Space","Empty Space","James Arthur",2018-10-19,213821,57,false,nicmf,2024-04-11T03:29:19Z,"o lado suave do pop","Columbia Local",0.404,0.531,1,-4.328,1,0.103,0.215,0,0.0521,0.321,164.848,4
spotify:track:7N3PAbqfTjSEU1edb2tY8j,"Jump - 2015 Remaster","1984 (Remastered)","Van Halen",1984-01-04,241599,83,false,nicmf,2024-04-11T03:30:14Z,"glam metal,rock clássico,rock,hard rock","Rhino/Warner Records",0.572,0.835,0,-6.219,1,0.0317,0.171,0.000377,0.0702,0.795,129.981,4
spotify:track:1j8z4TTjJ1YOdoFEDwJTQa,"Ain't It Fun","Paramore","Paramore",2013-04-05,296520,83,false,nicmf,2024-04-11T03:35:01Z,"pop punk,emo","Fueled By Ramen",0.61,0.893,9,-3.681,1,0.0921,0.154,0.0000441,0.021,0.673,104.031,4
spotify:track:4cktbXiXOapiLBMprHFErI,"Memories","JORDI (Deluxe)","Maroon 5",2021-06-11,189486,87,false,nicmf,2024-04-11T03:35:42Z,"pop","Interscope Records*",0.775,0.327,11,-7.241,1,0.0557,0.841,0,0.0821,0.595,91.05,4
spotify:track:2DlIwu1iDTILEMXA7MUotn,"Beautiful Trauma","Beautiful Trauma","P!nk",2017-10-13,250060,65,true,raphaelfr17,2024-04-11T03:36:14Z,"","RCA Records Label",0.412,0.619,7,-6.39,1,0.0723,0.0868,0.00000255,0.4,0.234,95.943,4
spotify:track:5rETvqbuoU9gRsYjEQSK4x,"Ya No","Extranjera Segunda Parte","Dulce María",2011-01-01,204693,46,false,nicmf,2024-04-11T03:41:32Z,"pop latino","Universal Music Mexico",0.641,0.755,0,-5.471,1,0.0275,0.394,0.0000251,0.0728,0.659,130.009,4
spotify:track:6IWUAkhBsPW5GXh0ArByHB,"As A Blonde","Kiss & Tell","Selena Gomez & The Scene",2009-01-01,167253,34,false,nicmf,2024-04-11T04:12:12Z,"","Hollywood Records",0.449,0.912,0,-2.926,1,0.0721,0.000435,0.0000988,0.0889,0.634,175.081,4
spotify:track:3ojTJaonfkL96iIWa47SU3,"Questions","Heartbreak on a Full Moon","Chris Brown",2017-10-31,129477,67,false,nicmf,2024-04-11T04:25:59Z,"r&b","RCA Records Label",0.614,0.598,10,-6.335,0,0.0561,0.00543,0,0.1,0.565,105.803,4
spotify:track:5btaVjrLBxTvXNmCv5DrW2,"Curious","Expectations","Hayley Kiyoko",2018-03-30,183280,52,false,nicmf,2024-04-11T04:34:03Z,"","Atlantic Records",0.788,0.703,1,-5.986,0,0.127,0.0753,0.0000613,0.333,0.442,104.049,4
spotify:track:4ciwlQ4UYHUMj2wuH0ffw6,"Thinking Of You","One Of The Boys","Katy Perry",2008-06-17,246410,79,false,nicmf,2024-04-11T04:37:17Z,"pop","Capitol Records",0.432,0.803,4,-4.459,1,0.0363,0.00167,0,0.331,0.309,147.053,4
spotify:track:37ZJ0p5Jm13JPevGcx4SkF,"Livin' On A Prayer","Slippery When Wet","Bon Jovi",1986-08-16,249293,86,false,raphaelfr17,2024-04-11T04:53:35Z,"glam metal","Island Records",0.532,0.887,0,-3.757,1,0.0335,0.0778,0.000206,0.294,0.794,122.509,4
spotify:track:60dwJ8dnqZ4WrIdiu7LkNR,"Saturday","Scaled And Icy","Twenty One Pilots",2021-05-21,172232,67,false,nicmf,2024-04-11T05:20:55Z,"","Fueled By Ramen",0.687,0.89,8,-5.99,1,0.0344,0.00396,0.000939,0.0436,0.854,113.06,4
spotify:track:7vS3Y0IKjde7Xg85LWIEdP,"Problem","My Everything (Deluxe)","Ariana Grande;Iggy Azalea",2014-08-22,193920,84,false,nicmf,2024-04-11T05:26:41Z,"pop","Universal Records",0.66,0.805,1,-5.352,0,0.153,0.0192,0.00000883,0.159,0.625,103.021,4
spotify:track:2ANLarE8yHVsLWW21nj79M,"You Was Right","Lil Uzi Vert vs. The World","Lil Uzi Vert",2016-05-27,163944,70,true,nicmf,2024-04-11T17:58:53Z,"rap melódico,rage rap","Generation Now/Atlantic",0.843,0.359,0,-7.417,1,0.461,0.069,0,0.12,0.156,81.987,4
spotify:track:4ZMhxdNqZOEvGkGZ5zrWm4,"Always Alright","Always Alright","Alabama Shakes",2013-12-16,249169,61,true,raphaelfr17,2024-04-11T17:59:15Z,"","Rough Trade",0.698,0.621,9,-6.509,1,0.0433,0.78,0.849,0.112,0.575,106.356,4
spotify:track:5fVZC9GiM4e8vu99W0Xf6J,"How to Save a Life","How To Save A Life","The Fray",2005-09-13,262533,89,false,nicmf,2024-04-11T19:13:25Z,"","Epic",0.64,0.743,10,-4.08,1,0.0379,0.269,0,0.101,0.361,122.035,4
spotify:track:6lV2MSQmRIkycDScNtrBXO,"Airplanes (feat. Hayley Williams of Paramore)","B.o.B Presents: The Adventures of Bobby Ray","B.o.B;Hayley Williams",2010-04-27,180480,87,true,raphaelfr17,2024-04-11T19:14:33Z,"art pop","Rebel Rock/Grand Hustle/Atlantic",0.66,0.867,6,-4.285,0,0.116,0.11,0,0.0368,0.377,93.033,4
spotify:track:2fmqPLRFdJNPhLU3b2NSFp,"Glory (From the Motion Picture Selma)","Glory (From the Motion Picture Selma)","Common;John Legend",2014-12-11,272727,11,false,nicmf,2024-04-11T19:16:25Z,"hip hop,jazz rap,neo soul,o lado suave do pop","ARTium/Def Jam Recordings a div. of UMG Recordings & Getting Out Our Dreams/Columbia Records/Sony Music Entertainment",0.567,0.587,9,-5.626,0,0.0417,0.867,0,0.13,0.572,83.046,4
spotify:track:2i0AUcEnsDm3dsqLrFWUCq,"Tonight Tonight","Whatever","Hot Chelle Rae",2011-11-25,200466,73,false,nicmf,2024-04-11T19:17:17Z,"","RCA Records Label",0.686,0.783,4,-4.977,1,0.119,0.0764,0,0.163,0.814,99.978,4
spotify:track:6EmC6JFwF0Aq92ajBPKYiO,"Piloto Automático","Amianto","Supercombo",2014-01-29,197224,61,false,nicmf,2024-04-11T19:18:45Z,"rock brasileiro,nova mpb,mpb","Elemess",0.622,0.696,6,-5.454,1,0.0367,0.318,0,0.176,0.48,131.977,4
spotify:track:20I6sIOMTCkB6w7ryavxtO,"Call Me Maybe","Kiss","Carly Rae Jepsen",2012-01-01,193400,88,false,nicmf,2024-04-11T19:38:46Z,"","Silent Records IGA",0.782,0.58,7,-6.548,1,0.0407,0.0114,0.00000228,0.108,0.66,120.021,4
spotify:track:1Wsyt5It2PYnht0aDYcNyR,"Tá Tranquilo, Tá Favorável","Tá Tranquilo, Tá Favorável","MC Bin Laden",2016-01-12,251216,55,false,nicmf,2024-04-11T19:41:36Z,"funk,funk carioca","KLProdutora",0.621,0.481,10,-5.082,0,0.397,0.584,0,0.106,0.37,172.397,5
spotify:track:6U4VqEHy4n5VeiH4pQPL24,"You're Welcome","Moana (Original Motion Picture Soundtrack/Deluxe Edition)","Dwayne Johnson;Disney",2016-11-18,163893,78,false,nicmf,2024-04-11T19:49:14Z,"","Walt Disney Records",0.788,0.745,5,-7.072,1,0.258,0.29,0,0.0373,0.672,135.278,4
spotify:track:0pJW1Xw3aY4Eh6k5iuBkfI,"I Know The End","Punisher","Phoebe Bridgers",2020-06-18,344692,79,false,nicmf,2024-04-11T19:53:55Z,"","Dead Oceans",0.323,0.323,1,-10.268,1,0.0351,0.33,0.0229,0.233,0.256,111.826,4
spotify:track:2BIBtKMUnHyYs3BsEiILTU,"Back for Good - Radio Mix","Never Forget: The Ultimate Collection","Take That",2005-11-14,241293,56,false,nicmf,2024-04-11T19:57:52Z,"","Sony Music CG",0.569,0.517,5,-9.352,1,0.0332,0.311,0,0.145,0.503,78.844,4
spotify:track:6z7fZRrQfOH3ZjWEkC4QhC,"Hot","The Best Damn Thing (Expanded Edition)","Avril Lavigne",2007-04-17,202973,67,false,nicmf,2024-04-11T22:34:07Z,"","RCA Records Label",0.6,0.938,8,-3.806,1,0.0821,0.0173,0,0.355,0.469,144.951,4
spotify:track:6EdSN1iGtLPhcz43QDRkdK,"Help!","Love","The Beatles",2006-11-17,138285,57,false,nicmf,2024-04-11T22:53:12Z,"rock clássico,rock psicodélico","EMI Catalogue",0.552,0.734,6,-7.126,0,0.0291,0.221,0,0.116,0.846,94.887,4
spotify:track:0NKQGrW0gTFbe9K6dfDOnS,"Sou eu","Sou Eu","Fiuk",2011-08-01,194760,29,false,nicmf,2024-04-11T22:54:46Z,"pop nacional","WM Brazil",0.643,0.488,9,-7.548,1,0.0247,0.735,0.000142,0.278,0.362,94.026,4
spotify:track:62AuGbAkt8Ox2IrFFb8GKV,"Sweet Caroline","Sweet Caroline","Neil Diamond",1969-06-06,203573,84,false,nicmf,2024-04-11T23:03:28Z,"","Geffen",0.529,0.127,11,-16.066,1,0.0274,0.614,0.000133,0.237,0.579,63.05,4
spotify:track:06KyNuuMOX1ROXRhj787tj,"We Don't Talk Anymore (feat. Selena Gomez)","Nine Track Mind","Charlie Puth;Selena Gomez",2016-01-29,217706,83,false,nicmf,2024-04-11T23:19:46Z,"o lado suave do pop","Artist Partner",0.728,0.563,1,-8.053,0,0.134,0.621,0,0.179,0.352,100.017,4
spotify:track:2QfiRTz5Yc8DdShCxG1tB2,"Johnny B. Goode","Berry Is On Top","Chuck Berry",1959-07-01,161560,80,false,nicmf,2024-04-11T23:46:38Z,"rockabilly,rock and roll","Geffen",0.534,0.803,10,-9.129,1,0.0743,0.741,0.0000607,0.307,0.969,167.983,4
spotify:track:6nkoWsFZeFt5dUdNmlIceh,"Bloqueado - Ao Vivo","Buteco in Boston (Ao Vivo)","Gusttavo Lima",2021-12-16,168689,67,false,nicmf,2024-04-12T00:54:35Z,"sertanejo,sertanejo universitário,arrocha,agronejo,piseiro,forró","Sony Music Entertainment",0.828,0.721,1,-4.274,0,0.0558,0.153,0,0.547,0.651,129.092,4
spotify:track:1ieaNRjnBSPwznI7BQrEWi,"Monte Castelo","As Quatro Estações","Legião Urbana",1989,230626,63,false,nicmf,2024-04-12T01:03:16Z,"rock brasileiro,mpb,pop nacional","EMI Brazil",0.45,0.345,0,-14.813,1,0.0288,0.0742,0,0.354,0.507,92.675,4
spotify:track:3F9ByoUqu31xU0I3G5xfVg,"Meet Me Halfway","THE E.N.D. (THE ENERGY NEVER DIES) [Deluxe Version]","Black Eyed Peas",2009-01-01,284373,87,false,raphaelfr17,2024-04-12T01:05:00Z,"","Interscope",0.798,0.629,11,-6.857,0,0.0735,0.00474,0.0000229,0.324,0.4,130.002,4
spotify:track:7iNIg7XDEaYECfWD5dJ9Va,"Friends (with BloodPop®)","Friends (with BloodPop®)","Justin Bieber;BloodPop®",2017-08-17,189466,75,false,nicmf,2024-04-12T01:11:28Z,"","BloodPop/DJ/RMBG/Republic",0.743,0.735,8,-5.337,1,0.0382,0.00389,0,0.304,0.631,104.979,4
spotify:track:5aJS6QDKNQBwXcy0302gdY,"Boom!","Taking One for the Team","Simple Plan",2016-02-19,190320,50,false,nicmf,2024-04-12T01:16:03Z,"pop punk,punk,emo","Atlantic Records",0.457,0.957,7,-3.026,1,0.1,0.000938,0,0.265,0.3,160.103,4
spotify:track:3KwwE4sgCzMaKWq6QBebmX,"Me Too","Thank You (Deluxe Version)","Meghan Trainor",2017-05-12,181240,79,false,nicmf,2024-04-12T01:16:15Z,"","Epic",0.934,0.694,11,-5.849,0,0.101,0.0971,0.0000012,0.477,0.833,123.831,4
spotify:track:2yLa0QULdQr0qAIvVwN6B5,"...Ready For It?","reputation","Taylor Swift",2017-11-10,208186,82,false,nicmf,2024-04-12T01:16:42Z,"","Taylor Swift",0.613,0.764,2,-6.509,1,0.136,0.0527,0,0.197,0.417,160.015,4
spotify:track:5tjgHs2wxXAUnf3PFCDWEB,"Turning Out","The Click","AJR",2017-06-30,260961,43,false,nicmf,2024-04-12T01:17:16Z,"","Black Butter",0.603,0.516,3,-5.49,1,0.036,0.157,0,0.131,0.385,97.001,4
spotify:track:3iSmEacr24vUxitXq3e6cN,"Televisão","Televisão","Titãs",1984-05-30,224760,48,false,nicmf,2024-04-12T01:21:24Z,"rock brasileiro,mpb,pop nacional","WM Brazil",0.626,0.808,9,-9.5,1,0.129,0.0488,0.0000455,0.0736,0.913,162.833,4
spotify:track:3hb2ScEVkGchcAQqrPLP0R,"Photograph","All the Right Reasons","Nickelback",2005-09-26,258920,72,false,raphaelfr17,2024-04-12T01:22:48Z,"post-grunge,rock","Roadrunner Records",0.515,0.876,8,-3.756,1,0.0292,0.000932,0.000166,0.136,0.385,145.916,4
spotify:track:41Fflg7qHiVOD6dEPvsCzO,"Worth It (feat. Kid Ink)","Reflection (Deluxe)","Fifth Harmony;Kid Ink",2015-01-30,224573,82,false,nicmf,2024-04-12T01:24:05Z,"","Syco Music/Epic",0.884,0.765,8,-3.865,1,0.0882,0.063,0.00000704,0.118,0.594,99.987,4
spotify:track:5yVIlYEHZxQVLyInCdldoS,"Impossible","James Arthur (Deluxe)","James Arthur",2013-11-04,209440,84,false,nicmf,2024-04-12T01:24:27Z,"o lado suave do pop","Syco Music",0.376,0.695,0,-4.782,0,0.0933,0.135,0,0.11,0.302,169.533,4
spotify:track:4B0JvthVoAAuygILe3n4Bs,"What Do You Mean?","Purpose (Deluxe)","Justin Bieber",2015-11-13,205680,87,false,nicmf,2024-04-12T01:25:13Z,"","RBMG/Def Jam",0.845,0.567,5,-8.118,0,0.0956,0.59,0.00142,0.0811,0.793,125.02,4
spotify:track:0JZ9lcwFcAscMpy1YxUtpW,"Patience","Illuminate (Deluxe)","Shawn Mendes",2017-04-20,175253,54,false,nicmf,2024-04-12T01:28:50Z,"","Island Records",0.553,0.571,3,-6.345,1,0.2,0.11,0,0.111,0.444,179.819,4
spotify:track:1OpJNP2QNZ78TnewxSVybt,"Level of Concern","Scaled And Icy (Livestream Version)","Twenty One Pilots",2021-11-19,220051,62,false,raphaelfr17,2024-04-12T01:30:28Z,"","Fueled By Ramen",0.754,0.581,4,-7.338,0,0.0433,0.323,0.000168,0.145,0.745,122.012,4
spotify:track:36ux3YuUsGTWPT8fXclS45,"E.T.","Teenage Dream: The Complete Confection","Katy Perry;Kanye West",2012-03-12,229573,73,false,nicmf,2024-04-12T01:32:11Z,"pop,rap","Capitol Records",0.619,0.869,1,-5.257,1,0.182,0.0178,0,0.369,0.757,151.684,4
spotify:track:5eqK0tbzUPo2SoeZsov04s,"Bank Account","Issa Album","21 Savage",2017-07-06,220306,76,true,nicmf,2024-04-12T01:34:55Z,"","Slaughter Gang, LLC/Epic Records",0.884,0.347,8,-8.227,0,0.35,0.015,0.000007,0.0871,0.376,75.016,4
spotify:track:4gbVRS8gloEluzf0GzDOFc,"Maps","V","Maroon 5",2014-09-02,189960,89,false,nicmf,2024-04-12T01:38:36Z,"pop","Interscope Records*",0.742,0.713,1,-5.522,0,0.0303,0.0205,0,0.059,0.879,120.032,4
spotify:track:0wdKiSBUT7aZkXUIdJWcwC,"2 Phones","Islah (Deluxe)","Kevin Gates",2016-01-29,240000,75,true,nicmf,2024-04-12T01:39:14Z,"","Bread Winners' Association/Atlantic",0.895,0.681,7,-5.267,0,0.358,0.157,0,0.189,0.554,121.918,4
spotify:track:5nujrmhLynf4yMoMtj8AQF,"Levitating (feat. DaBaby)","Future Nostalgia","Dua Lipa;DaBaby",2020-03-27,203064,87,false,raphaelfr17,2024-04-12T01:39:49Z,"pop","Warner Records",0.702,0.825,6,-3.787,0,0.0601,0.00883,0,0.0674,0.915,102.977,4
spotify:track:2gwkD6igEhQbDQegRCcdoB,"Suge","Baby On Baby","DaBaby",2019-03-01,163320,72,true,raphaelfr17,2024-04-12T01:41:26Z,"","South Coast Music Group/Interscope Records",0.876,0.662,2,-6.482,0,0.426,0.0608,0,0.127,0.844,75.445,4
spotify:track:4FSTE6R5LByZE0UGM0pqoQ,"Location - Recorded at Spotify Studios NYC","Spotify Singles","AJR",2017-08-11,178794,38,false,nicmf,2024-04-12T01:42:42Z,"","Black Butter",0.566,0.261,10,-8.801,1,0.0375,0.863,0,0.106,0.477,97.595,4
spotify:track:5vdQUAFncALEH9EQvyAqIX,"Forte Forte de Lacoste - Pra Começar o Final de Semana","Forte Forte de Lacoste - Pra Começar o Final de Semana","DJ Jeeh FDC;MC LCKaiique;MC Celo BK;DJ Menezes;DJ Arana;Mc Yoshi",2023-05-29,182769,67,true,nicmf,2024-04-12T01:44:01Z,"funk,funk bruxaria,funk consciente","24por48",0.633,0.699,11,0.41,0,0.557,0.516,0.00000146,0.175,0.762,83.624,3
spotify:track:4nKRZAONxGgcKCMin730Ai,"33 Max Verstappen","33 Max Verstappen","Carte Blanq;Nils Van Zandt;Maxx Power",2023-09-22,170390,71,false,nicmf,2024-04-12T01:47:01Z,"","Spinnin' Records",0.711,0.895,9,-4.942,0,0.107,0.00305,0.0509,0.0832,0.444,128.045,4
spotify:track:0j2T0R9dR9qdJYsB7ciXhf,"Stronger","Graduation","Kanye West",2007-09-11,311866,88,true,nicmf,2024-04-12T01:51:34Z,"rap","Roc-A-Fella",0.617,0.716,1,-7.858,1,0.136,0.0056,0,0.408,0.496,104.014,4
spotify:track:36phXHOKx8rO7CMp2vNX4x,"Love Myself","HAIZ","Hailee Steinfeld",2016-02-26,218773,73,false,nicmf,2024-04-12T01:52:03Z,"","Universal Records",0.617,0.759,0,-6.785,0,0.0678,0.0026,0,0.419,0.324,122.924,4
spotify:track:7xhvCzIguRfyfQyGrnWuVn,"Low Key (feat. Tyga)","Low Key (feat. Tyga)","Ally Brooke;Tyga",2019-01-31,201385,52,false,nicmf,2024-04-12T01:52:52Z,"","Latium/Atlantic",0.79,0.546,6,-5.553,0,0.0383,0.369,0.00000255,0.128,0.748,109.014,4
spotify:track:2yJVeT8cP1zstJxRP7Nlv8,"No Interruption","All American","Hoodie Allen",2012-04-10,215240,62,true,nicmf,2024-04-12T01:54:10Z,"","Hoodie Allen",0.497,0.706,1,-6.455,1,0.0667,0.227,0,0.224,0.55,103,4
spotify:track:11YmUhvzX9My9Ey0gz2kRq,"Misturados - Ao Vivo","Open House (Ao Vivo)","Dilsinho",2020-08-06,209065,44,false,nicmf,2024-04-12T01:55:53Z,"pagode,samba,sertanejo","Sony Music Entertainment",0.528,0.694,2,-7.02,1,0.0379,0.545,0,0.593,0.573,151.994,4
spotify:track:5HFvMPiNjclAq8DbEAPWMw,"Várias Queixas","Várias Queixas","Gilsons",2019,170109,73,false,raphaelfr17,2024-04-12T01:56:02Z,"nova mpb,mpb","Xirê",0.743,0.508,7,-8.024,1,0.0516,0.463,0.000153,0.223,0.256,91.002,4
spotify:track:6Xgq7MvZiet0hVi3KaDSgJ,"Holy (feat. Chance The Rapper)","Justice","Justin Bieber;Chance the Rapper",2021-03-19,212093,71,false,nicmf,2024-04-12T01:57:39Z,"","RBMG/Def Jam",0.67,0.693,6,-8.34,1,0.35,0.2,0,0.0909,0.388,87.017,4
spotify:track:6l0Ky2PycJV1Bz88kFeVGL,"Capital Letters","Fifty Shades Freed (Original Motion Picture Soundtrack)","Hailee Steinfeld;BloodPop®",2018-02-09,219373,75,false,nicmf,2024-04-12T02:03:00Z,"","Republic/Universal/FSF",0.667,0.814,0,-5.529,1,0.0736,0.0337,0.00000827,0.0518,0.463,99.911,4
spotify:track:4877bJ149OUJZHTiU5Jg8P,"País Tropical","Jorge Ben","Jorge Ben Jor",1969-01-20,250666,62,false,nicmf,2024-04-12T02:03:32Z,"mpb,bossa nova,samba,jazz brasileiro","Universal Music Ltda.",0.424,0.799,0,-6,1,0.144,0.492,0,0.408,0.688,82.794,4
spotify:track:57yL3161hUMuw06zzzUCHi,"Doubt","Blurryface","Twenty One Pilots",2015-05-15,191493,83,false,nicmf,2024-04-12T02:05:39Z,"","Fueled By Ramen",0.719,0.645,2,-6.141,0,0.0358,0.121,0.00316,0.362,0.69,123.02,4
spotify:track:0ADG9OgdVTL7fgREP75BrZ,"Ain't My Fault","So Good","Zara Larsson",2017-03-17,224457,78,false,nicmf,2024-04-12T02:07:16Z,"","Epic/Record Company TEN",0.578,0.782,6,-4.825,0,0.0295,0.00778,0,0.286,0.355,141.163,4
spotify:track:0wfbD5rAksdXUzRvMfM3x5,"The One","Memories...Do Not Open","The Chainsmokers",2017-04-07,177573,58,true,nicmf,2024-04-12T02:07:30Z,"","Disruptor Records/Columbia",0.76,0.303,2,-11.362,1,0.0284,0.238,0.00000809,0.294,0.15,99.991,4
spotify:track:6YMPu36VGIknb8Ey1ohW3j,"Loca (feat. Dizzee Rascal)","Sale el Sol","Shakira;Dizzee Rascal",2010-10-19,193160,68,false,nicmf,2024-04-12T02:23:10Z,"pop latino,grime,grime reino unido","Sony Music Latin/Epic",0.8,0.874,4,-3.955,0,0.0667,0.186,0.0000177,0.0877,0.85,112.003,4
spotify:track:1oR4MUBpyNrAViC8wPNpfm,"A Place in this World","Taylor Swift (Deluxe Edition)","Taylor Swift",2006-10-24,199200,55,false,nicmf,2024-04-12T02:25:03Z,"","Taylor Swift",0.576,0.777,9,-2.881,1,0.0324,0.051,0,0.32,0.428,115.028,4
spotify:track:21RCuMVSlblTmyYm2DnPCR,"Tell Me You Love Me","Tell Me You Love Me","Demi Lovato",2017-09-29,236986,66,false,nicmf,2024-04-12T02:25:16Z,"","Island Records",0.539,0.6,6,-5.465,1,0.0448,0.0255,0,0.147,0.259,82.025,4
spotify:track:1HNkqx9Ahdgi1Ixy2xkKkL,"Photograph","x (Deluxe Edition)","Ed Sheeran",2014-06-21,258986,90,false,nicmf,2024-04-12T02:26:07Z,"o lado suave do pop","Atlantic Records UK",0.614,0.379,4,-10.48,1,0.0476,0.607,0.000464,0.0986,0.201,107.989,4
spotify:track:3LlmKSHR3Rs0Y3KHQLAYDk,"Alone","Different World","Alan Walker",2018-12-14,160426,81,false,nicmf,2024-04-12T02:26:40Z,"","Kreatell Music",0.673,0.914,10,-3.962,1,0.0496,0.229,0.000478,0.186,0.183,97.021,4
spotify:track:6WWvcA62QlnRguluWAk6bv,"Jump Then Fall","Fearless (Platinum Edition)","Taylor Swift",2008-11-11,237066,50,false,nicmf,2024-04-12T02:27:22Z,"","Taylor Swift",0.618,0.687,2,-5.737,1,0.0271,0.111,0,0.0693,0.82,79.991,4
spotify:track:2xLMifQCjDGFmkHkpNLD9h,"SICKO MODE","ASTROWORLD","Travis Scott",2018-08-03,312820,88,true,nicmf,2024-04-12T02:34:01Z,"rap","Cactus Jack / Epic",0.834,0.73,8,-3.714,1,0.222,0.00513,0,0.124,0.446,155.008,4
spotify:track:6DCZcSspjsKoFjzjrWoCdn,"God's Plan","Scorpion","Drake",2018-06-29,198973,89,true,raphaelfr17,2024-04-12T21:53:34Z,"rap","Cash Money/Drake LP6",0.754,0.449,7,-9.211,1,0.109,0.0332,0.0000829,0.552,0.357,77.169,4
spotify:track:4DpNNXFMMxQEKl7r0ykkWA,"Play Date","Cry Baby (Deluxe Edition)","Melanie Martinez",2015-08-14,179867,82,true,nicmf,2024-04-13T00:17:07Z,"","Atlantic Records",0.68,0.729,5,-5.077,1,0.0475,0.612,0,0.224,0.446,123.97,4
spotify:track:7mFj0LlWtEJaEigguaWqYh,"Sweetest Pie","Sweetest Pie","Megan Thee Stallion;Dua Lipa",2022-03-11,201334,71,true,nicmf,2024-04-13T00:27:46Z,"pop","300 Entertainment",0.814,0.628,7,-7.178,1,0.221,0.167,0,0.101,0.677,123.977,4
spotify:track:0i0wnv9UoFdZ5MfuFGQzMy,"Last Hurrah","Last Hurrah","Bebe Rexha",2019-02-15,150333,63,false,nicmf,2024-04-13T00:35:45Z,"","Warner Records",0.514,0.618,11,-4.585,0,0.0317,0.175,0,0.117,0.401,84.259,4
spotify:track:2pmtavvgqZN52EePYxutgk,"Your Body","Lotus (Deluxe Version)","Christina Aguilera",2012-11-09,240164,60,false,nicmf,2024-04-13T00:46:22Z,"","RCA Records Label",0.593,0.781,8,-5.291,0,0.0545,0.000724,0,0.225,0.565,103.025,4
spotify:track:7DSAEUvxU8FajXtRloy8M0,"Flowers","Endless Summer Vacation","Miley Cyrus",2023-08-18,200600,90,false,nicmf,2024-04-13T00:51:13Z,"","Columbia",0.706,0.691,0,-4.775,1,0.0633,0.0584,0.0000699,0.0232,0.632,118.048,4
spotify:track:0rTV5WefWd1J3OwIheTzxM,"Talk","Talk","Khalid;Disclosure",2019-02-07,197487,67,false,nicmf,2024-04-13T00:53:09Z,"house","Right Hand Music Group, LLC/RCA Records",0.9,0.4,0,-8.443,1,0.124,0.0501,0,0.0876,0.338,136.001,4
spotify:track:6JpmtdVViFzkmpedNqgDps,"Fluxo Perfeito","Nova Aurora","Strike",2012-07-13,184950,60,false,nicmf,2024-04-13T00:53:55Z,"rock brasileiro,emo","Stereo Lab.",0.698,0.671,9,-5.663,1,0.045,0.238,0,0.11,0.962,88.978,4
spotify:track:7kSHfZ00YKfhv5iQF1rSYH,"Parallel","Happy Mistakes","Heffron Drive",2014-09-09,200360,35,false,nicmf,2024-04-13T00:54:29Z,"","TOLBooth Records, LLC",0.609,0.778,8,-3.697,1,0.0336,0.0809,0,0.154,0.453,132.989,4
spotify:track:4mQtXW0vrHC3oTkA1mQsb0,"Operator (That's Not the Way It Feels)","You Don't Mess Around With Jim","Jim Croce",1972-04-01,229706,76,false,nicmf,2024-04-13T00:55:57Z,"folk rock,cantor e compositor","R2M",0.687,0.533,7,-8.853,1,0.0314,0.573,0.0000643,0.0844,0.814,130.398,4
spotify:track:6NFyWDv5CjfwuzoCkw47Xf,"Delicate","reputation","Taylor Swift",2017-11-10,232253,84,false,raphaelfr17,2024-04-13T00:56:49Z,"","Taylor Swift",0.75,0.404,9,-10.178,0,0.0682,0.216,0.000357,0.0911,0.0499,95.045,4
spotify:track:2wrJq5XKLnmhRXHIAf9xBa,"10,000 Hours (with Justin Bieber)","10,000 Hours (with Justin Bieber)","Dan + Shay;Justin Bieber",2019-10-04,167693,74,false,nicmf,2024-04-13T00:59:49Z,"country","Warner Records Nashville",0.654,0.63,10,-4.644,1,0.0259,0.153,0,0.111,0.43,89.991,4
spotify:track:4Ce37cRWvM1vIGGynKcs22,"Starving","Starving","Hailee Steinfeld;Grey;Zedd",2016-07-22,181880,78,false,nicmf,2024-04-13T01:02:46Z,"edm","Universal Records",0.728,0.616,4,-4.238,1,0.0645,0.378,0,0.105,0.508,99.962,4
spotify:track:2H9CKpZiLDF223BbwehpDF,"Hush Hush; Hush Hush / I Will Survive - Medley","Hush Hush; Hush Hush","The Pussycat Dolls",2009-01-01,252093,68,false,nicmf,2024-04-13T01:05:47Z,"","Pussycat Dolls LP2 / Timbaland",0.613,0.778,10,-3.933,0,0.0689,0.0985,0,0.356,0.626,129.483,4
spotify:track:0aeZzfSoZAcETjba8MCvco,"Tell Me It's Over","Head Above Water","Avril Lavigne",2019-02-15,188573,48,false,nicmf,2024-04-13T01:27:25Z,"","BMG Rights Management (US) LLC",0.55,0.736,9,-4.259,1,0.0302,0.0379,0,0.139,0.295,92.026,3
spotify:track:3lyLqIn8mybyEFTs8JJaLf,"Home","It's Time","Michael Bublé",2005-02-08,226520,69,false,nicmf,2024-04-13T01:56:49Z,"natal","143/Reprise",0.608,0.37,7,-9.207,1,0.0306,0.844,0.0000187,0.112,0.349,127.631,4
spotify:track:0zzVTGyRrWpQu8Fr28NRAv,"OK Not To Be OK","OK Not To Be OK","Marshmello;Demi Lovato",2020-09-10,159862,63,false,nicmf,2024-04-13T03:28:24Z,"edm","Joytime Collective",0.743,0.837,1,-5.025,0,0.0649,0.0172,0,0.0743,0.263,103.072,4
spotify:track:2KKDMISG1JqlIH7NNOzXyE,"Modinha Para Gabriela","Obras-Primas","Gal Costa",1996-01-01,177146,46,false,nicmf,2024-04-13T04:16:33Z,"mpb,bossa nova,jazz brasileiro","Universal Music Ltda.",0.407,0.456,8,-12.83,1,0.0672,0.777,0,0.0992,0.407,166.721,4
spotify:track:2wPL8Vh6lZ0DLaAw1N7Caj,"Finale (Can't Wait To See What You Do Next)","Neotheater","AJR",2019-04-26,277718,41,true,raphaelfr17,2024-04-13T04:44:16Z,"","Black Butter",0.539,0.517,5,-6.999,1,0.0272,0.0956,0,0.111,0.408,82.987,4
spotify:track:6BEsipBeU6dPLowp7kSN6D,"Estado Decadente - Ao Vivo","Por Mais Beijos Ao Vivo","Zé Neto & Cristiano",2020-03-26,160542,40,false,nicmf,2024-04-13T10:26:23Z,"sertanejo,sertanejo universitário,agronejo,arrocha","Som Livre",0.567,0.841,1,-3.66,1,0.0487,0.251,0,0.549,0.558,117.794,4
spotify:track:3XIXklO3e0uWUAUkOR7NLI,"DENTRO DA HILUX","DENTRO DA HILUX","Luan Pereira;MC Ryan SP;Mc Daniel",2023-08-24,163013,2,false,nicmf,2024-04-13T12:43:09Z,"agronejo,sertanejo,sertanejo universitário,piseiro,funk,funk consciente,trap funk","Sua Música",0.729,0.528,6,-6.362,0,0.0929,0.0937,0,0.0881,0.333,129.982,4
spotify:track:7a53HqqArd4b9NF4XAmlbI,"Kings & Queens","Heaven & Hell","Ava Max",2020-09-18,162398,85,false,nicmf,2024-04-13T12:46:30Z,"","Atlantic Records",0.637,0.69,1,-4.057,0,0.0405,0.00786,0,0.124,0.457,129.857,4
spotify:track:6MowG7MRVgPfGlCMsXKMJ2,"Bird Set Free","This Is Acting (Deluxe Version)","Sia",2016-10-21,252440,66,false,nicmf,2024-04-13T13:11:25Z,"","Monkey Puzzle Records/RCA Records",0.438,0.805,5,-4.284,0,0.0728,0.0115,0.000667,0.133,0.31,150.174,4
spotify:track:5EWPGh7jbTNO2wakv8LjUI,"Free Bird","Pronounced' Leh-'Nerd 'Skin-'Nerd","Lynyrd Skynyrd",1973-01-01,547106,85,false,raphaelfr17,2024-04-13T13:11:28Z,"southern rock,rock clássico,rock","Geffen*",0.249,0.834,0,-8.21,1,0.0574,0.0742,0.0000969,0.0924,0.337,118.222,4
spotify:track:31AOj9sFz2gM0O3hMARRBx,"Losing My Religion","Out Of Time (25th Anniversary Edition)","R.E.M.",1991-03-12,268426,92,false,nicmf,2024-04-13T13:42:01Z,"jangle pop,rock alternativo,rock","Concord Records",0.666,0.855,9,-5.051,0,0.0295,0.179,0.0000012,0.0987,0.803,125.639,4
spotify:track:7cgu4JBW3hq1GwTM1ilkKQ,"Talking Body","Queen Of The Clouds","Tove Lo",2014-09-24,238426,85,true,nicmf,2024-04-13T13:42:11Z,"","Universal Music AB",0.736,0.761,4,-5.449,0,0.0338,0.0966,0,0.0823,0.114,119.999,4
spotify:track:5Ojt0J65aGPzRpLgEm270Q,"Casita","Guess It's Just Life","The Astronomers",2021-04-23,152222,47,false,raphaelfr17,2024-04-13T14:34:56Z,"","Woods Ent. Group",0.623,0.656,5,-6.709,1,0.0632,0.392,0.0000626,0.352,0.85,89.91,4
spotify:track:0OI7AFifLSoGzpb8bdBLLV,"Home (with Machine Gun Kelly, X Ambassadors & Bebe Rexha)","Home (with Machine Gun Kelly, X Ambassadors & Bebe Rexha) [From Bright: The Album]","mgk;X Ambassadors;Bebe Rexha",2017-11-18,202804,72,false,nicmf,2024-04-13T14:37:21Z,"","Atlantic Records",0.653,0.718,3,-5.232,0,0.213,0.00413,0,0.0537,0.216,82.034,4
spotify:track:79wvYwZgtfcnCwBI8XIep8,"Always","Only Ticket Home","Gavin James",2018-10-26,247842,61,false,nicmf,2024-04-13T14:54:03Z,"","GS AllPoints",0.567,0.466,4,-6.543,1,0.0298,0.0501,0,0.0969,0.184,123.284,4
spotify:track:7FQROyGCl7oU2dxpZ4jAGG,"OK Overture","OK ORCHESTRA","AJR",2021-03-26,271884,41,true,raphaelfr17,2024-04-14T02:00:29Z,"","Black Butter",0.43,0.454,7,-8.603,0,0.0532,0.264,0.0000161,0.266,0.336,136.951,3
spotify:track:1YcoZcEyuaOnQiZLK0cNta,"half alive","everything means nothing","blackbear",2020-08-21,195109,47,true,nicmf,2024-04-14T02:02:04Z,"","Alamo",0.704,0.785,8,-3.588,1,0.0381,0.0204,0,0.153,0.765,125.077,4
spotify:track:7iee007QypdrTXbLVF5KuF,"Love Generation - Edit","Love Generation (Edit)","Bob Sinclar;Gary Pine",2005-06-20,204105,77,false,nicmf,2024-04-14T02:08:03Z,"house francês,disco house","Yellow Productions",0.723,0.856,1,-3.569,1,0.0673,0.146,0.000155,0.0798,0.553,128.047,4
spotify:track:68EkhVWIeULhHxcbi1QhzK,"World's Smallest Violin","OK ORCHESTRA","AJR",2021-03-26,180742,73,true,nicmf,2024-04-14T02:20:45Z,"","Black Butter",0.68,0.697,5,-7.01,1,0.0484,0.121,0,0.661,0.684,116.033,4
spotify:track:5KiDWqKsU0EfXQJdnWSOn9,"Family Man","H2O","Daryl Hall & John Oates",1982-10-04,204813,54,false,nicmf,2024-04-14T02:42:40Z,"yacht rock,soft rock","RCA/Legacy",0.766,0.651,2,-11.411,0,0.0349,0.467,0.0000771,0.147,0.898,131.487,4
spotify:track:7MFq7ihwl8ZolUaPCc4sKh,"Família","Titãs - iCollection","Titãs",2015-09-04,213266,46,false,nicmf,2024-04-14T02:43:07Z,"rock brasileiro,mpb,pop nacional","WM Brazil",0.798,0.651,2,-11.015,1,0.0772,0.0531,0.00159,0.0669,0.964,94.963,4
spotify:track:1ofZ9Z1vtapD3BW6nJqjvj,"Shadow","The Secret","Austin Mahone",2014,228449,0,false,nicmf,2024-04-14T03:17:13Z,"","BMG Rights Management (US) LLC",0.587,0.367,11,-7.485,0,0.0275,0.81,0,0.209,0.37,76.946,4
spotify:track:1gs1wX1reGRMb775gtQNCs,"I Don't Wanna See You with Her","I Don't Wanna See You with Her","Maria Mena",2015-11-06,220781,42,false,nicmf,2024-04-14T03:53:16Z,"pop norueguês","Columbia",0.562,0.517,8,-6.319,1,0.0314,0.0987,0,0.125,0.157,141.819,4
spotify:track:0RUTnY2B3s05fZuCHsNaUP,"Alien","Alien","Sabrina Carpenter;Jonas Blue",2018-03-16,174840,53,false,nicmf,2024-04-14T04:03:34Z,"pop,tropical house","Hollywood Records",0.72,0.659,10,-4.727,0,0.0403,0.0588,0,0.0662,0.567,105.955,4
spotify:track:1i6t2thFiFi07sER7X6rJw,"Stranger","This is","SVEA",2019-02-01,191520,21,false,nicmf,2024-04-14T04:04:03Z,"pop sueco","Universal Music AB",0.77,0.516,10,-5.706,1,0.041,0.49,0,0.119,0.485,125.074,4
spotify:track:2Ov6faSCGlnn4tbbZQYAJQ,"Walls","Walls","Louis Tomlinson",2020-01-31,230533,53,false,nicmf,2024-04-14T04:40:53Z,"","Syco Music",0.433,0.671,11,-5.549,1,0.028,0.0196,0,0.138,0.179,88.987,4
spotify:track:5mIqtDBiw3rqMxsJc4UVM6,"TKO","The 20/20 Experience - 2 of 2 (Deluxe)","Justin Timberlake",2013-09-27,424155,57,true,nicmf,2024-04-14T04:41:37Z,"","RCA Records Label",0.611,0.678,3,-6.723,0,0.243,0.00701,0.00000843,0.431,0.493,137.864,4
spotify:track:3JhvYnOfKLJuWC7jEU0GmJ,"You're Not Sorry","Fearless (Platinum Edition)","Taylor Swift",2008-11-11,261800,49,false,nicmf,2024-04-14T04:42:51Z,"","Taylor Swift",0.459,0.459,6,-4.126,1,0.0275,0.13,0.0000023,0.113,0.281,134.018,4
spotify:track:0yvPEnB032fojLfVluFjUv,"Sorry Not Sorry","Tell Me You Love Me","Demi Lovato",2017-09-29,203760,78,true,raphaelfr17,2024-04-14T04:43:05Z,"","Island Records",0.705,0.643,11,-6.929,0,0.232,0.0242,0,0.262,0.884,143.944,4
spotify:track:1oz3gEoNWHAS3pjwThdSJb,"Fake","Fake","Lauv;Conan Gray",2020-10-13,146375,58,true,nicmf,2024-04-14T04:43:13Z,"","Lauv",0.703,0.656,6,-5.363,0,0.078,0.139,0,0.0947,0.455,82.964,4
spotify:track:5a008ecFPEypprh1yOg1bM,"Vamos Fugir","#1 Hits","Skank",2013-01-28,240133,60,false,raphaelfr17,2024-04-14T04:44:22Z,"rock brasileiro,mpb,pop nacional,pop rock","Sony BMG Music Entertainment",0.604,0.752,6,-5.625,0,0.0352,0.22,0,0.112,0.756,135.943,4
spotify:track:4dASQiO1Eoo3RJvt74FtXB,"Sucker for Pain (with Wiz Khalifa, Imagine Dragons, Logic & Ty Dolla $ign feat. X Ambassadors)","Sucker for Pain (with Logic & Ty Dolla $ign feat. X Ambassadors)","Lil Wayne;Wiz Khalifa;Imagine Dragons;X Ambassadors;Logic;Ty Dolla $ign",2016-06-24,243490,80,true,nicmf,2024-04-14T05:08:08Z,"rap,hip hop,trap soul","Atlantic Records",0.502,0.786,9,-4.378,0,0.317,0.255,0,0.65,0.739,169.021,4
spotify:track:5lMgUPtlARalVIGxl0xE3J,"FOOLS","Blue Neighbourhood (Deluxe)","Troye Sivan",2015-12-09,220402,3,true,nicmf,2024-04-14T05:11:25Z,"","EMI Recorded Music Australia Pty Ltd",0.292,0.679,10,-5.595,1,0.0725,0.196,0,0.146,0.356,87.475,4
spotify:track:6MWoRt97mnSTXZhu3ggi9C,"hoax","folklore","Taylor Swift",2020-07-24,220042,68,false,nicmf,2024-04-14T05:18:45Z,"","Taylor Swift",0.662,0.181,8,-15.065,1,0.0415,0.966,0.00000386,0.133,0.429,118.819,4
spotify:track:3ZKmx9uutwt9eJyn3OeV8l,"Escreve Aí","Escreve Aí - Single","Luan Santana",2015-03-16,238275,59,false,nicmf,2024-04-14T05:25:37Z,"sertanejo,sertanejo universitário,arrocha","Som Livre",0.389,0.474,0,-8.939,1,0.0405,0.85,0,0.6,0.296,151.631,4
spotify:track:1PAgmT6YqGhd6zT9kN9gIo,"Hero","Escape","Enrique Iglesias",2001-01-01,264240,73,false,nicmf,2024-04-14T05:44:05Z,"pop latino,latino","Interscope",0.345,0.641,7,-5.627,1,0.0503,0.136,0.0000084,0.108,0.159,77.282,4
spotify:track:3ap3FsiJGIMlXpPpk7e5vQ,"Would You Call That Love","Meaning of Life","Kelly Clarkson",2017-10-27,178213,39,false,nicmf,2024-04-14T05:45:16Z,"natal","Atlantic Records",0.707,0.747,5,-4.697,0,0.0266,0.068,0,0.109,0.751,99.948,4
spotify:track:7AD7hNwGOOSRe33QtnyprD,"País do Futebol","País do Futebol","MC Guimê;Emicida",2013-03-11,149002,60,false,raphaelfr17,2024-04-14T07:15:32Z,"sertanejo,sertanejo universitário,hip hop brasileiro,nova mpb","Maximo",0.794,0.907,11,-2.648,0,0.207,0.439,0,0.411,0.805,129.955,4
spotify:track:2srL4DYBekshpbprS6H0mO,"Deixe Me Ir - Acústico","Deixe Me Ir (Acústico)","1Kilo;Knust;Baviera",2017-03-17,213191,3,false,nicmf,2024-04-14T08:15:00Z,"hip hop brasileiro","1Kilo Rec",0.555,0.439,7,-11.026,1,0.222,0.841,0,0.106,0.705,186.581,4
spotify:track:623rRTKwGmgjH6sjE9uWLh,"Scatman (ski-ba-bop-ba-dop-bop)","Scatman's World","Scatman John",1995-06-01,215973,77,false,raphaelfr17,2024-04-14T08:44:11Z,"eurodance","Iceberg Records",0.65,0.82,5,-10.9,0,0.0356,0.0662,0.00272,0.215,0.757,135.982,4
spotify:track:6GzApXoBQiiAjak3tOQfV3,"Lie To Me (feat. Julia Michaels)","Lie To Me (feat. Julia Michaels)","5 Seconds of Summer;Julia Michaels",2018-12-21,149877,61,false,nicmf,2024-04-14T08:50:58Z,"","Capitol",0.612,0.52,0,-5.445,1,0.0346,0.0132,0,0.105,0.772,159.932,4
spotify:track:494TsJJHOR68bKVgDbTtPu,"Find You","Rival","Ruelle",2017-06-30,273090,47,false,nicmf,2024-04-14T08:51:15Z,"","Craft Recordings",0.163,0.312,4,-9.027,0,0.0301,0.925,0.000133,0.0982,0.134,181.082,3
spotify:track:7CUPfpfuPwjicclWi4qKH4,"Alone","The Best Damn Thing (Expanded Edition)","Avril Lavigne",2007-04-17,193720,47,false,nicmf,2024-04-14T22:09:02Z,"","RCA Records Label",0.412,0.973,9,-3.368,0,0.121,0.00546,0,0.314,0.276,171.856,4
spotify:track:5dIHz7uwQr2fO1RGnFiODG,"Words","A Piece of Me","Jacob Whitesides",2015-06-02,214432,27,false,nicmf,2024-04-14T22:10:25Z,"","BMG Rights Management (US) LLC",0.581,0.468,3,-9.281,1,0.0273,0.211,0,0.112,0.326,132.082,4
spotify:track:3gFaNwyiafgUoQhR0pHYA9,"Change","Fearless (Platinum Edition)","Taylor Swift",2008-11-11,281053,47,false,nicmf,2024-04-14T22:11:03Z,"","Taylor Swift",0.548,0.756,5,-4.175,1,0.036,0.00471,0,0.117,0.224,96.038,4
spotify:track:1cc0kyZrheNxOYPn3VoVEH,"Na Sua Estante","Anacrônico","Pitty",2005-08-08,222040,64,false,raphaelfr17,2024-04-14T22:17:15Z,"rock brasileiro,mpb,pop nacional","Deckdisc",0.564,0.499,11,-8.886,0,0.0254,0.0195,0,0.298,0.364,106.052,4
spotify:track:1mK0h1pbfvB0QWhfhQLfcM,"Don't Worry Baby (Re-Recorded)","A Picture of Me - Greatest Hits & More","Lorrie Morgan",2016-03-18,204116,23,false,nicmf,2024-04-14T22:19:13Z,"country clássico,country","Goldenlane Records",0.513,0.496,10,-8.673,1,0.0282,0.166,0,0.301,0.7,114.87,4
spotify:track:31QRCKy7JIwPBaQl9ArGBz,"Who's Laughing Now","Who You Are (Platinum Edition)","Jessie J",2011-01-01,234880,53,false,nicmf,2024-04-14T22:20:58Z,"","Lava Music/Republic Records",0.785,0.841,1,-4.041,1,0.189,0.00453,0.0000297,0.104,0.482,100.034,4
spotify:track:3GJ4hzg4lrGwU51Y3VARbF,"Speechless","Dan + Shay","Dan + Shay",2018-06-22,213386,72,false,nicmf,2024-04-14T22:24:09Z,"country","Warner Records",0.616,0.438,1,-5.968,1,0.0298,0.356,0,0.24,0.386,135.929,4
spotify:track:1rCcsYnmqbMYdkG7kS9GC5,"Speechless (feat. Erika Sirola)","Speechless (feat. Erika Sirola)","Robin Schulz;Erika Sirola",2018-11-16,214941,63,false,raphaelfr17,2024-04-14T22:24:43Z,"tropical house","WM Germany",0.574,0.728,1,-4.777,1,0.062,0.0161,0.00000142,0.0851,0.266,125.047,4
spotify:track:31YvKHxIoo9KoMFBuEJy06,"Adventure Is Out There","OK ORCHESTRA","AJR",2021-03-26,211103,41,false,raphaelfr17,2024-04-14T22:29:29Z,"","Black Butter",0.58,0.537,8,-8.855,1,0.0528,0.083,0.00000983,0.149,0.616,161.896,4
spotify:track:697gwO5YoSGVAnlfREIZll,"Tenho Que Me Decidir","O Cara Do Momento","MC PH;Borges;WIU;Pedro Lotto;WEY",2023-11-29,232258,68,true,nicmf,2024-04-15T23:20:03Z,"funk,trap funk,funk consciente,trap brasileiro,trap,hip hop brasileiro","GR6 Music",0.795,0.603,1,-6.703,1,0.0775,0.392,0,0.118,0.753,124.109,4
spotify:track:2RzJwBCXsS1VnjDm2jKKAa,"I Believe I Can Fly","R.","R. Kelly",1998-11-08,320666,66,false,nicmf,2024-04-16T22:38:01Z,"r&b","Jive",0.55,0.444,7,-7.588,1,0.0292,0.241,0,0.187,0.0438,120.179,4
spotify:track:4uoRsea1v7ONQygWEOl4nV,"I believe","Persona 5 Royal: Original Soundtrack","Lyn",2022-02-22,270979,60,false,raphaelfr17,2024-04-16T22:39:15Z,"vgm japonesa","株式会社アトラス",0.639,0.8,11,-5.802,0,0.0309,0.0569,0.00000852,0.0454,0.523,132.004,4
spotify:track:2G1tXoGBaEMJ7FKGnkf6ud,"Wake Up in the Sky","Evil Genius","Gucci Mane;Bruno Mars;Kodak Black",2018-12-07,203161,84,true,nicmf,2024-04-16T22:43:00Z,"southern hip hop,rap,trap","Guwop Enterprises/Atlantic",0.8,0.578,4,-5.144,0,0.0485,0.00381,0,0.367,0.367,143.01,4
spotify:track:2Gyc6e2cLxA5hoX1NOvYnU,"Say It","I Told You","Tory Lanez",2016-08-19,237786,83,true,nicmf,2024-04-16T22:44:49Z,"","Benny Blanco Major",0.546,0.529,11,-10.511,0,0.0583,0.0869,0.00000637,0.124,0.248,107.333,4
spotify:track:2bDc2CMq7MMAURwnMJverx,"Felicidade","Musica para Churrasco, Vol. 2","Seu Jorge",2015-03-31,267413,2,false,nicmf,2024-04-17T15:58:17Z,"mpb,samba,pagode","Seu Jorge",0.549,0.81,2,-6.425,1,0.0398,0.342,0,0.203,0.806,113.819,4
spotify:track:7795WJLVKJoAyVoOtCWqXN,"I'm Not The Only One","In The Lonely Hour","Sam Smith",2014-05-26,239316,88,false,nicmf,2024-04-17T16:01:42Z,"o lado suave do pop","PLG - Capitol",0.678,0.484,5,-5.795,1,0.0361,0.529,0.0000201,0.0766,0.493,82.004,4
spotify:track:0pUVeEgZuNyFzIMKp67RbS,"Eyes Without A Face","Rebel Yell","Billy Idol",1983-11-01,299240,90,false,nicmf,2024-04-17T16:08:22Z,"","CAPITOL CATALOG MKT (C92)",0.54,0.816,9,-6.197,1,0.0421,0.0177,0.00226,0.276,0.658,85.563,4
spotify:track:5d8Wq39QLT6OQWsY9paz5n,"Zombie","Disobey","Bad Wolves",2018-05-11,254805,80,false,nicmf,2024-04-17T16:10:08Z,"metal","Endurance Music Group",0.449,0.826,2,-3.244,0,0.0316,0.00765,0,0.117,0.19,77.079,4
spotify:track:7nBoZVjzmrX8vh3nO3B5JK,"Every High Comes Down","Every High Comes Down","The Astronomers",2024-01-12,166615,0,false,raphaelfr17,2024-04-17T16:54:28Z,"","The Astronomers (Futures)",0.681,0.39,9,-9.964,0,0.072,0.338,0,0.0816,0.451,129.726,4
spotify:track:1pXlXUusMGKhaHhOL20hKZ,"Marcas do Que Se Foi","Focus - O Essencial de Os Incríveis","Os Incríveis",1999-08-22,174333,36,false,nicmf,2024-04-17T17:02:22Z,"brega","RCA Records Label",0.591,0.518,0,-9.287,1,0.028,0.299,0,0.0901,0.613,125.381,4
spotify:track:6AYVcU5t08isfIf9Km82mi,"Jet Lag (feat. Marie-Mai)","Get Your Heart On! (Deluxe Edition)","Simple Plan;Marie-Mai",2011-06-14,203364,53,false,nicmf,2024-04-17T17:41:26Z,"pop punk,punk,emo,chanson de quebec,pop de quebec,rock de quebec,chanson","Atlantic Records",0.522,0.95,11,-3.176,1,0.0747,0.0258,0,0.137,0.706,144.99,4
spotify:track:0tJ6SKp4rGYzthTYYkVbJJ,"Flores (feat. Marisa Monte) - Ao Vivo","Acústico MTV","Titãs;Marisa Monte",1997-09-22,215440,43,false,nicmf,2024-04-17T18:52:20Z,"rock brasileiro,mpb,pop nacional,nova mpb","WM Brazil",0.464,0.774,2,-8.51,1,0.0548,0.487,0.00028,0.992,0.842,151.835,4
spotify:track:5p3LIyy38s0QQNoSTwbZXX,"AmarElo (Sample: Sujeito de Sorte - Belchior)","AmarElo","Emicida;Majur;Pabllo Vittar",2019-10-30,320800,58,false,nicmf,2024-04-17T18:54:41Z,"hip hop brasileiro,nova mpb,axé,pop nacional,funk pop,tecnobrega","Sony Music Entertainment",0.552,0.762,8,-6.367,1,0.361,0.0384,0.00000863,0.0239,0.512,172.086,4
spotify:track:1gAPybZsQhhr7L8WgDneyj,"All I Need","All I Need","Slushii",2020-09-25,225750,60,false,raphaelfr17,2024-04-18T11:49:27Z,"future bass","Monstercat",0.82,0.948,4,-3.154,1,0.092,0.00374,0.943,0.068,0.551,123.991,4
spotify:track:0nLiqZ6A27jJri2VCalIUs,"Nothing Else Matters","Metallica","Metallica",1991-08-12,388266,15,false,raphaelfr17,2024-04-18T11:49:42Z,"metal,thrash metal,rock,heavy metal,hard rock","Blackened Recordings / Universal Music",0.553,0.362,4,-11.218,0,0.0263,0.0458,0.00000601,0.075,0.158,142.352,3
spotify:track:6ZANrVuAMp2rpjhfbOuJly,"Same Old Love","Revival (Deluxe)","Selena Gomez",2015-10-09,229080,76,false,nicmf,2024-04-18T14:57:27Z,"","Selena Gomez PS",0.672,0.593,11,-4.01,0,0.0304,0.0223,0,0.214,0.438,98.02,4
spotify:track:1fidCEsYlaVE3pHwKCvpFZ,"Am I Wrong","Black Star Elephant","Nico & Vinz",2014,245866,85,false,nicmf,2024-04-18T15:05:10Z,"","Warner Records",0.729,0.675,8,-6.003,1,0.0312,0.175,0.00000158,0.55,0.779,119.968,4
spotify:track:0EF1EE8zusg3Y869e56JFd,"Nothing's New","Good God!","Rio Romeo",2022-09-23,211000,70,false,nicmf,2024-04-18T15:13:36Z,"","FRTYFVE",0.421,0.394,11,-8.312,1,0.0277,0.863,0.00000474,0.0984,0.399,96.192,3
spotify:track:7AdPEnSMa769JuI3JJKfa3,"Girls Are Always Right","G.R.L.","G.R.L.",2014-07-29,216693,33,false,nicmf,2024-04-18T15:14:55Z,"","Kemosabe Records/RCA Records",0.622,0.71,9,-4.679,0,0.0509,0.0247,0,0.219,0.578,97.027,4
spotify:track:0cqRj7pUJDkTCEsJkx8snD,"Shake It Off","1989 (Deluxe)","Taylor Swift",2014-01-01,219200,87,false,nicmf,2024-04-18T15:18:13Z,"","Taylor Swift",0.647,0.8,7,-5.384,1,0.165,0.0647,0,0.334,0.942,160.078,4
spotify:track:1vvNmPOiUuyCbgWmtc6yfm,"My Way","My Way","Calvin Harris",2016-09-16,219159,79,false,nicmf,2024-04-18T15:19:37Z,"edm","Columbia",0.818,0.913,4,-3.06,0,0.0426,0.093,0.0000369,0.161,0.536,119.986,4
spotify:track:4pryE6cN2gFL1FVF5fYINl,"Leave The Door Open","An Evening With Silk Sonic","Bruno Mars;Anderson .Paak;Silk Sonic",2021-11-12,242096,75,false,raphaelfr17,2024-04-18T15:21:09Z,"","Aftermath Entertainment/Atlantic",0.586,0.616,5,-7.964,1,0.0324,0.182,0,0.0927,0.719,148.088,4
spotify:track:2ekn2ttSfGqwhhate0LSR0,"New Rules","Dua Lipa (Deluxe)","Dua Lipa",2017-06-02,209320,80,false,nicmf,2024-04-18T15:21:58Z,"pop","Warner Records",0.762,0.7,9,-6.021,0,0.0694,0.00261,0.0000156,0.153,0.608,116.073,4
spotify:track:2IjyFRCRn8x1bEquOM3vxg,"Purpose","Purpose (Deluxe)","Justin Bieber",2015-11-13,210160,67,false,nicmf,2024-04-18T15:22:13Z,"","RBMG/Def Jam",0.481,0.285,0,-10.848,1,0.0424,0.9,0,0.123,0.316,130.021,4
spotify:track:74HIWeqpEhpGumPhIbQhqr,"Porta aberta","Porta Aberta","Luka",2003,222280,61,false,nicmf,2024-04-18T15:23:42Z,"pop nacional","WM Brazil",0.753,0.695,7,-6.896,1,0.0377,0.125,0,0.16,0.415,99.986,4
spotify:track:514rhnksEwHUh6LxXsQ4Y9,"Back To You","13 Reasons Why (Season 2)","Selena Gomez",2018-05-18,210240,70,false,nicmf,2024-04-18T15:27:34Z,"","UMGRI Interscope",0.6,0.683,6,-6.271,1,0.049,0.097,0.00000135,0.11,0.489,102.036,4
spotify:track:5l6GqSxplqnZbLg0LTPQeG,"Back To December","Speak Now","Taylor Swift",2010-10-25,293040,69,false,raphaelfr17,2024-04-18T15:27:56Z,"","Taylor Swift",0.517,0.606,2,-5.797,1,0.0289,0.0202,0,0.324,0.296,141.929,4
spotify:track:1CDVadnneswMxi6gBqJTtC,"Legend","Trench","Twenty One Pilots",2018-10-05,172560,62,false,nicmf,2024-04-18T15:32:37Z,"","Fueled By Ramen",0.716,0.575,0,-6.209,1,0.0368,0.0948,0.000257,0.0829,0.797,85.937,4
spotify:track:2d7fRuDlFZfKIoSuf8bhGv,"3","The Essential Britney Spears","Britney Spears",2014-07-29,205533,60,false,nicmf,2024-04-18T15:36:04Z,"pop","Jive/Legacy",0.701,0.72,5,-1.948,0,0.0475,0.0518,0,0.199,0.761,134.962,4
spotify:track:6RtPijgfPKROxEzTHNRiDp,"Rude","Don't Kill the Magic","MAGIC!",2014-06-25,224849,90,false,nicmf,2024-04-18T15:36:27Z,"","Latium Records/RCA Records",0.773,0.758,1,-4.993,1,0.0381,0.0422,0,0.305,0.925,144.033,4
spotify:track:7MFYyeIFUMaY40uFoibJwa,"Three Is A Magic Number","Multiplication Rock (Original Soundtrack Recording)","Bob Dorough",1973-09-09,196933,40,false,raphaelfr17,2024-04-18T15:36:38Z,"vocal jazz","CAPITOL CATALOG MKT (C92)",0.616,0.347,4,-13.521,1,0.128,0.362,0,0.0971,0.276,108.18,4
spotify:track:1de5qtvROLxLtMAQrmZjev,"De Janeiro a Janeiro","Varrendo a Lua","Roberta Campos;Nando Reis",2010-06-01,190960,64,false,nicmf,2024-04-18T15:40:37Z,"mpb,nova mpb,pop nacional,rock brasileiro","Deckdisc",0.483,0.386,9,-10.062,1,0.0285,0.736,0,0.115,0.483,80.074,4
spotify:track:59EfTv7szdIRttQudJjwj8,"The Joker And The Queen (feat. Taylor Swift)","= (Tour Edition)","Ed Sheeran;Taylor Swift",2022-05-27,185422,28,false,nicmf,2024-04-18T15:46:41Z,"o lado suave do pop","Atlantic Records UK",0.528,0.309,0,-7.398,1,0.0329,0.924,0.0000021,0.282,0.307,133.83,4
spotify:track:664gdARxaClFsoF5SXKOws,"Here","Know-It-All (Deluxe)","Alessia Cara",2016-03-11,199453,75,false,nicmf,2024-04-18T15:47:12Z,"","EP Entertainment, LLC / Def Jam",0.376,0.822,0,-3.974,1,0.104,0.0783,0,0.0841,0.327,120.498,4
spotify:track:73YUReisjb3A9ActdLLjJQ,"happiness","evermore","Taylor Swift",2020-12-11,315146,67,true,nicmf,2024-04-18T15:47:39Z,"","Taylor Swift",0.559,0.334,11,-10.733,1,0.0376,0.87,0,0.114,0.211,122.079,4
spotify:track:7BqHUALzNBTanL6OvsqmC1,"Happier","Happier","Marshmello;Bastille",2018-08-17,214289,88,false,raphaelfr17,2024-04-18T15:47:39Z,"edm","Joytime Collective",0.687,0.792,5,-2.749,1,0.0452,0.191,0,0.167,0.671,100.011,4
spotify:track:40YcuQysJ0KlGQTeGUosTC,"Me, Myself & I","When It's Dark Out","G-Eazy;Bebe Rexha",2015-12-04,251465,86,true,raphaelfr17,2024-04-18T15:50:58Z,"","BPG/RVG/RCA Records",0.756,0.674,0,-6.518,0,0.0959,0.0184,0,0.158,0.389,111.995,4
spotify:track:2WeaAAKJEDbm5gVr7geHaY,"Serra Do Luar / Música Incidental: Coração Tranquilo - Medley","Outras Caras","Leila Pinheiro;Walter Franco",1991-04-23,252773,36,false,nicmf,2024-04-18T16:10:57Z,"bossa nova,mpb,jazz brasileiro","Universal Music Ltda.",0.551,0.301,9,-11.873,0,0.0304,0.353,0,0.105,0.227,156.844,4
spotify:track:1DhRbox3xkceP64k3JeYfW,"Antisocial (with Travis Scott)","No.6 Collaborations Project","Ed Sheeran;Travis Scott",2019-07-12,161746,63,false,nicmf,2024-04-18T16:17:51Z,"o lado suave do pop,rap","Atlantic Records UK",0.716,0.823,5,-5.313,0,0.0495,0.132,0,0.361,0.91,151.957,4
spotify:track:2MOq63fxuFLYQM3CsDcFs1,"menina solta","menina solta","GIULIA BE",2019-08-23,150026,66,false,nicmf,2024-04-18T18:08:45Z,"pop nacional","WM Brazil",0.632,0.559,11,-6.74,0,0.0794,0.331,0,0.16,0.674,91.81,4
spotify:track:5TMLavqGRKNxgzMBrVpC9R,"Mon Amour - Remix","Mon Amour (Remix)","zzoilo;Aitana",2021-08-18,179940,83,false,raphaelfr17,2024-04-18T21:09:53Z,"pop latino","Universal Music Spain S.L.",0.748,0.761,2,-6.621,1,0.102,0.122,0.00000656,0.0984,0.362,116.041,4
spotify:track:4U45aEWtQhrm8A5mxPaFZ7,"Vienna","The Stranger (Legacy Edition)","Billy Joel",1977,214240,87,false,nicmf,2024-04-18T21:26:55Z,"soft rock","Columbia/Legacy",0.532,0.495,10,-6.662,1,0.0343,0.659,0,0.0754,0.308,124.936,4
spotify:track:7GaYIvfHmA3BK0CPWsVM6R,"O Cara Errado","WS Mais Uma Vez","Wesley Safadão",2018-09-12,154784,28,false,nicmf,2024-04-20T21:52:13Z,"forró,sertanejo,piseiro,arrocha,sertanejo universitário,brega,seresta","Wesley Safadao",0.788,0.882,8,-3.402,1,0.0344,0.0527,0,0.71,0.857,129.965,3
spotify:track:2NttzQ2kuVFFmEa8q4rsbu,"Lost on You","Lost On You","LP",2016-12-19,267461,81,false,nicmf,2024-04-20T23:38:43Z,"","BMG Rights Management (US) LLC",0.433,0.725,5,-6.326,0,0.0358,0.102,0,0.0979,0.669,173.993,4
spotify:track:3XVozq1aeqsJwpXrEZrDJ9,"Ice Ice Baby","Vanilla Ice Is Back! - Hip Hop Classics","Vanilla Ice",2008-11-04,254466,76,false,nicmf,2024-04-20T23:54:05Z,"","X-Ray Records",0.979,0.792,2,-2.784,1,0.0388,0.0025,0.00000771,0.102,0.583,116.012,4
spotify:track:1I8tHoNBFTuoJAlh4hfVVE,"Firestone","Cloud Nine","Kygo;Conrad Sewell",2016-05-13,271634,84,false,nicmf,2024-04-21T00:22:37Z,"tropical house","Kygo",0.704,0.634,11,-7.374,0,0.0428,0.393,0.0000317,0.0952,0.411,113.927,4
spotify:track:3YQlGFWZGltxXw7hsKxz8C,"Hole in the Bottom of My Brain","The Maybe Man","AJR",2023-11-10,187893,52,false,nicmf,2024-04-21T00:24:39Z,"","Mercury Records / Republic Records",0.748,0.602,4,-6.337,1,0.0505,0.0502,0,0.361,0.641,124.04,4
spotify:track:2ADJf0vj44ftdF8Y2FsXpw,"Eu Vim De Santos Sou Charlie Brown","Tamo Ai Na Atividade","Charlie Brown Jr.",2004-01-01,246333,51,false,raphaelfr17,2024-04-21T03:19:51Z,"rock brasileiro,mpb,pop nacional","EMI Brazil",0.772,0.73,1,-6.524,1,0.132,0.147,0,0.0676,0.455,91.997,4
spotify:track:5lDbFKkbwxrEeFbmAcqNKA,"Maybe","The Best Of Latvia","Brainstorm",2003-01-01,240280,0,false,nicmf,2024-04-22T17:41:03Z,"","Mikrofona Ieraksti",0.659,0.726,11,-6.644,0,0.0411,0.144,0.0183,0.0593,0.888,78.05,4
spotify:track:1kdWw77ZpYOkhxeuhzU1j6,"it’s time to go - bonus track","evermore (deluxe version)","Taylor Swift",2021-01-07,254640,68,false,nicmf,2024-04-22T18:00:09Z,"","TS/Republic",0.592,0.41,0,-12.426,1,0.0397,0.801,0.0000139,0.09,0.416,151.923,4
spotify:track:2K22nUTdyr48JDwI5t906t,"Relax (Come Fighting)","Welcome To The Pleasuredome","Frankie Goes To Hollywood",1984-10-20,236800,75,false,nicmf,2024-04-22T18:46:38Z,"synthpop,hi-nrg","ZTT Records",0.676,0.693,11,-13.396,0,0.0394,0.327,0.0000108,0.0462,0.688,114.934,4
spotify:track:3aQz0z86zrKjd1mcZlonxE,"Infinity 2008 - Klaas Vocal Edit","Infinity 2008","Guru Josh Project;Klaas",2008-05-07,192294,82,false,raphaelfr17,2024-04-22T18:47:53Z,"música clássica eletrônica,slap house","BigCityBeats Recordings",0.498,0.862,7,-6.02,0,0.0588,0.000313,0.00918,0.352,0.469,128.036,4
spotify:track:79XrkTOfV1AqySNjVlygpW,"Energy","If You're Reading This It's Too Late","Drake",2015-02-12,181933,74,true,nicmf,2024-04-22T21:29:19Z,"rap","Cash Money Records/Young Money Ent./Universal Rec.",0.747,0.571,11,-7.916,1,0.478,0.38,0,0.534,0.553,172.104,4
spotify:track:5AnCLGg35ziFOloEnXK4uu,"Adore You","Bangerz (Deluxe Version)","Miley Cyrus",2013-10-04,278757,82,false,nicmf,2024-04-22T21:30:26Z,"","RCA Records Label",0.583,0.655,0,-5.407,1,0.0315,0.111,0.00000357,0.113,0.201,119.759,4
spotify:track:3jjujdWJ72nww5eGnfs2E7,"Adore You","Fine Line","Harry Styles",2019-12-13,207139,88,false,nicmf,2024-04-22T21:30:31Z,"","Columbia",0.676,0.771,8,-3.675,1,0.0483,0.0237,0.000007,0.102,0.569,99.048,4
spotify:track:3ZdJffjzJWFimSQyxgGIxN,"Just A Dream","5.0","Nelly",2010-11-12,237800,83,false,nicmf,2024-04-22T21:35:20Z,"","Motown",0.528,0.753,1,-6.162,1,0.0307,0.0424,0,0.12,0.103,89.954,4
spotify:track:1TXRqJXTzVrQMHJXTVChPn,"Quer Brincar Na Neve?","Frozen: Uma Aventura Congelante (Trilha Sonora Original)","Hannah Zeitoune;Gabi Guimaraes;Gabi Porto",2013-01-01,209066,59,false,nicmf,2024-04-22T22:08:35Z,"canção de ninar","Walt Disney Records",0.403,0.0882,0,-18.151,0,0.0502,0.938,0.00182,0.143,0.157,116.802,5
spotify:track:2biG396b4oY4gHJJRtjUIo,"Tranquila","La Familia","J Balvin",2013-09-29,199933,65,false,nicmf,2024-04-22T22:11:28Z,"reggaeton,latino","Universal Music Mexico",0.718,0.679,4,-6.217,0,0.197,0.0298,0,0.126,0.669,175.973,4
spotify:track:56nmnMzaT44l8RmzPLkpdJ,"Home","Up from Below","Edward Sharpe & The Magnetic Zeros",2009-07-14,303200,0,false,raphaelfr17,2024-04-22T23:00:51Z,"","Vagrant Records",0.542,0.589,2,-6.623,1,0.0318,0.292,0.000522,0.177,0.137,111.665,4
spotify:track:6cbZb9mVAc5s8HtwklLoI0,"Cheguei","A danada sou eu","LUDMILLA",2016-10-21,174056,56,false,raphaelfr17,2024-04-22T23:29:43Z,"pagode,pop nacional,funk pop,funk,pagode baiano,funk carioca,samba","WM Brazil",0.867,0.862,6,-3.578,0,0.0854,0.0814,0,0.0488,0.937,130.062,4
spotify:track:1qD6F4egXG4T8niy2nBi8U,"Maluco beleza","Maluco Beleza","Raul Seixas",1990,204666,70,false,nicmf,2024-04-23T01:18:07Z,"rock brasileiro,mpb,pop nacional","WM Brazil",0.242,0.511,0,-12,1,0.0666,0.411,0,0.58,0.552,181.657,4
spotify:track:5tghCofVIlv3FRf8plpCLi,"The Dumb Song","The Maybe Man","AJR",2023-11-10,225946,53,true,raphaelfr17,2024-04-23T01:52:59Z,"","Mercury Records / Republic Records",0.502,0.725,0,-4.214,1,0.0488,0.0507,0.00000281,0.37,0.757,170.826,4
spotify:track:1KduF4t7FmMPKbu8U5GvsI,"Treat Myself","Treat Myself","Victoria Justice",2020-12-11,162418,40,true,nicmf,2024-04-23T01:53:36Z,"","Victoria Justice",0.794,0.473,4,-5.7,0,0.0482,0.456,0,0.0757,0.333,121.909,4
spotify:track:2fB5YRuD88drKpCXQOAk03,"Love On","Love On","Selena Gomez",2024-02-22,181650,60,false,nicmf,2024-04-23T02:17:21Z,"","Interscope Records",0.751,0.519,0,-6.265,1,0.0372,0.202,0.00000115,0.08,0.534,116.023,4
spotify:track:5aIVCx5tnk0ntmdiinnYvw,"Water","Water","Tyla",2023-07-28,200255,87,false,nicmf,2024-04-23T02:18:11Z,"afrobeats","FAX Records/Epic",0.673,0.722,3,-3.495,0,0.0755,0.0856,0,0.137,0.519,117.187,4
spotify:track:68lt58ltRWH38eHqSeQVlm,"Todo Nicolas Cagezinho","Todo Nicolas Cagezinho","Zant;Sanak",2021-06-17,156923,8,false,nicmf,2024-04-23T02:29:34Z,"","Todo Nicolas Cagezinho",0.815,0.508,0,-9.536,0,0.135,0.185,0,0.123,0.638,102.054,4
spotify:track:0qfHRo7pVX4GMJlhG70NQs,"eu me amo mais","solta","GIULIA BE",2020-05-15,133080,58,false,nicmf,2024-04-23T02:33:55Z,"pop nacional","WM Brazil",0.572,0.51,6,-8.285,0,0.0836,0.628,0,0.0803,0.47,171.813,4
spotify:track:6I6Zjwlx4LSE1iojm94za1,"The Man Who Sold the World - 2010 Remaster","The Gift (Deluxe Version)","Midge Ure",1985-10-19,343866,62,false,raphaelfr17,2024-04-23T02:44:27Z,"synthpop","Chrysalis Records",0.535,0.503,2,-8.593,0,0.0351,0.0493,0.265,0.34,0.351,112.971,4
spotify:track:18dlAFKaajLjRgBNZZ4ThU,"Not My Fault (with Megan Thee Stallion)","Mean Girls (Music From The Motion Picture)","Reneé Rapp;Megan Thee Stallion",2024-01-12,170528,66,true,nicmf,2024-04-23T02:54:50Z,"","Paramount Pictures/Interscope Records",0.811,0.792,1,-6.081,0,0.175,0.1,0,0.395,0.854,124.01,4
spotify:track:2s5B2qJSK8kbFyFRiRq06b,"Hotel Ceiling","Let The Road","Rixton",2014-01-01,190706,54,false,nicmf,2024-04-23T03:18:24Z,"","Silent Records/Giant Little Man",0.655,0.731,10,-7.76,1,0.03,0.159,0,0.107,0.519,105.026,4
spotify:track:3BQHpFgAp4l80e1XslIjNI,"Yesterday - Remastered 2009","Help! (Remastered)","The Beatles",1965-08-06,125666,80,false,nicmf,2024-04-23T03:18:42Z,"rock clássico,rock psicodélico","EMI Catalogue",0.332,0.179,5,-11.83,1,0.0326,0.879,0,0.0886,0.315,96.524,4
spotify:track:6RRNNciQGZEXnqk8SQ9yv5,"You Need To Calm Down","Lover","Taylor Swift",2019-08-23,171360,79,false,nicmf,2024-04-23T03:20:32Z,"","Taylor Swift",0.771,0.671,2,-5.617,1,0.0553,0.00929,0,0.0637,0.714,85.026,4
spotify:track:5Lm8wha7kmEuqyjJ237HNM,"Cheers (Drink To That)","Loud","Rihanna",2010-11-16,261746,58,false,nicmf,2024-04-23T03:21:20Z,"","Def Jam Recordings",0.572,0.913,9,-3.626,1,0.0425,0.018,0,0.293,0.724,79.986,4
spotify:track:05pKAafT85jeeNhZ6kq7HT,"I Won't Give Up","I Won't Give Up","Jason Mraz",2012-01-03,240165,63,false,nicmf,2024-04-23T03:35:25Z,"o lado suave do pop,pop acústico","Atlantic Records",0.585,0.303,4,-10.058,1,0.0398,0.694,0,0.115,0.142,136.703,3
spotify:track:1UvWx2hgpxlF7HPbwLSmIY,"Anjos (Pra quem tem fé)","Nunca Tem Fim (Standard)","O Rappa",2013-08-15,419520,78,false,nicmf,2024-04-23T03:51:22Z,"rock brasileiro,mpb,pop nacional,hip hop brasileiro,reggae","WM Brazil",0.604,0.82,10,-4.927,0,0.0401,0.144,0.000133,0.109,0.427,105.019,4
spotify:track:4S1GTwPVpkSy7CsJIDKPEz,"You Deserve Better","You Deserve Better / At My Weakest","James Arthur",2018-06-01,207746,49,false,nicmf,2024-04-23T03:56:37Z,"o lado suave do pop","Columbia Local",0.516,0.56,6,-7.116,0,0.486,0.0322,0,0.15,0.696,98.94,4
spotify:track:36i9NcqbdQFdQfOROpIwMA,"Fico Assim Sem Você","Adriana Partimpim","Adriana Partimpim",2004-06-17,188146,64,false,raphaelfr17,2024-04-23T04:00:09Z,"mpb,canção de ninar","Ariola",0.809,0.428,10,-8.428,1,0.0342,0.809,0,0.0851,0.507,121.969,4
spotify:track:4SIBZgMomGFnrIWjmq7Np8,"Desenrola Bate Joga de Ladin (feat. DJ Biel do Furduncinho)","Pros Menorzin (feat. DJ Biel do Furduncinho)","L7NNON;Os Hawaianos;DJ Bel da CDD;DJ Biel do Furduncinho",2022-04-08,115846,2,false,nicmf,2024-04-23T04:01:27Z,"trap brasileiro,hip hop brasileiro,trap funk,trap,funk carioca,funk","Papatunes",0.93,0.673,6,-6.298,1,0.409,0.275,0,0.142,0.95,129.967,4
spotify:track:1xFjWGQ1butYFmQXyYcRv3,"Kiss Me Quick","Unfinished Business","Nathan Sykes",2016-11-11,187706,32,false,nicmf,2024-04-23T04:12:24Z,"","Global Music P&D (Sykes & Lawson)",0.5,0.744,0,-4.102,1,0.307,0.147,0,0.171,0.799,181.912,4
spotify:track:3zl7j5ua8mF4JDYuxrfo01,"Perfect Symphony (Ed Sheeran & Andrea Bocelli)","Perfect Symphony (Ed Sheeran & Andrea Bocelli)","Ed Sheeran;Andrea Bocelli",2017-12-15,265363,70,false,nicmf,2024-04-23T04:14:35Z,"o lado suave do pop,música clássica crossover,ópera","Atlantic Records UK",0.544,0.417,8,-4.387,1,0.0247,0.586,0,0.085,0.207,95.156,3
spotify:track:4FUfoWMypAyWbOavmYyeNu,"That Don't Impress Me Much","Come On Over","Shania Twain",1997-11-04,218866,66,false,nicmf,2024-04-23T04:19:36Z,"country","Mercury Nashville",0.757,0.757,1,-7.599,1,0.0389,0.238,0,0.0476,0.967,124.955,4
spotify:track:7vRriwrloYVaoAe3a9wJHe,"i hate u, i love u (feat. olivia o'brien)","us","gnash;Olivia O'Brien",2016-03-25,251033,80,true,nicmf,2024-04-23T04:21:04Z,"",":):",0.492,0.275,6,-13.4,0,0.3,0.687,0,0.101,0.18,92.6,4
spotify:track:0vg4WnUWvze6pBOJDTq99k,"You're Beautiful","Back to Bedlam","James Blunt",2005-08-08,212960,81,true,nicmf,2024-04-23T04:23:53Z,"","Custard/Atlantic",0.675,0.479,0,-9.87,0,0.0278,0.633,0.0000176,0.088,0.454,81.998,4
spotify:track:37sINbJZcFdHFAsVNsPq1i,"Superheroes","No Sound Without Silence","The Script",2014-09-15,245466,80,false,nicmf,2024-04-23T04:25:46Z,"","Columbia",0.49,0.885,3,-4.121,1,0.0396,0.00218,0,0.0741,0.64,166.996,4
spotify:track:6mJCx80Wc91GPi9ew9bkmD,"RAM TCHUM","RAM TCHUM","DENNIS;Ana Castela;Mc Gw",2024-02-29,129418,65,true,nicmf,2024-04-23T04:28:43Z,"funk,funk carioca,funk pop,sertanejo,agronejo,sertanejo universitário,piseiro,phonk,phonk brasileiro,funk bruxaria,brega funk","Sony Music Entertainment",0.844,0.782,2,-2.754,1,0.0487,0.14,0.0000128,0.343,0.525,133.088,4
spotify:track:48yUhAZGJb5WGSclZK1RAF,"Same Room","Same Room","JP Saxe",2019-06-28,233465,41,false,nicmf,2024-04-23T04:30:04Z,"","Arista Records",0.455,0.386,7,-10.883,1,0.0675,0.623,0,0.102,0.418,134.093,4
spotify:track:3b5Li4QKDVBx1x7fQuu54a,"Tired","Tired","Alan Walker;Gavin James",2017-05-19,192111,65,false,nicmf,2024-04-23T04:30:21Z,"","Kreatell Music",0.69,0.876,2,-4.159,1,0.059,0.0428,0,0.147,0.493,123.994,4
spotify:track:0fABszUFNbNq9IW503Gj8v,"Tá OK","Tá OK","DENNIS;MC Kevin o Chris",2023-05-04,92093,70,false,nicmf,2024-04-23T04:30:50Z,"funk,funk carioca,funk pop,brega funk","Sony Music Entertainment",0.863,0.96,11,-1.458,1,0.0492,0.497,0.00526,0.0853,0.586,130.118,4
spotify:track:1XJ93XskwJf7PCyIVLbNBt,"Anxiety (with Selena Gomez)","Inner Monologue Part 1","Julia Michaels;Selena Gomez",2019-01-24,210146,53,true,nicmf,2024-04-23T04:32:19Z,"","Republic Records",0.803,0.384,7,-6.522,1,0.179,0.573,0,0.194,0.503,141.926,4
spotify:track:0NRHj8hDwwmSPaA41o379r,"The Moment I Knew (Taylor's Version)","Red (Taylor's Version)","Taylor Swift",2021-11-12,285280,64,false,nicmf,2024-04-23T04:32:33Z,"","Taylor Swift",0.636,0.402,7,-7.855,1,0.031,0.0494,0,0.107,0.208,125.952,4
spotify:track:28GUjBGqZVcAV4PHSYzkj2,"So Good","Strange Clouds","B.o.B",2012-04-27,213253,71,false,nicmf,2024-04-23T04:33:15Z,"","Rebel Rock/Grand Hustle/Atlantic",0.66,0.9,7,-5.02,1,0.14,0.0403,0,0.219,0.591,85.51,4
spotify:track:3Te8uLyit6X3ncNW8Fp3K2,"Immortals","American Beauty/American Psycho","Fall Out Boy",2015-01-16,189386,82,false,nicmf,2024-04-23T04:33:44Z,"emo,pop punk","Island Records",0.616,0.868,2,-3.606,1,0.0699,0.00131,0.00000154,0.671,0.475,108.016,4
spotify:track:2F4FNcz68howQWD4zaGJSi,"The Lion Sleeps Tonight (Wimoweh)","Wimoweh!!! - The Best Of The Tokens","The Tokens",1994-08-29,162093,67,false,nicmf,2024-04-23T04:39:33Z,"doo-wop","RCA Records Label",0.321,0.474,5,-9.383,1,0.0348,0.743,0,0.204,0.804,121.199,4
spotify:track:731Pa6Gt7GAdADATMSEL0N,"One Man Can Change The World","Dark Sky Paradise","Big Sean;Kanye West;John Legend",2015-02-23,254626,57,true,nicmf,2024-04-23T04:40:35Z,"rap,o lado suave do pop,neo soul","Getting Out Our Dreams Inc. (G.O.O.D.) Music / IDJ",0.67,0.58,8,-6.586,0,0.144,0.777,0,0.11,0.309,157.997,4
spotify:track:3FQdtOMXdfDcDDjY1OHAqz,"Back To Sleep","Back To Sleep","Chris Brown",2015-11-09,201647,48,true,nicmf,2024-04-23T04:42:11Z,"r&b","RCA Records Label",0.64,0.639,9,-5.473,0,0.22,0.044,0,0.0906,0.702,92.936,4
spotify:track:7EpVQjqtKygiwJIASxMWNg,"Out Of The Woods","1989","Taylor Swift",2014-01-01,235800,51,false,nicmf,2024-04-23T04:43:59Z,"","Taylor Swift",0.552,0.841,7,-6.938,1,0.0372,0.00103,0.0000123,0.337,0.342,91.993,4
spotify:track:5QrWzhoM894tOUZsoNxWzp,"Eu Vou/Vá, Vá, Vá","Snow White And The Seven Dwarfs Original Soundtrack","Carlos Paulo;Carlos Vieira D`Almeida;Fernando Gomes;Manuel Cavaco;Pedro Pinheiro",2001-01-01,166533,38,false,nicmf,2024-04-23T04:47:19Z,"","Disney Records (Europe)",0.894,0.508,0,-10.351,1,0.0609,0.863,0.000956,0.117,0.774,102.921,4
spotify:track:0WKqlUwMcxvJj8HS5Kah7Q,"Pra Você","Pra Você","Onze:20",2013-12-03,218128,69,false,nicmf,2024-04-23T04:52:54Z,"reggae,mpb,pop nacional,reggae pop","ArtMix/Maynard Music",0.546,0.588,0,-7.004,0,0.047,0.323,0,0.389,0.613,140.087,4
spotify:track:5vyxXfD5gLlyPxGZMEjtmd,"Crazier","Hannah Montana The Movie","Taylor Swift",2009-01-01,191946,67,false,nicmf,2024-04-23T05:06:51Z,"","Walt Disney Records",0.452,0.544,4,-5.423,1,0.0277,0.0631,0.00000533,0.104,0.158,133.042,3
spotify:track:6M0V7t6udJAOBLnHcjb2Wp,"Foda Que Ela É Linda","Foda Que Ela É Linda","3030;Tifli",2014-07-10,180743,57,false,nicmf,2024-04-23T05:08:09Z,"hip hop brasileiro","RJBA",0.833,0.394,7,-11.207,0,0.137,0.328,0.0167,0.109,0.598,147.953,4
spotify:track:6Zo58fraaPpTUUdYHwH0sf,"Por Enquanto - Ao Vivo","Acústico (Ao Vivo)","Cássia Eller",2001-01-15,143839,70,false,nicmf,2024-04-23T05:09:22Z,"mpb,rock brasileiro,pop nacional","Universal Music Ltda.",0.402,0.405,7,-10.719,1,0.0459,0.63,0,0.71,0.299,143.143,4
spotify:track:0IWtEFQBwRHaMXZQtGEVcM,"Wonderful Life","Wonderful Life","Black",1987-01-01,287933,71,false,nicmf,2024-04-23T05:10:21Z,"","EMI",0.72,0.521,7,-12.468,1,0.0302,0.705,0.36,0.214,0.823,106.055,4
spotify:track:3NKCWBT2uKp8rxSkcvIrdX,"Forever & Always","Fearless (Platinum Edition)","Taylor Swift",2008-11-11,225333,51,false,nicmf,2024-04-23T05:11:18Z,"","Taylor Swift",0.605,0.829,10,-4.993,1,0.0549,0.0907,0,0.106,0.514,128.012,4
spotify:track:7hkQhMFq4EOTYwX3I7cgmA,"Será","Legião Urbana","Legião Urbana",1985-01-01,150466,73,false,raphaelfr17,2024-04-23T05:14:04Z,"rock brasileiro,mpb,pop nacional","EMI Brazil",0.281,0.866,0,-10.628,1,0.0647,0.122,0.00355,0.324,0.42,193.928,4
spotify:track:0rfbvwLPBLBsEd4Bxz8IVb,"O Que Será (A Flor Da Terra)","Meus Caros Amigos","Chico Buarque;Milton Nascimento",1976-01-01,166573,61,false,nicmf,2024-04-23T05:14:36Z,"mpb,bossa nova,samba,jazz brasileiro","Universal Music Ltda.",0.435,0.671,2,-10.75,0,0.0586,0.487,0,0.589,0.792,157.564,4
spotify:track:2GgxS8bUT5G25QJTsfSv0R,"Burn","Halcyon Days","Ellie Goulding",2014-01-01,231211,70,false,nicmf,2024-04-23T05:25:46Z,"","Polydor Records",0.559,0.777,1,-5.031,1,0.0432,0.31,0,0.105,0.329,87.016,4
spotify:track:0heeNYlwOGuUSe7TgUD27B,"Question...?","Midnights","Taylor Swift",2022-10-21,210556,66,true,raphaelfr17,2024-04-23T05:36:05Z,"","Taylor Swift",0.654,0.51,7,-8.767,1,0.242,0.206,0,0.249,0.105,108.874,4
spotify:track:1lguQJjlNrIOoOylYVZN3M,"The Judge","Blurryface","Twenty One Pilots",2015-05-15,297760,69,false,nicmf,2024-04-23T06:22:49Z,"","Fueled By Ramen",0.423,0.797,0,-4.659,1,0.124,0.177,0,0.137,0.592,82.617,4
spotify:track:1IIV8jglA0klVZy17q665k,"Never Really Over","Smile","Katy Perry",2020-08-28,223297,67,false,nicmf,2024-04-23T17:42:47Z,"pop","Capitol Records",0.77,0.881,8,-4.776,1,0.067,0.217,0,0.324,0.367,99.995,4
spotify:track:7iPlcFvOMOzt6v0QvcAueZ,"I Always Wanna Die (Sometimes)","A Brief Inquiry Into Online Relationships","The 1975",2018-11-30,314662,69,false,nicmf,2024-04-23T17:44:28Z,"","Polydor Records",0.374,0.473,4,-5.636,1,0.0323,0.00522,0.00163,0.123,0.0398,148.946,4
spotify:track:1NmVZsG18CzCAtw7rnV3yA,"Clean","1989 (Deluxe)","Taylor Swift",2014-01-01,271000,60,false,nicmf,2024-04-23T17:54:15Z,"","Taylor Swift",0.815,0.377,4,-7.754,1,0.0346,0.232,0,0.1,0.211,103.97,4
spotify:track:0yDMhYTryvQoR634wDgQ1j,"O Fim é Triste (feat. DJ BOY)","O Fim é Triste (feat. DJ BOY)","MC Hariel;DJ BOY",2022-06-17,158117,63,false,nicmf,2024-04-23T21:39:14Z,"funk,funk consciente,trap funk","WM Brazil",0.75,0.664,1,-2.529,1,0.112,0.296,0,0.0944,0.892,56.271,5
spotify:track:2vRBYKWOyHtFMtiK60qRz7,"Trevo (Tu)","ANAVITÓRIA","ANAVITÓRIA;TIAGO IORC",2016-08-18,205467,0,false,nicmf,2024-04-24T03:14:24Z,"mpb,nova mpb,pop nacional","Universal Music Ltda.",0.676,0.374,10,-8.201,1,0.0266,0.877,0.000132,0.165,0.2,99.825,4
spotify:track:70dJEanFPdYuWZumkrnKeX,"Ela Vai Voltar (Todos Os Defeitos De Uma Mulher Perfeita)","Imunidade Musical","Charlie Brown Jr.",2005-01-01,188200,75,false,nicmf,2024-04-25T13:56:38Z,"rock brasileiro,mpb,pop nacional","EMI Brazil",0.676,0.657,6,-7.28,1,0.0272,0.424,0.000147,0.13,0.879,105.002,4
spotify:track:23bIOsqrHRvv5JtN6MTLj6,"24 horas por dia","Hoje","LUDMILLA",2014-08-11,192961,58,false,nicmf,2024-04-25T14:01:04Z,"pagode,pop nacional,funk pop,funk,pagode baiano,funk carioca,samba","WM Brazil",0.905,0.808,6,-4.51,0,0.0826,0.152,0.00000171,0.134,0.931,132.026,4
spotify:track:01zWTQLmP8nh01IRry09Vn,"Birthday Party","Neotheater","AJR",2019-04-26,223947,52,false,raphaelfr17,2024-04-25T15:45:12Z,"","BMG Rights Management (US) LLC",0.706,0.462,1,-6.696,1,0.125,0.0742,0,0.2,0.545,84.003,4
spotify:track:63SHcJzckFykS8faA5zojY,"Vem Me Satisfazer","Vem Me Satisfazer","MC Ingryd;DJ Henrique da VK",2019-08-20,188388,67,false,nicmf,2024-04-25T15:04:57Z,"funk,brega funk,funk carioca","MC Ingryd",0.862,0.561,8,-5.703,1,0.335,0.596,0,0.108,0.541,99.864,3
spotify:track:3zkWCteF82vJwv0hRLba76,"Stitches","Handwritten","Shawn Mendes",2015-04-14,206880,9,false,nicmf,2024-04-25T15:09:40Z,"","Island Records",0.752,0.754,1,-6.684,1,0.0615,0.0151,0,0.0486,0.755,149.789,4
spotify:track:5m5aY6S9ttfIG157xli2Rs,"Alô Ambev (Segue Sua Vida) - Ao Vivo","Por Mais Beijos Ao Vivo","Zé Neto & Cristiano",2020-03-26,169593,67,false,nicmf,2024-04-25T15:11:41Z,"sertanejo,sertanejo universitário,agronejo,arrocha","Som Livre",0.695,0.872,9,-3.65,1,0.0868,0.334,0,0.954,0.646,121.843,4
spotify:track:7lJoRyuNJtuiqTcKtuMuIR,"Maçã Verde","Avisa que é o Funk","MC Hariel;Caio Passos",2020-10-09,164307,69,true,nicmf,2024-04-25T15:12:11Z,"funk,funk consciente,trap funk,trap brasileiro","GR6 Music",0.582,0.531,10,-3.725,1,0.0905,0.0428,0.00000739,0.1,0.169,85.322,5
spotify:track:438caqQABmMpJ6GDkwQVuK,"Esquece - Ao Vivo","SIM (Ao Vivo)","Naiara Azevedo;MC JottaPê",2020-03-27,166569,16,false,nicmf,2024-04-25T15:19:11Z,"sertanejo,sertanejo universitário,funk,brega funk,agronejo","Som Livre",0.768,0.692,8,-2.445,0,0.155,0.0675,0,0.561,0.913,171.919,4
spotify:track:6WXglvTFRmjlHHhgjYMNif,"Ilusão (Cracolândia)","Ilusão (Cracolândia)","MC Hariel;Alok;Djay W;Mc Davi;MC Ryan SP;Salvador Da Rima",2020-11-13,324000,67,false,nicmf,2024-04-25T15:35:20Z,"funk,funk consciente,trap funk,brazilian bass,eletronic,slap house,eletrohouse,trap brasileiro","GR6 Music",0.628,0.624,9,-7.968,0,0.254,0.112,0,0.197,0.47,159.646,4
spotify:track:4mGdjNMo0RonTlOEb7cYg4,"11 Minutes (with Halsey feat. Travis Barker)","11 Minutes (with Halsey feat. Travis Barker)","YUNGBLUD;Halsey;Travis Barker",2019-02-14,239507,70,true,nicmf,2024-04-25T15:38:47Z,"rap rock","Locomotion Recordings/Geffen Records",0.464,0.852,11,-3.804,1,0.067,0.0116,0,0.108,0.233,160.075,4
spotify:track:3mzbab4H0iZYkHggSEj0UX,"Oi Balde - Ao Vivo","Escolhas, Vol. 1 (Ao Vivo)","Zé Neto & Cristiano",2023-02-16,159158,23,false,nicmf,2024-04-25T15:40:35Z,"sertanejo,sertanejo universitário,agronejo,arrocha","Som Livre",0.67,0.668,2,-6.411,1,0.0459,0.601,0,0.803,0.552,107.995,4
spotify:track:345HZXxfL8S8HkVzytD1Pw,"Birthday","Stars Dance (Bonus Track Version)","Selena Gomez",2013-01-01,200640,52,false,nicmf,2024-04-25T15:41:46Z,"","Hollywood Records",0.641,0.84,1,-2.698,0,0.0456,0.00494,0,0.534,0.418,106.971,4
spotify:track:0ErK6K0kYr0Ow2RkPMhmMs,"Shout Out to My Ex","Glory Days (Expanded Edition)","Little Mix",2016-11-18,246240,74,false,nicmf,2024-04-25T15:45:06Z,"","Syco Music",0.773,0.747,5,-4.061,1,0.0885,0.0242,0.00000899,0.109,0.801,126.014,4
spotify:track:0y8Wf6ltWpGCpgqVa21QNX,"After the Afterparty (feat. Lil Yachty)","After the Afterparty (feat. Lil Yachty)","Charli xcx;Lil Yachty",2016-10-28,219480,51,false,nicmf,2024-04-25T15:45:27Z,"hyperpop,art pop","Atlantic Records UK",0.653,0.794,7,-3.828,1,0.0894,0.121,0,0.365,0.645,93.008,4
spotify:track:1eqwjXdMTed8Pz3PLNcHe9,"Two of Us","Walls","Louis Tomlinson",2020-01-31,217866,57,false,nicmf,2024-04-25T15:45:40Z,"","Syco Music",0.614,0.605,0,-5.63,1,0.0319,0.21,0,0.162,0.333,127.099,4
spotify:track:2YaGZvBfkQ4jiD5cMLIFQV,"Same Mistake","All the Lost Souls","James Blunt",2007-09-05,298186,68,false,nicmf,2024-04-25T15:50:07Z,"","Custard/Atlantic",0.482,0.51,10,-7.666,1,0.026,0.472,0.000452,0.122,0.199,77.809,4
spotify:track:7bpvfjoneSQvW0tbtVm1Jk,"Ooh La La (from ""The Smurfs 2"")","Ooh La La (from ""The Smurfs 2"")","Britney Spears",2013-06-17,257493,57,false,nicmf,2024-04-25T15:52:15Z,"pop","Kemosabe Kids/RCA Records",0.69,0.568,6,-4.501,1,0.0525,0.0165,0.00000698,0.111,0.728,128.059,4
spotify:track:7h478wd02smsa9jlda6Son,"Three","No Shame","Lily Allen",2018-06-08,218640,35,false,nicmf,2024-04-25T15:53:07Z,"","Parlophone UK",0.529,0.288,8,-9.514,1,0.0267,0.892,0.00029,0.17,0.19,131.794,4
spotify:track:4zDfgax6Ihb0UWdour1ZEs,"Zero To Hero","Hercules (Original Motion Picture Soundtrack)","Chorus - Hercules;Lillias White;Cheryl Freeman;LaChanze;Roz Ryan;Vaneese Thomas;Tawatha Agee;Disney",1997-01-01,140573,71,false,nicmf,2024-04-25T15:53:27Z,"","Walt Disney Records",0.474,0.82,0,-7.699,1,0.243,0.493,0,0.0978,0.697,164.718,4
spotify:track:1wVuPmvt6AWvTL5W2GJnzZ,"Talking to the Moon","Doo-Wops & Hooligans","Bruno Mars",2010-05-11,217866,82,false,raphaelfr17,2024-04-25T20:40:37Z,"","Elektra (NEK)",0.498,0.59,1,-4.721,0,0.032,0.511,0,0.107,0.0784,145.867,4
spotify:track:49FYlytm3dAAraYgpoJZux,"Umbrella","Good Girl Gone Bad: Reloaded","Rihanna;JAŸ-Z",2008-06-02,275986,90,false,raphaelfr17,2024-04-25T20:45:55Z,"hip hop,east coast hip hop,rap","Def Jam Recordings",0.585,0.828,1,-4.603,1,0.124,0.00906,0,0.0426,0.584,174.034,4
spotify:track:6FU8xEuOhDLseFEg0TR2JB,"Fogo E Paixão","O Mundo Romântico De Wando","Wando",1988-05-02,223733,51,false,nicmf,2024-04-25T20:45:57Z,"brega,mpb,seresta","Universal Music Ltda.",0.638,0.676,0,-8.658,1,0.0303,0.353,0.0000168,0.262,0.762,136.254,4
spotify:track:0A9hK4eLHKyvoRq0aOrDbG,"Drama","The Click","AJR",2017-06-30,204424,41,true,nicmf,2024-04-25T20:50:24Z,"","Black Butter",0.569,0.683,11,-4.269,0,0.148,0.199,0,0.108,0.634,156.154,4
spotify:track:3AiL3XVJE6JAfIBycFsFOq,"One Day (feat. Akon)","One Day EP","Matisyahu;Akon",2009-08-11,220026,40,false,nicmf,2024-04-25T21:04:53Z,"reggae,reggae rock,reggae cristão","Epic/Legacy",0.625,0.655,0,-5.545,1,0.0453,0.371,0,0.108,0.281,72.498,4
spotify:track:60wzbPwV6EHfBTAf95rb9n,"Suffer","Nine Track Mind","Charlie Puth",2016-01-29,210680,51,false,nicmf,2024-04-25T21:07:50Z,"o lado suave do pop","Artist Partner",0.58,0.443,3,-7.323,0,0.0498,0.75,0,0.0742,0.576,175.938,3
spotify:track:4R2kfaDFhslZEMJqAFNpdd,"cardigan","folklore","Taylor Swift",2020-07-24,239560,88,false,nicmf,2024-04-25T21:09:10Z,"","Taylor Swift",0.613,0.581,0,-8.588,0,0.0424,0.537,0.000345,0.25,0.551,130.033,4
spotify:track:4lA7OfHo3sP0Mya3uD0Xsh,"Headphones","The Lost Get Found","Britt Nicole",2009-01-01,220746,41,false,nicmf,2024-04-26T02:36:23Z,"pop cristão,música cristã,eletrônica/dance cristã,música cristã contemporânea,rock alternativo cristão","Sparrow",0.606,0.833,8,-3.148,1,0.0611,0.0149,0,0.111,0.635,139.981,4
spotify:track:4xigPf2sigSPmuFH3qCelB,"Genius (feat. Sia, Diplo, and Labrinth)","LABRINTH, SIA & DIPLO PRESENT... LSD","Sia;Diplo;Labrinth;LSD",2019-04-12,213706,79,false,raphaelfr17,2024-04-26T02:40:43Z,"moombahton,dance pop","Records/Columbia",0.603,0.615,11,-4.931,0,0.165,0.0799,0.0000672,0.117,0.561,158.657,4
spotify:track:7fLzbEOBOae9lUnOwr7Tse,"Memories (feat. Kid Cudi)","One More Love","David Guetta;Kid Cudi",2010-11-22,210093,82,false,nicmf,2024-04-26T03:07:46Z,"edm","Parlophone (France)",0.561,0.87,8,-6.103,1,0.343,0.0015,0.00000282,0.246,0.498,129.98,4
spotify:track:5HPj0yTUFEFNia8SWgjq46,"Open Your Eyes","Eyes Open","Snow Patrol",2006-01-01,341280,72,false,nicmf,2024-04-26T03:03:46Z,"","Polydor Records",0.525,0.784,7,-6.334,1,0.0306,0.000722,0.00174,0.1,0.0621,130.962,4
spotify:track:40wUM3LFZOlUcZfxEIZrYK,"Swimming Pools (Drank) - Extended Version","good kid, m.A.A.d city (Deluxe)","Kendrick Lamar",2012-10-22,313786,62,true,nicmf,2024-04-26T03:04:30Z,"hip hop,west coast hip hop","Aftermath",0.669,0.485,6,-7.744,0,0.417,0.123,0.0000268,0.604,0.261,74.376,4
spotify:track:5d355Q3oJW89fOLwJbpWVE,"Steve’s Going to London","The Maybe Man","AJR",2023-11-10,287746,58,true,raphaelfr17,2024-04-26T02:50:17Z,"","Mercury Records / Republic Records",0.444,0.687,11,-6,1,0.171,0.0588,0,0.147,0.421,80.579,4
spotify:track:1AXO42HiJSTgPq7KbJAEjp,"Annie: Tomorrow","Annie (Original Broadway Cast Recording)","Charles Strouse;Andrea McArdle;Annie (Original Broadway Cast);Peter Howard",1972,127493,49,false,nicmf,2024-04-26T03:04:12Z,"musicais","Masterworks Broadway",0.506,0.239,6,-13.473,1,0.06,0.781,0.0373,0.0946,0.252,92.087,4
spotify:track:1LOuZmemeDN1SkJc9EemFI,"Round & Round","A Year Without Rain (International Standard Version)","Selena Gomez & The Scene",2010-01-01,186173,44,false,nicmf,2024-04-26T03:04:48Z,"","Hollywood Records",0.537,0.691,9,-4.065,0,0.0704,0.00237,0,0.584,0.573,127.86,4
spotify:track:5eqiMMbaeUZ32Q7sS00H35,"Anaconda","The Pinkprint (International Deluxe Explicit)","Nicki Minaj",2014-12-12,260239,71,true,nicmf,2024-04-26T03:05:09Z,"","Nicki Minaj/Cash Money",0.964,0.605,9,-6.223,1,0.179,0.0668,0.00000778,0.214,0.646,129.996,4
spotify:track:3ydfhgIZIc2j39NLIhpJpq,"Fuck You","The Lady Killer (Deluxe)","CeeLo Green",2010-11-09,223694,67,true,nicmf,2024-04-26T03:05:21Z,"","Radiculture/Elektra",0.693,0.879,0,-3.988,1,0.0578,0.193,0,0.124,0.753,127.457,4
spotify:track:6KOtheMY0KN4s9TrQHr9It,"She's A Rainbow","She's A Rainbow / Dandelion / We Love You","The Rolling Stones",2020-10-09,253720,76,false,nicmf,2024-04-26T03:06:50Z,"rock clássico,rock","ABKCO Music & Records, Inc.",0.464,0.824,10,-7.359,1,0.0374,0.467,0.018,0.33,0.539,109.298,4
spotify:track:0l0CvurVUrr2w3Jj1hOVFc,"NO","Thank You (Deluxe Version)","Meghan Trainor",2017-05-12,213506,83,false,nicmf,2024-04-26T03:12:59Z,"","Epic",0.557,0.803,1,-3.599,0,0.213,0.0124,0.00000161,0.737,0.657,92.134,4
spotify:track:75IN3CtuZwTHTnZvYM4qnJ,"My Name Is","The Slim Shady LP","Eminem",1999-02-23,268400,77,true,raphaelfr17,2024-04-26T03:13:18Z,"rap,hip hop","Aftermath",0.869,0.68,1,-6.233,1,0.318,0.0416,0.00000112,0.0914,0.815,85.519,4
spotify:track:197CUwGpX84IMI7aWB1Cjk,"Left Right Left","Nine Track Mind","Charlie Puth",2016-01-29,206466,47,false,nicmf,2024-04-26T03:16:39Z,"o lado suave do pop","Artist Partner",0.698,0.712,2,-3.634,1,0.0321,0.21,0,0.0602,0.486,99.952,4
spotify:track:0ctOamnBE7fk0A3xBAMxTh,"3am","Title (Deluxe)","Meghan Trainor",2015-01-12,186645,50,false,nicmf,2024-04-26T03:18:03Z,"","Epic",0.825,0.69,2,-5.967,1,0.0967,0.031,0.000401,0.0798,0.675,170.061,4
spotify:track:7rII7hWYrJwU4MoVHmRsdY,"Vem de flecha","Vem de flecha","DJ DIDI;Dj Rayan;Mc Fopi",2023-07-08,179076,54,true,nicmf,2024-04-26T03:18:47Z,"funk de bh,funk","DJ DIDI",0.935,0.84,8,1.914,1,0.271,0.511,0.000065,0.0976,0.783,130.176,4
spotify:track:3lBRNqXjPp2j3JMTCXDTNO,"Best Thing I Never Had","4","Beyoncé",2011-06-24,253746,71,false,nicmf,2024-04-26T03:21:10Z,"","Parkwood Entertainment/Columbia",0.546,0.649,6,-4.056,1,0.0324,0.143,0.0000155,0.0894,0.298,99.05,4
spotify:track:45WDbUfg7wxeVyr0WIaHOl,"Teacher","Nick Jonas","Nick Jonas",2014-11-10,199480,37,false,nicmf,2024-04-26T03:21:38Z,"","Safehouse Records / Island Records",0.777,0.813,5,-4.052,1,0.121,0.0106,0.000296,0.0816,0.79,116.993,4
spotify:track:6jRq8gaZhMUyy5RclRPcAf,"hot girl bummer","everything means nothing","blackbear",2020-08-21,188343,84,true,nicmf,2024-04-26T03:22:47Z,"","Alamo",0.782,0.559,6,-7.106,0,0.0767,0.125,0,0.385,0.685,129.992,1
spotify:track:7LVHVU3tWfcxj5aiPFEW4Q,"Fix You","X&Y","Coldplay",2005-06-07,295533,89,false,nicmf,2024-04-26T03:23:05Z,"","Parlophone Records Limited",0.209,0.417,3,-8.74,1,0.0338,0.164,0.00196,0.113,0.124,138.178,4
spotify:track:5aNagthlHAudbDZozQMjYP,"Stick to the Status Quo","High School Musical","High School Musical Cast;Disney",2006-01-01,268413,64,false,nicmf,2024-04-26T03:24:39Z,"","Walt Disney Records",0.705,0.721,4,-7.083,1,0.19,0.0316,0,0.248,0.819,159.98,4
spotify:track:235LXPXfi0SmOaS9TaCh3c,"Teenage Dream","Teenage Dream","Katy Perry",2010-08-24,227741,73,false,nicmf,2024-04-26T03:25:36Z,"pop","Capitol Records",0.719,0.798,10,-4.582,1,0.0361,0.0162,0.00000234,0.134,0.591,120.012,4
spotify:track:4tCtwWceOPWzenK2HAIJSb,"Work from Home (feat. Ty Dolla $ign)","7/27 (Deluxe)","Fifth Harmony;Ty Dolla $ign",2016-05-27,214477,84,false,nicmf,2024-04-26T03:26:59Z,"trap soul","Syco Music/Epic",0.803,0.585,8,-5.861,1,0.0432,0.103,0.00000394,0.0644,0.593,105.017,4
spotify:track:72TFWvU3wUYdUuxejTTIzt,"Work","ANTI (Deluxe)","Rihanna;Drake",2016-01-28,219320,85,true,nicmf,2024-04-26T03:27:30Z,"rap","Roc Nation / Rihanna",0.723,0.534,11,-6.238,1,0.0891,0.0747,0,0.0919,0.551,91.974,4
spotify:track:5aswWmjJLHBSYFknQjegfg,"Flash - Single Version","Flash Gordon (Deluxe Edition 2011 Remaster)","Queen",1980-12-05,168213,28,false,raphaelfr17,2024-04-26T03:28:11Z,"rock clássico,rock,glam rock","EMI",0.48,0.654,4,-11.353,0,0.118,0.186,0.0208,0.11,0.208,108.449,4
spotify:track:35rSpXB5bk9ega9jsjcRts,"Tuesday (feat. Drake)","I LOVE MAKONNEN","ILOVEMAKONNEN;Drake",2014-12-15,321987,68,true,nicmf,2024-04-26T03:28:34Z,"rap","OVO Sound",0.773,0.664,0,-5.603,1,0.211,0.218,0.000117,0.105,0.472,140.161,4
spotify:track:73qbBlEAcm2HfnAaSnP1II,"Say OK","V","Vanessa Hudgens",2006-01-01,221866,62,false,nicmf,2024-04-26T03:29:54Z,"","Hollywood Records",0.469,0.689,9,-7.017,0,0.0475,0.00607,0.00119,0.114,0.531,126.505,3
spotify:track:5AyL2kgLtTWEu3qO3B9SqK,"Like A G6","Free Wired","Far East Movement;The Cataracs;DEV",2010-01-01,216893,80,false,nicmf,2024-04-26T03:30:40Z,"","Interscope",0.355,0.838,7,-8.126,0,0.471,0.00682,0,0.117,0.783,165.457,5
spotify:track:3SmphHzsiSclnzfoABnT6e,"I Promise You","Kiss & Tell","Selena Gomez & The Scene",2009-01-01,200066,39,false,nicmf,2024-04-26T03:35:26Z,"","Hollywood Records",0.414,0.943,11,-3.322,1,0.0417,0.0385,0.0000113,0.0992,0.74,183.875,4
spotify:track:7kq89SW3tyX8o0CdlJUJKG,"Juro","Aonde Você For","Banda Ego;Mabili",2017-05-12,248277,39,false,nicmf,2024-04-26T03:36:01Z,"hip hop brasileiro","Deckdisc",0.411,0.485,7,-9.312,1,0.0665,0.608,0,0.121,0.538,136.56,5
spotify:track:1AqfIfEQyEaME7fiv3HzyU,"2345MEIA78","Quebra - Cabeça","Gabriel O Pensador",1997-08-08,289826,60,false,nicmf,2024-04-26T03:36:29Z,"rock brasileiro,hip hop brasileiro,mpb","Columbia",0.959,0.603,1,-10.365,1,0.218,0.173,0,0.261,0.848,115.912,4
spotify:track:72vwG7lcOTPgT2YgYpg505,"Hackearam-me","Decretos Reais, Vol. 3","Marília Mendonça",2023-03-16,201262,49,false,nicmf,2024-04-26T03:37:38Z,"sertanejo,sertanejo universitário,arrocha,forró","Som Livre",0.613,0.835,2,-3.745,0,0.0844,0.395,0,0.286,0.618,130.149,4
spotify:track:5qII2n90lVdPDcgXEEVHNy,"Sunday Morning","Songs About Jane: 10th Anniversary Edition","Maroon 5",2002,244880,87,false,nicmf,2024-04-26T03:41:56Z,"pop","Interscope Records*",0.608,0.768,0,-5.227,1,0.0475,0.0913,0,0.0629,0.809,88.059,4
spotify:track:45S5WTQEGOB1VHr1Q4FuPl,"Golden","Fine Line","Harry Styles",2019-12-13,208917,81,false,nicmf,2024-04-26T03:42:13Z,"","Columbia",0.448,0.838,4,-5.257,0,0.0557,0.21,0.000131,0.131,0.254,139.863,4
spotify:track:073ILU1C3APNRGF66VhtyA,"Liar","Romance","Camila Cabello",2019-12-06,208425,68,false,nicmf,2024-04-26T03:42:46Z,"","Syco Music/Epic",0.74,0.498,11,-6.684,0,0.0456,0.0169,0.00282,0.319,0.652,98.016,4
spotify:track:3NMrVbIVWT3fPXBj0rNDKG,"The Tortured Poets Department","THE TORTURED POETS DEPARTMENT","Taylor Swift",2024-04-18,293048,69,true,nicmf,2024-04-26T03:51:08Z,"","Taylor Swift",0.604,0.428,0,-8.441,1,0.0255,0.0483,0,0.126,0.292,110.259,4
spotify:track:6XoQwfmunDsoKfTa39AlNP,"I Still Believe","Just For You","Lionel Richie",2004-01-01,294333,40,false,nicmf,2024-04-26T03:52:28Z,"motown","Universal Music Group International",0.643,0.701,8,-7.323,1,0.0354,0.114,0.00000112,0.15,0.855,88.007,4
spotify:track:1jDJFeK9x3OZboIAHsY9k2,"I'm Still Standing","Too Low For Zero","Elton John",1983-05-30,183440,90,false,raphaelfr17,2024-04-26T03:52:32Z,"","EMI",0.505,0.904,6,-6.863,1,0.179,0.355,0.118,0.14,0.773,176.811,4
spotify:track:1ZycJRpLOazlLcoFGxGROO,"Walking in the Wind","Made In The A.M. (Deluxe Edition)","One Direction",2015-11-13,202635,67,false,nicmf,2024-04-26T03:54:15Z,"","Syco Music",0.687,0.447,8,-6.586,1,0.0486,0.0842,0,0.0878,0.5,114.577,4
spotify:track:4J7CKHCF3mdL4diUsmW8lq,"Under Control (feat. Hurts)","Motion","Calvin Harris;Alesso;Hurts",2014-10-31,184280,81,false,nicmf,2024-04-26T03:55:22Z,"edm","Columbia",0.544,0.915,8,-3.405,1,0.0841,0.129,0.000914,0.115,0.51,126.094,4
spotify:track:2VfXW9bG5uD1IW0sPdBs2m,"Disappear","Wizards of Waverly Place","Selena Gomez",2009-01-01,219626,31,false,nicmf,2024-04-26T03:55:44Z,"","Walt Disney Records",0.581,0.946,0,-4.345,1,0.0383,0.000476,0,0.323,0.783,101.021,4
spotify:track:0PDUDa38GO8lMxLCRc4lL1,"PILLOWTALK","Mind Of Mine (Deluxe Edition)","ZAYN",2016-03-25,202749,85,true,nicmf,2024-04-26T03:55:55Z,"","RCA Records Label",0.584,0.7,11,-4.275,1,0.0456,0.117,0,0.0939,0.438,124.944,4
spotify:track:3ZZq9396zv8pcn5GYVhxUi,"Down Under","Business As Usual","Men At Work",1981-11-09,222320,87,false,nicmf,2024-04-26T03:57:43Z,"","Columbia",0.739,0.459,11,-14.42,0,0.0294,0.129,0.0194,0.0474,0.892,107.115,4
spotify:track:1iNKgHv2k6cB09aB5ozR55,"Take Over","Persona 5 Royal: Original Soundtrack","Lyn",2022-02-22,189613,61,false,raphaelfr17,2024-04-26T03:58:02Z,"vgm japonesa","株式会社アトラス",0.661,0.734,7,-4.6,0,0.0308,0.0368,0.000389,0.148,0.426,125.433,4
spotify:track:7vA2Y79Q4bBqdzBCfHeGEe,"Hurt Somebody (With Julia Michaels)","Hurt Somebody","Noah Kahan;Julia Michaels",2018-02-02,168640,53,false,nicmf,2024-04-26T04:04:36Z,"","Mercury Records/Republic Owned",0.633,0.559,6,-5.135,1,0.313,0.336,0,0.262,0.473,114.987,4
spotify:track:4xCzUoKfZOlQ99Lg48kgQN,"Mass Destruction -Reload-","Persona 3 Reload Original Soundtrack","Lotus Juice;Azumi Takahashi;アトラスサウンドチーム;ATLUS GAME MUSIC",2024-04-24,185493,62,false,raphaelfr17,2024-04-26T04:07:16Z,"vgm japonesa,trilha sonora","ATLUS GAME MUSIC",0.694,0.966,1,-6.458,1,0.0728,0.0142,0.0192,0.348,0.668,118.981,4
spotify:track:5T03itPFOPGGkvVPvPiyla,"Put It All on Me (feat. Ella Mai)","No.6 Collaborations Project","Ed Sheeran;Ella Mai",2019-07-12,197093,61,false,nicmf,2024-04-26T04:07:34Z,"o lado suave do pop,r&b","Atlantic Records UK",0.627,0.594,7,-8.306,1,0.0479,0.256,0,0.373,0.388,101.007,4
spotify:track:4QCVvLRNP45j83odN8Gzml,"In The Dark","The Night The Sun Came Up","DEV",2012-01-01,226226,55,false,nicmf,2024-04-26T04:15:33Z,"","Universal Records",0.736,0.824,8,-4.231,1,0.0672,0.00358,0.000921,0.329,0.443,124.954,4
spotify:track:0bBwi6ddYeTv5fXgHAdfiH,"Evoque Prata","Evoque Prata","MC MENOR HR;MC MENOR SG;DJ ESCOBAR;A2M PRODUTORA",2022-09-09,107076,27,true,nicmf,2024-04-26T04:17:23Z,"funk,funk carioca,funk de bh,funk consciente","GUETTO RECORDS",0.872,0.519,7,-4.467,1,0.244,0.306,0,0.276,0.52,86.768,5
spotify:track:50mawjudhEofTcUIpRmGXr,"Deixa Acontecer","100% Grupo Revelação","Grupo Revelação",2009-07-01,246226,68,false,nicmf,2024-04-26T04:17:55Z,"pagode,samba","Deckdisc",0.649,0.785,11,-6.588,0,0.0347,0.607,0,0.797,0.965,92.982,4
spotify:track:7nDdxPUC5LbxmspeqkOzt8,"imagine if","we","gnash",2019-01-11,197216,66,true,nicmf,2024-04-26T04:19:18Z,"",":): / Atlantic",0.907,0.452,8,-6.673,1,0.187,0.568,0,0.244,0.691,92.063,4
spotify:track:2Cy7QY8HPLk925AyNAt6OG,"Black or White - Single Version","The Essential Michael Jackson","Michael Jackson",2005-07-19,256562,63,false,nicmf,2024-04-26T04:27:21Z,"","Epic/Legacy",0.741,0.894,4,-3.826,1,0.0496,0.0814,0.0527,0.089,0.96,114.879,4
spotify:track:74HwkYbTIsko9Me5LJwHlo,"Preto","Anjo de Cabelos Longos","Fernando & Sorocaba",2015-05-14,208840,19,false,nicmf,2024-04-26T04:28:15Z,"sertanejo,sertanejo universitário,agronejo,piseiro,arrocha","F&S Produções Artísticas ltda.",0.543,0.731,11,-6.68,1,0.0512,0.265,0,0.613,0.637,150.023,4
spotify:track:3hfPmifit8Rtc0zj9WYQlU,"Ferrari","Expectations","Bebe Rexha",2018-06-22,212543,50,false,nicmf,2024-04-26T04:28:56Z,"","Warner Records",0.577,0.48,8,-5.908,1,0.0297,0.0161,0,0.104,0.422,76.54,4
spotify:track:7wBThXx7BGZHJJ3aN3OPvv,"Confessions Part II","Confessions (Expanded Edition)","USHER",2004-03-23,211200,75,false,nicmf,2024-04-26T04:30:54Z,"r&b","LaFace Records",0.845,0.467,1,-7.674,1,0.138,0.0586,0,0.0694,0.702,138.007,4
spotify:track:3qhlB30KknSejmIvZZLjOD,"End of Beginning","DECIDE","Djo",2022-09-16,159245,97,false,nicmf,2024-04-26T04:32:11Z,"","Djo",0.689,0.454,2,-7.643,1,0.0584,0.0351,0.00259,0.0707,0.912,159.982,4
spotify:track:69uxyAqqPIsUyTO8txoP2M,"Adventure of a Lifetime","A Head Full of Dreams","Coldplay",2015-12-04,263786,90,false,nicmf,2024-04-26T04:32:42Z,"","Parlophone UK",0.638,0.924,7,-3.887,1,0.036,0.00205,0.000175,0.149,0.53,111.995,4
spotify:track:1F43XlPBiwAUUIhrUGzylO,"Never Ending Story","Don't Suppose","Limahl",2009-09-25,212173,69,false,nicmf,2024-04-26T04:38:36Z,"synthpop","Parlophone UK",0.599,0.622,0,-13.971,1,0.0296,0.359,0.00235,0.114,0.851,122.312,4
spotify:track:5YqltLsjdqFtvqE7Nrysvs,"We Are Never Ever Getting Back Together (Taylor's Version)","Red (Taylor's Version)","Taylor Swift",2021-11-12,193146,76,false,raphaelfr17,2024-04-26T04:39:13Z,"","Taylor Swift",0.567,0.686,7,-6.139,1,0.175,0.0317,0.00000186,0.0732,0.716,172.014,4
spotify:track:3iSws76HjaU7k49EqJVTfF,"Sugar, Sugar","The Very Best Of ""The Archies""","The Archies",2007-11-07,167186,69,false,nicmf,2024-04-26T04:41:02Z,"","Ron Dante",0.736,0.871,2,-2.786,1,0.0278,0.466,0,0.108,0.967,122.395,4
spotify:track:49COPp81lGS9Hl9OwKlsKl,"Polaroid","Blue","Jonas Blue;Liam Payne;Lennon Stella",2018-11-09,193377,67,false,nicmf,2024-04-26T04:41:29Z,"tropical house","Positiva",0.652,0.898,7,-4.481,0,0.0361,0.29,0,0.073,0.472,114.043,4
spotify:track:67Io3gxHwfbUreBf114c0u,"Mine","Speak Now (Deluxe Package)","Taylor Swift",2010-01-01,230773,61,false,nicmf,2024-04-26T04:42:32Z,"","Taylor Swift",0.621,0.78,7,-2.934,1,0.0297,0.00327,0.00000455,0.184,0.672,121.038,4
spotify:track:6xX8xMXmJzSbC1JvUqXpg2,"Clima de Rodeio","Clima de Rodeio","Dallas Company",2002-03-15,230693,54,false,nicmf,2024-04-26T04:43:17Z,"sertanejo","Columbia",0.803,0.462,4,-7.234,1,0.0385,0.127,0,0.0939,0.919,134.998,4
spotify:track:5yRgMxdDhdYlbUQNCOlW3o,"Não Vou Te Bloquear - Ao vivo","Summer (EP 1) [Ao vivo]","Mc Don Juan;Tarcísio do Acordeon;DG e Batidão Stronda",2021-11-05,168312,53,false,nicmf,2024-04-26T04:44:52Z,"funk,funk consciente,trap funk,piseiro,forró,arrocha,sertanejo,brega,seresta,brega funk","WM Brazil",0.74,0.747,9,-4.345,1,0.0936,0.0782,0,0.948,0.781,159.958,4
spotify:track:5U4wYRHrCRxRP6iQfM824C,"Everything Is Not As It Seems - Series Theme Song","Wizards of Waverly Place","Selena Gomez",2009-01-01,50613,55,false,nicmf,2024-04-26T04:47:29Z,"","Walt Disney Records",0.796,0.766,5,-5.937,0,0.0919,0.0549,0,0.0946,0.921,124.896,4
spotify:track:0W4Kpfp1w2xkY3PrV714B7,"Ho Hey","The Lumineers","The Lumineers",2012-04-03,163133,7,false,nicmf,2024-04-26T04:50:49Z,"folk pop,indie folk","Dualtone Music Group",0.685,0.466,0,-9.074,1,0.0304,0.791,0.00000206,0.0914,0.353,79.936,4
spotify:track:4KcH1ZRV2W1q7Flq0QqC76,"Blitzkrieg Bop - 2016 Remaster","Ramones (40th Anniversary Deluxe Edition; 2016 Remaster)","Ramones",1976-04-23,134466,79,false,raphaelfr17,2024-04-26T04:51:33Z,"punk,proto-punk","Rhino/Warner Records",0.385,0.783,9,-2.533,1,0.233,0.000269,0.47,0.108,0.902,176.701,4
spotify:track:6RX5iL93VZ5fKmyvNXvF1r,"Irreplaceable","B'Day Deluxe Edition","Beyoncé",2007-05-29,227853,76,false,nicmf,2024-04-26T04:54:47Z,"","Columbia",0.447,0.694,7,-4.637,0,0.382,0.0293,0.00000546,0.167,0.509,175.868,4
spotify:track:0SIb6UH95eW0VCGj22IhFo,"Goodness Gracious","Halcyon Days","Ellie Goulding",2014-01-01,226910,36,false,nicmf,2024-04-26T05:01:28Z,"","Polydor Records",0.568,0.8,4,-5.153,1,0.0687,0.0449,0,0.343,0.55,115.104,4
spotify:track:42y19eTYzCOdjaPe32Iiz1,"Normal","The Click (Deluxe Edition)","AJR",2018-09-21,185443,31,false,raphaelfr17,2024-04-26T05:05:24Z,"","Black Butter",0.588,0.337,6,-9.829,0,0.0321,0.923,0.00000263,0.159,0.317,95.981,4
spotify:track:57RA3JGafJm5zRtKJiKPIm,"Are You Bored Yet? (feat. Clairo)","Nothing Happens","Wallows;Clairo",2019-03-22,178000,82,false,nicmf,2024-04-26T05:06:56Z,"indie,bedroom pop","Atlantic Records",0.682,0.683,8,-6.444,0,0.0287,0.156,0.0000232,0.273,0.64,120.023,4
spotify:track:74jZhGv0fdLaf9q8AZZ15k,"Please Mr. Postman","Horizon","Carpenters",1975-06-06,172733,68,false,nicmf,2024-04-26T05:12:12Z,"natal,música de adulto","A&M",0.664,0.547,9,-11.594,1,0.0281,0.139,0.00000179,0.239,0.964,132.943,4
spotify:track:5st5644IlBmKiiRE73UsoZ,"Fuck You","It's Not Me, It's You","Lily Allen",2009-02-06,219893,65,true,nicmf,2024-04-26T05:15:53Z,"","Parlophone UK",0.775,0.904,1,-4.08,0,0.0437,0.0271,0.000303,0.06,0.84,130.009,4
spotify:track:0WhDotK0QXigmsrlw0DxKK,"Evoluiu","Evoluiu","MC Kevin o Chris;Sodré",2019-03-15,179644,69,true,nicmf,2024-04-26T05:35:20Z,"funk,funk carioca,brega funk","ADpar",0.776,0.465,7,-6.368,0,0.434,0.466,0,0.363,0.694,149.829,4
spotify:track:0gJvqi9QyASOCtJu99tytc,"Because of You","Breakaway","Kelly Clarkson",2004,219493,80,false,nicmf,2024-04-26T05:37:08Z,"natal","RCA Records Label",0.587,0.583,5,-5.284,0,0.0313,0.248,0,0.124,0.15,139.92,4
spotify:track:6huNf4dutXRjJyGn7f5BPS,"Pray For Me","The Highlights","The Weeknd;Kendrick Lamar",2021-02-05,211420,81,true,nicmf,2024-04-26T16:52:10Z,"hip hop,west coast hip hop","The Weeknd/Lyric",0.732,0.678,2,-4.977,1,0.0886,0.0867,0.0000241,0.112,0.196,100.626,4
spotify:track:7wAkQFShJ27V8362MqevQr,"So Long, London","THE TORTURED POETS DEPARTMENT: THE ANTHOLOGY","Taylor Swift",2024-04-19,262974,73,false,nicmf,2024-04-26T16:59:06Z,"","Taylor Swift",0.423,0.533,9,-11.388,1,0.322,0.73,0.00264,0.0816,0.248,160.218,4
spotify:track:07THAZa24N9xFHZcYuLRVK,"Too Cool","Camp Rock","Meaghan Martin",2008-01-01,169906,60,false,nicmf,2024-04-26T17:13:33Z,"","Walt Disney Records",0.543,0.859,6,-3.592,1,0.0371,0.028,0,0.235,0.736,138.947,4
spotify:track:2ixsaeFioXJmMgkkbd4uj1,"Budapest","Wanted on Voyage (Expanded Edition)","George Ezra",2014-06-30,200573,87,false,raphaelfr17,2024-04-26T19:17:31Z,"","Columbia",0.717,0.455,5,-8.303,1,0.0276,0.0846,0,0.11,0.389,127.812,4
spotify:track:3ieLey98V9mIIh3W9gBlPF,"Barcelona","Wanted on Voyage (Expanded Edition)","George Ezra",2014-06-30,188960,67,false,raphaelfr17,2024-04-26T19:17:40Z,"","Columbia",0.629,0.572,5,-9.332,1,0.0307,0.32,0.000853,0.109,0.182,93.997,4
spotify:track:2x0WlnmfG39ZuDmstl9xfX,"End Game","reputation","Taylor Swift;Ed Sheeran;Future",2017-11-10,244826,77,false,nicmf,2024-04-26T19:27:14Z,"o lado suave do pop,rap,trap","Taylor Swift",0.649,0.589,2,-6.237,1,0.0558,0.00845,0,0.108,0.151,159.073,4
spotify:track:7aftSOGSOpSoIlVAQVBb71,"Break Up In A Small Town","Montevallo","Sam Hunt",2014-10-24,229880,73,false,nicmf,2024-04-26T19:37:29Z,"country,pop country","MCA Nashville",0.579,0.776,8,-5.365,1,0.173,0.0749,0,0.239,0.434,136.044,4
spotify:track:6WzRpISELf3YglGAh7TXcG,"Popular (with Playboi Carti & Madonna) - From The Idol Vol. 1 (Music from the HBO Original Series)","Popular (Music from the HBO Original Series)","The Weeknd;Playboi Carti;Madonna",2023-06-02,215466,86,true,raphaelfr17,2024-04-26T19:38:13Z,"rage rap","XO / Republic Records",0.854,0.674,1,-6.23,1,0.184,0.0517,0.0000853,0.509,0.848,99.022,4
spotify:track:1EXotCuzdXR34W1MoP6Um7,"Expectations","Expectations","Lauren Jauregui",2018-10-24,204066,59,true,nicmf,2024-04-27T02:06:41Z,"","Columbia",0.576,0.443,4,-7.477,0,0.0754,0.00923,0.00000188,0.124,0.452,180.08,3
spotify:track:6EfnotM8sRsjXEsOgtZbCG,"Tem Café","Melhor Viagem","Gaab;MC Hariel",2017-01-01,262733,72,true,nicmf,2024-04-27T02:06:50Z,"pagode,funk,funk consciente,trap funk","Som Livre",0.63,0.415,0,-13.398,1,0.394,0.0348,0,0.0878,0.285,113.043,5
spotify:track:6I4vrOusONJw4cUXRFyDZn,"Outta My Hands (Loco)","Revival (Deluxe)","Selena Gomez",2015-10-09,211960,40,false,nicmf,2024-04-27T02:12:48Z,"","Selena Gomez PS",0.648,0.932,10,-5.33,0,0.053,0.0302,0.00000553,0.536,0.641,121.993,4
spotify:track:3YUMWmx8EJq0DurfuIwoGh,"my future","Happier Than Ever","Billie Eilish",2021-07-30,210005,72,false,nicmf,2024-04-27T02:54:18Z,"","Darkroom/Interscope Records",0.456,0.285,8,-10.755,1,0.0979,0.814,0.143,0.307,0.0809,104.89,4
spotify:track:2fuCquhmrzHpu5xcA1ci9x,"Under Pressure - Remastered 2011","Hot Space (2011 Remaster)","Queen;David Bowie",1982-05-03,248440,62,false,nicmf,2024-04-30T00:12:20Z,"rock clássico,rock,glam rock,art rock","EMI",0.671,0.712,2,-7.815,1,0.0476,0.429,0,0.103,0.462,113.805,4
spotify:track:70ebKSMHvkUSg7JXgUz74Q,"Break the Rules","SUCKER","Charli xcx",2015-02-09,203907,65,true,nicmf,2024-04-30T19:05:17Z,"hyperpop,art pop","Asylum",0.676,0.926,0,-2.244,0,0.0425,0.0305,0.000658,0.0771,0.818,124.019,4
spotify:track:72jbDTw1piOOj770jWNeaG,"Paris","Memories...Do Not Open","The Chainsmokers",2017-04-07,221506,84,false,nicmf,2024-04-30T20:04:29Z,"","Disruptor Records/Columbia",0.653,0.658,2,-6.428,1,0.0304,0.0215,0.00000166,0.0939,0.219,99.99,4
spotify:track:3O5osWf1rSoKMwe6E9ZaXP,"evermore (feat. Bon Iver)","evermore","Taylor Swift;Bon Iver",2020-12-11,304106,65,false,nicmf,2024-04-30T20:34:50Z,"","Taylor Swift",0.39,0.27,1,-10.673,1,0.0308,0.937,0.00227,0.111,0.32,125.177,5
spotify:track:21i23kext71TMRfOROldhS,"Deleta","Disponível","Lexa",2015-09-11,178186,14,false,nicmf,2024-04-30T20:48:20Z,"funk,funk pop,pop nacional,funk carioca,brega funk","Som Livre",0.75,0.868,1,-3.763,0,0.0304,0.0124,0.0000285,0.0395,0.91,129.999,4
spotify:track:2qD7VoDYcrAPY0cVEfpsR5,"Some que ele vem atrás","Some que ele vem atrás","Anitta;Marília Mendonça",2019-10-30,194771,60,false,nicmf,2024-04-30T20:48:36Z,"pop nacional,funk pop,funk,funk carioca,sertanejo,sertanejo universitário,arrocha,forró","WM Brazil",0.648,0.795,0,-5.536,0,0.17,0.0748,0,0.38,0.598,180.043,4
spotify:track:0vbtURX4qv1l7besfwmnD8,"I Took A Pill In Ibiza - Seeb Remix","At Night, Alone.","Mike Posner;Seeb",2016-05-06,197933,88,true,raphaelfr17,2024-05-03T19:11:59Z,"","Monster Mountain, LLC / Island",0.664,0.714,7,-6.645,0,0.111,0.0353,0.00000842,0.0843,0.71,101.969,4
spotify:track:6Gn8SHd3RIWjOermcidCJk,"A Internet É Toxica","A Internet É Toxica","Dj Lc;DJ JOAO DA INESTAN;Mc Pretchako;MC Saci;Complexo dos Hits",2023-08-29,161884,66,false,nicmf,2024-05-07T01:00:36Z,"funk,funk de bh","Complexo dos Hits",0.6,0.862,5,-0.684,1,0.404,0.597,0,0.654,0.821,81.432,5
spotify:track:1kuGVB7EU95pJObxwvfwKS,"vampire","GUTS","Olivia Rodrigo",2023-09-08,219724,88,true,nicmf,2024-05-07T01:03:57Z,"","Olivia Rodrigo PS",0.484,0.53,5,-5.821,1,0.0538,0.154,0,0.263,0.323,136.848,4
spotify:track:4WUnM4KNZ0kjp0CUeoyOnS,"I Swear","All-4-One","All-4-One",1994,259853,78,false,nicmf,2024-05-07T01:38:23Z,"","Atlantic Records",0.532,0.407,6,-9.658,0,0.0233,0.235,0,0.117,0.23,83.207,4
spotify:track:2rbDhOo9Fh61Bbu23T2qCk,"Always Remember Us This Way","A Star Is Born Soundtrack (Without Dialogue)","Lady Gaga",2018-10-05,210200,88,false,nicmf,2024-05-07T02:03:16Z,"art pop,pop","A Star is Born OST",0.549,0.502,0,-5.972,1,0.0405,0.299,0,0.764,0.291,129.842,4
spotify:track:4SP8uUWJf9XFNAYyheD2gd,"Why","Let Go (20th Anniversary Edition)","Avril Lavigne",2022-06-03,234138,55,false,nicmf,2024-05-07T04:09:12Z,"","Arista/Legacy",0.6,0.853,4,-5.219,1,0.0362,0.0355,0,0.0952,0.328,105.872,4
spotify:track:4LhxdvP3lfgH3ciOyO1BX1,"Aquarela","Aquarela","Toquinho",1983-01-01,258506,66,false,nicmf,2024-05-07T17:45:44Z,"bossa nova,mpb,jazz brasileiro,samba","Universal Music Ltda.",0.545,0.306,7,-20.383,1,0.0326,0.475,0,0.114,0.771,153.168,4
spotify:track:2jATUzETZL49e6SywauZKE,"Va Va Voom","Pink Friday ... Roman Reloaded (Deluxe)","Nicki Minaj",2012-01-01,183560,76,true,nicmf,2024-05-07T21:00:46Z,"","Nicki Minaj/Cash Money",0.648,0.836,8,-3.394,1,0.0316,0.0625,0.00995,0.202,0.705,126.889,4
spotify:track:3P3pw6C19j31Rnzgo3JG7o,"Perfect Strangers","Blue","Jonas Blue;JP Cooper",2018-11-09,196613,82,false,nicmf,2024-05-08T03:08:29Z,"tropical house","Positiva",0.73,0.861,1,-4.1,1,0.0451,0.39,0,0.213,0.704,117.965,4
spotify:track:0oA9wBGDY4uyILLg4GymWP,"Tom's Diner","Tom's Diner","AnnenMayKantereit;Giant Rooks",2019-06-28,269333,81,false,nicmf,2024-05-08T03:10:23Z,"indie alemão,pop alemão,indie pop alemão","Vertigo Berlin",0.68,0.428,6,-8.107,0,0.135,0.376,0.000344,0.355,0.334,98.222,4
spotify:track:1diS6nkxMQc3wwC4G1j0bh,"We're Good","Future Nostalgia (The Moonlight Edition)","Dua Lipa",2021-02-11,165506,72,false,nicmf,2024-05-08T03:11:29Z,"pop","Warner Records",0.722,0.588,6,-5.932,1,0.0544,0.0319,0,0.183,0.59,134.01,4
spotify:track:5zvJELVKAnPkscGc5aLKJI,"Certain Things (feat. Chasing Grace)","James Arthur (Deluxe)","James Arthur;Chasing Grace",2013-11-04,233466,66,false,nicmf,2024-05-08T03:36:04Z,"o lado suave do pop","Syco Music",0.511,0.621,9,-8.751,1,0.123,0.471,0.0000972,0.0893,0.266,129.885,4
spotify:track:0Fv5N0cHBsl4bzCbollCAS,"Moves","I Decided.","Big Sean",2017-02-03,142906,57,true,nicmf,2024-05-08T03:36:56Z,"","Getting Out Our Dreams Inc. (G.O.O.D.) Music / IDJ",0.812,0.523,2,-5.287,1,0.259,0.0432,0,0.154,0.381,75.524,4
spotify:track:5oPtt9BXdJr1wfPIfnefqJ,"Destino","Lucas Lucco - #Em Casa","Lucas Lucco",2020-05-15,178965,43,false,nicmf,2024-05-08T03:38:58Z,"sertanejo,sertanejo universitário,arrocha","Sony Music Entertainment",0.634,0.363,0,-8.897,1,0.0258,0.778,0,0.0743,0.556,145.002,4
spotify:track:4llr8mcoauwrHBtjGb7F9S,"Tipo Gin - Ao Vivo","Todo Mundo Ama O Chris (Ao Vivo)","MC Kevin o Chris",2021-04-09,159146,57,false,nicmf,2024-05-08T03:39:37Z,"funk,funk carioca,brega funk","MC Kevin o Chris",0.75,0.668,0,-4.49,0,0.061,0.78,0.00000313,0.338,0.786,94.998,4
spotify:track:7xmAI8DoydDiXSnVaknxh7,"Ela Roubou Meu Caminhão","Santa Madre Cassino","Matanza",2001-11-10,225426,51,false,raphaelfr17,2024-05-08T04:01:48Z,"rock brasileiro","Deckdisc",0.555,0.932,2,-4.505,1,0.0426,0.00344,0,0.5,0.942,149.365,4
spotify:track:6dODwocEuGzHAavXqTbwHv,"Fortnight (feat. Post Malone)","THE TORTURED POETS DEPARTMENT: THE ANTHOLOGY","Taylor Swift;Post Malone",2024-04-19,228965,74,false,nicmf,2024-05-08T04:02:50Z,"","Taylor Swift",0.504,0.386,11,-10.976,1,0.0308,0.502,0.0000153,0.0961,0.281,192.004,4
spotify:track:6V9kwssTrwkKT72imgowj9,"My Type","Memories...Do Not Open","The Chainsmokers;Emily Warren",2017-04-07,217413,57,false,nicmf,2024-05-08T04:09:29Z,"","Disruptor Records/Columbia",0.604,0.603,7,-6.324,0,0.0389,0.0357,0,0.126,0.15,94.989,4
spotify:track:6VObnIkLVruX4UVyxWhlqm,"Skyfall","Skyfall","Adele",2012-10-04,286081,88,false,nicmf,2024-05-08T04:11:06Z,"o lado suave do pop","XL Recordings/Columbia",0.346,0.552,0,-6.864,0,0.0282,0.417,0,0.114,0.0789,75.881,4
spotify:track:2fdd8W8eTym1gWO1dl1nxo,"Gold","Gold","Britt Nicole",2012,179333,54,false,nicmf,2024-05-08T04:11:20Z,"pop cristão,música cristã,eletrônica/dance cristã,música cristã contemporânea,rock alternativo cristão","Sparrow",0.65,0.819,8,-3.389,1,0.031,0.0266,0,0.348,0.895,95.958,4
spotify:track:6NmCCgnQcxKHPOAKgd9Nth,"Baby I","Yours Truly","Ariana Grande",2013-01-01,197600,67,false,nicmf,2024-05-08T04:17:48Z,"pop","Universal Records",0.724,0.796,1,-3.686,1,0.0328,0.0152,0,0.354,0.542,101.975,4
spotify:track:4T4NLIMypdmyUwK54jECk4,"Too Little Too Late","The High Road","JoJo",2006-10-17,221720,3,false,nicmf,2024-05-08T04:18:25Z,"","Blackground Records, LLC",0.421,0.799,6,-5.183,0,0.0562,0.00871,0.0000163,0.0794,0.731,82.408,4
spotify:track:3R2bkLqP197fl3vKHpONrg,"Lost And Found","Delirium (Deluxe)","Ellie Goulding",2015-11-06,216877,41,false,nicmf,2024-05-08T04:18:53Z,"","Polydor Records",0.56,0.828,9,-6.186,0,0.0333,0.00181,0.0000041,0.0966,0.661,137.015,4
spotify:track:6bAkr9wkQyPM4IDrP4tuwR,"Whatcha Doing","Radical Optimism","Dua Lipa",2024-05-03,198198,70,false,nicmf,2024-05-08T04:21:28Z,"pop","Warner Records",0.693,0.8,5,-3.749,0,0.0637,0.0199,0.000001,0.106,0.764,104.999,4
spotify:track:7CHi4DtfK4heMlQaudCuHK,"Lose Control","Lose Control","MEDUZA;Becky Hill;Goodboys",2019-10-11,168387,74,false,nicmf,2024-05-08T04:23:41Z,"","Intercord",0.598,0.527,10,-8.659,0,0.0415,0.129,0,0.14,0.53,123.943,4
spotify:track:58q2HKrzhC3ozto2nDdN4z,"I Like It","Invasion of Privacy","Cardi B;Bad Bunny;J Balvin",2018-04-06,253390,84,true,nicmf,2024-05-08T04:30:24Z,"reggaeton,trap latino,latino,urbano latino","Atlantic/KSR",0.816,0.726,5,-3.998,0,0.129,0.099,0,0.372,0.65,136.048,4
spotify:track:5tvMPInkVFU1YQJZnQzEEL,"Forgotten","Under My Skin","Avril Lavigne",2004,197386,52,false,nicmf,2024-05-08T04:33:37Z,"","Arista",0.567,0.678,0,-3.229,0,0.0267,0.000268,0.000122,0.21,0.347,131.958,4
spotify:track:3MOECVkNshqHYTPt5DZcdN,"Five More Hours","Good Evening","Deorro;Chris Brown",2017-03-31,211975,77,false,raphaelfr17,2024-05-08T04:34:53Z,"melbourne bounce,eletrohouse,r&b","Ultra Records, LLC",0.699,0.883,5,-3.226,0,0.219,0.0288,0,0.817,0.499,127.961,4
spotify:track:02y4CADbBLKy1dpFsSeay5,"Reflection","Reflection (Deluxe)","Fifth Harmony",2015-01-30,188563,53,false,nicmf,2024-05-08T04:40:03Z,"","Syco Music/Epic",0.722,0.614,1,-4.519,1,0.191,0.5,0,0.0422,0.753,150.288,4
spotify:track:2iO6rLYnDiMJqioCefh395,"Solução - Acústico","UM44K Acústico","UM44K",2017-08-25,264257,49,false,nicmf,2024-05-08T04:40:29Z,"pop nacional,hip hop brasileiro,nova mpb","WM Brazil",0.592,0.283,4,-8.672,0,0.0296,0.811,0,0.0903,0.56,120.787,4
spotify:track:5s4catxeZsaWFnOrvrXZHf,"That's the Way It Is","The Very Best of Celine Dion","Céline Dion",2019-01-18,241373,68,false,nicmf,2024-05-08T04:51:22Z,"variété française","Columbia",0.634,0.886,9,-5.424,1,0.0434,0.154,0,0.118,0.577,93.04,4
spotify:track:5xEM5hIgJ1jjgcEBfpkt2F,"Complicated","Let Go","Avril Lavigne",2002-06-04,244506,90,false,nicmf,2024-05-08T04:54:05Z,"","Arista",0.585,0.776,5,-5.898,1,0.0459,0.0572,0.00000774,0.3,0.427,77.987,4
spotify:track:2fihoO76h66Hio6noF4tQD,"The DJ is Crying for Help","The DJ Is Crying For Help","AJR",2022-11-18,219520,46,true,raphaelfr17,2024-05-08T05:28:31Z,"","Mercury Records / Republic Records",0.518,0.679,11,-6.186,0,0.058,0.0439,0.00000171,0.107,0.362,145.023,4
spotify:track:7712gjoih4QoDbXpljEk21,"Paris","Midnights (3am Edition)","Taylor Swift",2022-10-22,196258,65,false,nicmf,2024-05-08T05:38:41Z,"","Taylor Swift",0.703,0.518,7,-10.501,1,0.085,0.103,0.0000289,0.148,0.347,110.94,4
spotify:track:4VWbPQUPvLes814r6T11Jz,"Les Champs-Elysées","Les Champs-Elysées","Joe Dassin",1969-08-20,157626,67,false,raphaelfr17,2024-05-08T05:40:16Z,"chanson,variété française,pop francês","Columbia",0.783,0.454,4,-8.251,1,0.0489,0.456,0,0.155,0.711,111.577,4
spotify:track:5qHYXcVvc9xsFB2uH7GpMN,"Kokomo","The Very Best Of The Beach Boys: Sounds Of Summer","The Beach Boys",2003-01-01,217692,78,false,raphaelfr17,2024-05-08T05:53:35Z,"pop barroco","Capitol Records",0.682,0.635,0,-10.05,1,0.0346,0.00863,0,0.137,0.927,115.584,4
spotify:track:16Cs9KsHzgunxaEfGrXysG,"Play Hard (feat. Ne-Yo & Akon) - New Edit","Play Hard (feat. Ne-Yo & Akon) [New Edit]","David Guetta;Akon;Ne-Yo",2013-03-15,208845,69,false,nicmf,2024-05-08T06:07:17Z,"edm","Parlophone (France)",0.723,0.87,8,-3.013,0,0.0435,0.035,0,0.656,0.678,129.952,4
spotify:track:3qN5qMTKyEEmiTZD38BNTT,"I'm Upset","Scorpion","Drake",2018-06-29,214466,68,true,nicmf,2024-05-08T06:09:43Z,"rap","Cash Money/Drake LP6",0.899,0.586,11,-7.866,0,0.343,0.279,0,0.0836,0.492,150.002,4
spotify:track:28aUFtkMnJaqNQkLHR0weV,"Show das Poderosas","Anitta","Anitta",2013-02-06,150933,63,false,nicmf,2024-05-08T17:55:04Z,"pop nacional,funk pop,funk,funk carioca","WM Brazil",0.806,0.694,5,-7.857,0,0.104,0.205,0,0.0447,0.661,132.97,4
spotify:track:4EVzu5mYyigjyLrryKbZs7,"VERMELHO","LADY LESTE","Gloria Groove",2022-02-10,152690,67,false,nicmf,2024-05-08T22:25:57Z,"pop nacional,funk pop,pagode,funk","SB Music",0.682,0.695,1,-3.763,0,0.0852,0.454,0,0.305,0.728,129.998,4
spotify:track:0Ph6L4l8dYUuXFmb71Ajnd,"Livin' la Vida Loca","Ricky Martin","Ricky Martin",1999,243160,83,false,nicmf,2024-05-09T16:59:06Z,"pop latino","C2Records/Columbia",0.425,0.954,1,-3.756,0,0.0476,0.00414,0,0.0555,0.933,178.043,4
spotify:track:7F25roCtYi55JouckaayPC,"Judas","Born This Way (International Special Edition Version)","Lady Gaga",2011-05-23,249066,86,false,nicmf,2024-05-09T17:25:14Z,"art pop,pop","Interscope",0.664,0.934,10,-3.848,0,0.0696,0.00108,0.0000273,0.271,0.529,130.983,4
spotify:track:4bia7OWZPoswlzXCqESYrR,"Smile","Goodbye Lullaby (Expanded Edition)","Avril Lavigne",2011-03-08,209520,67,true,nicmf,2024-05-09T20:31:43Z,"","Epic",0.634,0.848,1,-3.843,0,0.047,0.00237,0,0.0681,0.647,105.055,4
spotify:track:47BBI51FKFwOMlIiX6m8ya,"I Want It That Way","Millennium","Backstreet Boys",1999-05-18,213306,89,false,raphaelfr17,2024-05-09T20:32:55Z,"","Jive",0.689,0.694,6,-5.83,0,0.027,0.257,0,0.148,0.482,99.039,4
spotify:track:7wMq5n8mYSKlQIGECKUgTX,"Hall of Fame (feat. will.i.am)","#3 Deluxe Version","The Script;will.i.am",2012-09-10,202533,87,false,raphaelfr17,2024-05-09T20:33:13Z,"","Epic/Phonogenic",0.421,0.873,10,-4.343,1,0.0564,0.0654,0,0.123,0.629,84.786,4
spotify:track:4w3tQBXhn5345eUXDGBWZG,"9 to 5","9 To 5 And Odd Jobs","Dolly Parton",1980,166749,90,false,nicmf,2024-05-09T20:39:42Z,"country,country clássico","RCA Records Label",0.554,0.783,6,-5.852,1,0.0457,0.416,0.00000154,0.631,0.813,105.39,4
spotify:track:0BPrYI9uFyuI4WKmDx42q1,"Proud Mary","Glee: The Music, Volume 2","Glee Cast",2009-12-08,221466,38,false,nicmf,2024-05-09T20:40:26Z,"natal","Columbia",0.322,0.843,9,-5.108,0,0.139,0.0193,0.000381,0.624,0.608,175.483,4
spotify:track:4Wmjt3ICd1G0geHb2Loho1,"Thinking 'Bout You","Thinking 'Bout You","Dua Lipa",2017-01-06,171946,54,false,nicmf,2024-05-09T20:42:24Z,"pop","Dua Lipa Limited",0.802,0.481,4,-5.132,0,0.043,0.0856,0,0.152,0.468,90.973,4
spotify:track:3XDeeP9wBZzGhIPZmLfEEx,"Karma Chameleon","Colour By Numbers","Culture Club",1983-10-01,252760,68,false,nicmf,2024-05-09T20:51:32Z,"","Virgin Catalogue",0.661,0.552,10,-12.385,1,0.0337,0.214,0,0.206,0.928,92.056,4
spotify:track:78TTtXnFQPzwqlbtbwqN0y,"FourFiveSeconds","FourFiveSeconds","Rihanna;Kanye West;Paul McCartney",2015-01-24,188238,82,false,nicmf,2024-05-09T20:52:15Z,"rap","Roc Nation / Rihanna",0.582,0.272,2,-5.662,1,0.0501,0.875,0,0.13,0.354,205.846,4
spotify:track:6oNvmplQGUkmAh441Teows,"I Touch Myself","Divinyls","Divinyls",1991-01-01,227640,69,false,nicmf,2024-05-09T20:54:04Z,"","Virgin Records",0.66,0.711,5,-10.211,1,0.0334,0.181,0.00000747,0.0647,0.726,109.328,4
spotify:track:0bGLvHd0ApdT4t0shCfpzG,"Side Effects","Sick Boy","The Chainsmokers;Emily Warren",2018-12-14,172746,58,false,nicmf,2024-05-09T20:59:38Z,"","Disruptor Records/Columbia",0.669,0.711,8,-6.758,1,0.033,0.00217,0,0.466,0.544,110.01,4
spotify:track:6GDDjSF8kTVunYg6uPFwBT,"Tijolinho por Tijolinho","Tijolinho por Tijolinho","Enzo Rabelo;Zé Felipe",2018-08-10,181051,55,false,nicmf,2024-05-09T21:00:44Z,"sertanejo,sertanejo universitário,piseiro,agronejo,arrocha,forró","Worldshow",0.596,0.71,11,-4.33,1,0.0376,0.376,0,0.308,0.638,134.867,4
spotify:track:4tGOcukac8F9yugKvjrnqS,"2 Stars","Camp Rock","Meaghan Martin",2008-01-01,175106,54,false,nicmf,2024-05-09T21:01:32Z,"","Walt Disney Records",0.75,0.815,8,-4.648,1,0.0515,0.00282,0.000477,0.576,0.94,120.006,4
spotify:track:624ra5mDiibqvFYDK4yhmo,"Mulher de fases","Só No Forevis","Raimundos",1999,213333,74,false,raphaelfr17,2024-05-09T21:01:37Z,"rock brasileiro,mpb,pop nacional","WM Brazil",0.502,0.967,7,-4.14,1,0.0801,0.0122,0.00000822,0.342,0.466,131.939,4
spotify:track:5LtNBCM2ve0SxP0dlRVvMu,"I'm Gonna Show You Crazy","I'm Gonna Show You Crazy","Bebe Rexha",2014-12-19,207775,66,true,nicmf,2024-05-09T21:02:22Z,"","Warner Records",0.474,0.537,2,-6.77,1,0.0649,0.0758,0,0.316,0.335,90.103,4
spotify:track:1lCRw5FEZ1gPDNPzy1K4zW,"We Are The Champions - Remastered 2011","News Of The World (2011 Remaster)","Queen",1977-10-28,179200,56,false,nicmf,2024-05-09T21:03:56Z,"rock clássico,rock,glam rock","EMI",0.268,0.459,10,-6.94,1,0.0346,0.378,0,0.118,0.175,64.177,4
spotify:track:3hlGuz3loYoLfI3bpwieWq,"I Hate It Here","THE TORTURED POETS DEPARTMENT: THE ANTHOLOGY","Taylor Swift",2024-04-19,243875,72,false,nicmf,2024-05-09T21:04:07Z,"","Taylor Swift",0.485,0.562,2,-7.197,1,0.0346,0.717,0,0.357,0.297,105.953,4
spotify:track:4rHZZAmHpZrA3iH5zx8frV,"Mirrors","The 20/20 Experience (Deluxe Version)","Justin Timberlake",2013-03-15,485598,90,false,nicmf,2024-05-09T21:04:18Z,"","RCA Records Label",0.574,0.512,5,-6.664,0,0.0503,0.234,0,0.0946,0.512,76.899,4
spotify:track:3U5cECvoDDKlO7LxeIp0Lm,"Tamo Ai Na Atividade","Tamo Ai Na Atividade","Charlie Brown Jr.",2004-01-01,219573,68,false,nicmf,2024-05-09T21:08:22Z,"rock brasileiro,mpb,pop nacional","EMI Brazil",0.541,0.871,10,-3.417,0,0.0776,0.00298,0,0.0931,0.804,82.946,4
spotify:track:5qqabIl2vWzo9ApSC317sa,"Wonderwall - Remastered","(What's The Story) Morning Glory? [Remastered]","Oasis",1995-10-02,258773,89,false,nicmf,2024-05-09T21:08:37Z,"britpop","Big Brother",0.376,0.896,2,-4.065,1,0.0395,0.000452,0,0.194,0.472,174.379,4
spotify:track:2GyA33q5rti5IxkMQemRDH,"I Know What You Did Last Summer","Handwritten","Shawn Mendes;Camila Cabello",2015-04-14,223853,85,false,nicmf,2024-05-09T21:13:57Z,"","Island Records",0.687,0.761,9,-4.582,0,0.0876,0.102,0,0.147,0.743,113.939,4
spotify:track:3HIBaaib88387seJ9XJ4Mt,"Astronauta - Ao Vivo","Open House (Ao Vivo)","Dilsinho",2020-08-06,193777,30,false,nicmf,2024-05-09T21:19:54Z,"pagode,samba,sertanejo","Sony Music Entertainment",0.532,0.611,7,-8.209,1,0.0384,0.634,0,0.906,0.614,137.977,4
spotify:track:7qxjGHW485TL8ciwkHD5MK,"Not Today","Blurryface","Twenty One Pilots",2015-05-15,238040,65,false,nicmf,2024-05-09T21:24:07Z,"","Fueled By Ramen",0.77,0.706,2,-4.705,1,0.0302,0.0605,0.00182,0.0985,0.527,115.011,4
spotify:track:4gqjxYiEorFk0y9b92uFdE,"Bop To The Top","High School Musical","Lucas Grabeel;Sharpay Evans;High School Musical Cast;Disney",2006-01-01,107826,64,false,nicmf,2024-05-09T21:31:14Z,"","Walt Disney Records",0.603,0.81,7,-5.145,0,0.0653,0.347,0,0.0351,0.932,112.162,4
spotify:track:3cWO4Moun8JYsXA0BcPLBC,"Netflix Trip","The Click","AJR",2017-06-30,237787,42,false,nicmf,2024-05-09T21:33:42Z,"","Black Butter",0.463,0.734,7,-3.506,1,0.0436,0.0413,0,0.174,0.46,94.967,4
spotify:track:6NpyaGzRIy3ZAyrWp7GAiC,"danos colaterais","danos colaterais","Clarissa",2023-06-09,161587,40,false,nicmf,2024-05-10T17:48:24Z,"pop nacional,nova mpb,mpb","Virgin Music Label And Artist Services (S&D)",0.671,0.663,0,-6.65,0,0.0355,0.684,0.000665,0.183,0.876,140.014,4
spotify:track:22sLuJYcvZOSoLLRYev1s5,"Material Girl","Celebration (double disc version)","Madonna",2009-09-18,240280,16,false,nicmf,2024-05-11T21:58:42Z,"","Warner Records",0.742,0.883,0,-3.419,1,0.0329,0.335,0.00000751,0.0964,0.978,136.506,4
spotify:track:3lWzVNe1yFZlkeBBzUuZYu,"Bella Ciao - Música Original de la Serie la Casa de Papel/ Money Heist","Bella Ciao (Música Original de la Serie la Casa de Papel/ Money Heist)","Manu Pilas",2018-04-20,139844,8,false,nicmf,2024-05-11T22:48:21Z,"","Atresmúsica distributed by Altafonte",0.46,0.564,9,-10.329,0,0.0343,0.538,0,0.191,0.962,135.178,5
spotify:track:6K8qKeWo5MsFED7wCR6Kop,"Sing","x (Deluxe Edition)","Ed Sheeran",2014-06-21,235382,73,false,nicmf,2024-05-11T22:48:29Z,"o lado suave do pop","Atlantic Records UK",0.818,0.67,8,-4.451,0,0.0472,0.304,0.00000122,0.0601,0.939,119.988,4
spotify:track:4ofwffwvvnbSkrMSCKQDaC,"Shotgun","Staying at Tamara's","George Ezra",2018-03-23,201287,82,false,raphaelfr17,2024-05-12T00:56:28Z,"","Columbia",0.673,0.735,5,-4.733,1,0.0457,0.286,0,0.242,0.754,115.744,4
spotify:track:47EPnZtgvEekIifLvHtpOc,"Nossa Que Absurdo","Nossa Que Absurdo","Jerry Smith;Mc Nando Dk;DJ Cassula",2017,189518,50,false,nicmf,2024-05-12T00:56:45Z,"funk,brega funk","Produtora X",0.887,0.86,7,-0.213,0,0.072,0.573,0.00256,0.0802,0.873,133.007,4
spotify:track:1gv4xPanImH17bKZ9rOveR,"Raise Your Glass","Raise Your Glass","P!nk",2010-10-05,202960,82,true,raphaelfr17,2024-05-12T00:56:58Z,"","LaFace Records",0.7,0.709,7,-5.006,1,0.0838,0.0048,0,0.029,0.624,122.019,4
spotify:track:0ikz6tENMONtK6qGkOrU3c,"Wake Me Up Before You Go-Go","Make It Big","Wham!",1984-10-23,231333,85,false,nicmf,2024-05-14T02:11:03Z,"natal","Columbia",0.62,0.573,0,-11.893,1,0.0423,0.271,0,0.0607,0.897,81.548,4
spotify:track:0COqiPhxzoWICwFCS4eZcp,"Bring Me To Life","Fallen","Evanescence",2003-03-04,235893,94,false,raphaelfr17,2024-05-14T02:11:17Z,"metal alternativo","The Bicycle Music Company",0.331,0.943,4,-3.188,0,0.0698,0.00721,0.00000206,0.242,0.296,94.612,4
spotify:track:5Ly1ifwG61OwJwR06BWRoF,"Bring It Back","Handwritten (Deluxe)","Shawn Mendes",2015-04-14,159786,46,false,nicmf,2024-05-14T02:12:10Z,"","Island Records",0.466,0.448,11,-7.173,0,0.0327,0.158,0,0.127,0.27,79.306,4
spotify:track:7xqti214kTYnmT84pwA1KI,"Ela É Top","É Top","Mc Bola;DJ Gao",2016-10-18,162632,1,false,nicmf,2024-05-14T02:13:37Z,"funk,funk consciente,funk melody","Mc Bola",0.688,0.729,1,-5.424,0,0.428,0.364,0,0.182,0.919,78.847,4
spotify:track:6agmhXMz9WLd7QYlv9fDbe,"Live Like a Warrior","Spark Seeker","Matisyahu",2012-07-17,234179,40,false,nicmf,2024-05-14T02:16:50Z,"reggae,reggae rock,reggae cristão","Fallen Sparks/Thirty Tigers",0.288,0.812,10,-4.908,1,0.156,0.0719,0.00000345,0.329,0.349,90.006,4
spotify:track:7nedxv1LKO4fm5ZrDG3GRO,"A Fórmula do Amor (feat. Kid Abelha) - Remasterizado 2013","Nada Mudou (Box) [Remasterizado]","Leo Jaime;Kid Abelha",1983,209466,58,false,nicmf,2024-05-14T02:21:18Z,"rock brasileiro,pop nacional,mpb","Sony Music Entertainment",0.612,0.939,7,-4.898,1,0.0971,0.607,0.0000263,0.345,0.831,160.438,4
spotify:track:22OqansuvEMQu9W0EfiGTI,"We Don't Believe What's on TV","Blurryface","Twenty One Pilots",2015-05-15,177200,67,false,raphaelfr17,2024-05-14T02:23:16Z,"","Fueled By Ramen",0.547,0.936,9,-4.023,1,0.102,0.23,0.00000304,0.172,0.642,120.003,4
spotify:track:6C12q4nUqFUJMnGjAc0dhE,"Bem Resolvida","Disponível","Lexa",2015-09-11,199360,15,false,nicmf,2024-05-14T02:25:26Z,"funk,funk pop,pop nacional,funk carioca,brega funk","Som Livre",0.699,0.649,4,-6.052,1,0.0521,0.165,0,0.2,0.564,93.956,4
spotify:track:6dgWWAs5yhWPOtvE1zuoQ1,"Big Girls Don't Cry (Personal)","The Dutchess","Fergie",2006-09-13,268120,79,false,nicmf,2024-05-14T02:29:42Z,"","Will I Am / Fergie LP1",0.707,0.642,7,-4.271,1,0.0337,0.204,0,0.0925,0.249,113.083,4
spotify:track:2Zukohv1kW91bY2OUIXSct,"Something Big","Handwritten (Deluxe)","Shawn Mendes",2015-04-13,161440,0,false,nicmf,2024-05-14T02:29:52Z,"","Island Records",0.695,0.854,7,-3.891,0,0.0431,0.00614,0,0.158,0.804,112.008,4
spotify:track:2K6vUau7bnZUamjbRSOOvJ,"777","An Evening With Silk Sonic","Bruno Mars;Anderson .Paak;Silk Sonic",2021-11-12,165000,67,true,raphaelfr17,2024-05-14T02:36:41Z,"","Aftermath Entertainment/Atlantic",0.836,0.622,1,-11.003,1,0.0946,0.00269,0.000566,0.335,0.892,102.015,4
spotify:track:7e89621JPkKaeDSTQ3avtg,"Sweet Home Alabama","Second Helping (Expanded Edition)","Lynyrd Skynyrd",1974-04-15,283800,87,false,nicmf,2024-05-14T02:47:28Z,"southern rock,rock clássico,rock","Geffen*",0.596,0.606,7,-12.145,1,0.0255,0.181,0.000327,0.0863,0.886,97.785,4
spotify:track:0dgrFwOa0RrFzWcM0azTzx,"The Good Part","The Click","AJR",2017-06-30,227267,61,false,nicmf,2024-05-14T02:49:21Z,"","Black Butter",0.287,0.473,5,-3.551,1,0.034,0.0858,0.000044,0.383,0.577,186.283,4
spotify:track:1nInOsHbtotAmEOQhtvnzP,"Stronger (What Doesn't Kill You)","Stronger (Deluxe Version)","Kelly Clarkson",2011-10-24,221946,82,false,nicmf,2024-05-14T03:07:22Z,"natal","RCA Records Label",0.562,0.939,0,-4.282,1,0.0475,0.046,0,0.112,0.684,116.044,4
spotify:track:0ee30MUj0XZwtn7Zj0orEj,"Zé Ninguém","20 Grandes Sucessos De Biquini Cavadao","Biquini Cavadão",1999-01-01,269333,33,false,nicmf,2024-05-14T03:09:46Z,"rock brasileiro,pop nacional,mpb,pop rock","Universal Music Ltda.",0.733,0.628,7,-10.241,1,0.0495,0.0232,0,0.0625,0.857,122.577,4
spotify:track:28AnQ0p98RFzNGcVqjd3gU,"Segue O Fluxo - Live","O Bonde É Seu Ao Vivo (Live)","Mc Gui;MC Kapela",2014-01-01,153066,21,false,nicmf,2024-05-14T03:18:26Z,"funk,funk consciente,trap funk","Universal Music Ltda.",0.674,0.975,6,-5.336,1,0.0377,0.199,0,0.346,0.962,130.057,4
spotify:track:10rChmECwPcvTTj4w07hq4,"Welcome to My Life","Still Not Getting Any...","Simple Plan",2004-10-25,206773,76,false,nicmf,2024-05-14T03:20:26Z,"pop punk,punk,emo","143/Atlantic Entertainment",0.421,0.858,1,-4.535,1,0.0963,0.0134,0,0.067,0.491,173.255,4
spotify:track:7msCKNrI0vZw9H4MIgLnAh,"Don't Be A Fool","Illuminate (Deluxe)","Shawn Mendes",2017-04-20,215773,58,false,nicmf,2024-05-14T03:36:23Z,"","Island Records",0.473,0.339,11,-6.039,0,0.0363,0.599,0,0.104,0.266,175.308,3
spotify:track:5IZvHSW6xqxHFnZIfgWImC,"Beats","Neotheater","AJR",2019-04-26,198571,37,false,raphaelfr17,2024-05-14T03:36:26Z,"","Black Butter",0.59,0.682,0,-7.223,1,0.0564,0.0198,0,0.178,0.665,125.055,4
spotify:track:0dSchkfNB8SzYj8Bx7bcCW,"Try","Gypsy Heart Side A","Colbie Caillat",2014-06-09,224546,63,false,nicmf,2024-05-14T03:56:45Z,"","Universal Records",0.609,0.367,1,-9.765,1,0.0291,0.804,0,0.108,0.545,140.006,4
spotify:track:1fj1vbvyp84GJXHGBdKnnV,"Pequenos Detalhes - Ao Vivo","Open House (Ao Vivo)","Dilsinho",2020-08-06,160364,25,false,nicmf,2024-05-14T03:57:16Z,"pagode,samba,sertanejo","Sony Music Entertainment",0.563,0.732,2,-7.411,1,0.0435,0.532,0,0.957,0.66,142.052,4
spotify:track:3UhXPxLDFKCj1ZO6mmtV0a,"Apologize","Dreaming Out Loud","OneRepublic",2007-11-20,208106,78,false,nicmf,2024-05-14T04:05:04Z,"","Mosley / Interscope",0.593,0.74,8,-6.12,1,0.0339,0.364,0.0000214,0.102,0.501,118.01,4
spotify:track:036zGp5QZFXOyvbv6H7FgK,"Don't Wanna Miss You","Don't Wanna Miss You","Catalin Josan",2010-01-01,188853,14,false,nicmf,2024-05-14T04:12:34Z,"","Universal Music Romania",0.54,0.62,6,-5.345,1,0.0377,0.128,0,0.118,0.714,121.963,4
spotify:track:4dfuhqt8pGykiHiYroPXyw,"Desordem","84 94 - Volume 2","Titãs",1984-05-30,243773,32,false,nicmf,2024-05-14T18:50:24Z,"rock brasileiro,mpb,pop nacional","WM Brazil",0.7,0.739,4,-8,1,0.0339,0.147,0.0000673,0.115,0.697,146.318,4
spotify:track:3f7gYMirBEKuc57218BjOY,"California Gurls","Teenage Dream","Katy Perry;Snoop Dogg",2010-08-24,234653,72,false,nicmf,2024-05-14T18:54:16Z,"pop,g-funk,west coast hip hop,gangster rap,hip hop old school,hip hop,rap","Capitol Records",0.789,0.753,0,-3.71,1,0.0537,0.0038,0,0.18,0.403,125.007,4
spotify:track:5FTCKvxzqy72ceS4Ujux4N,"What's My Name?","Loud","Rihanna;Drake",2010-11-16,263173,73,true,nicmf,2024-05-14T20:39:51Z,"rap","Def Jam Recordings",0.692,0.786,2,-2.959,1,0.069,0.23,0,0.0797,0.583,100.025,4
spotify:track:3O8NlPh2LByMU9lSRSHedm,"Controlla","Views","Drake",2016-05-06,245226,78,true,nicmf,2024-05-14T20:51:52Z,"rap","Cash Money Records/Young Money Ent./Universal Rec.",0.59,0.468,10,-11.083,0,0.185,0.0789,0,0.101,0.349,92.287,4
spotify:track:1j6gmK6u4WNI33lMZ8dC1s,"Our Song","Taylor Swift (Deluxe Edition)","Taylor Swift",2006-10-24,201106,65,false,nicmf,2024-05-14T21:18:11Z,"","Taylor Swift",0.668,0.672,2,-4.931,1,0.0303,0.111,0,0.329,0.539,89.011,4
spotify:track:4k9EAtZdZrzPlBUsFncXCZ,"Work This Out","High School Musical 2 (Original Soundtrack)","High School Musical Cast;Disney",2007-01-01,183306,63,false,nicmf,2024-05-14T21:18:19Z,"","Walt Disney Records",0.778,0.939,5,-4.695,0,0.0977,0.00707,0.0000435,0.0687,0.809,121.999,4
spotify:track:0t7fVeEJxO2Xi4H2K5Svc9,"Send My Love (To Your New Lover)","25","Adele",2015-11-20,223078,77,false,nicmf,2024-05-14T21:19:52Z,"o lado suave do pop","XL Recordings",0.688,0.533,6,-8.363,0,0.0865,0.0355,0.00000348,0.172,0.567,164.069,4
spotify:track:3by8IfnW9dZ2t4pZw1WVxz,"Stone Cold","Confident","Demi Lovato",2015-01-01,191307,67,false,nicmf,2024-05-14T21:23:40Z,"","Hollywood Records",0.419,0.453,8,-7.685,1,0.0437,0.539,0,0.0971,0.356,140.327,3
spotify:track:4VySpxhRGy32u5zPCprzDn,"Too Close","The Lateness Of The Hour","Alex Clare",2011-01-01,256613,66,false,nicmf,2024-05-14T21:24:05Z,"","Universal-Island Records Ltd.",0.588,0.694,11,-4.278,0,0.0387,0.00948,0,0.113,0.271,126.027,4
spotify:track:1gihuPhrLraKYrJMAEONyc,"Feel So Close - Radio Edit","18 Months","Calvin Harris",2012-10-29,206413,90,false,raphaelfr17,2024-05-14T21:27:03Z,"edm","Columbia",0.707,0.924,7,-2.842,1,0.031,0.000972,0.00703,0.204,0.919,127.937,4
spotify:track:2alSolsNLBsV65VzU56uMJ,"Maria da Vila Matilde","A Mulher do Fim do Mundo","Elza Soares",2018-05-03,224615,51,false,nicmf,2024-05-14T21:28:55Z,"samba,mpb,bossa nova","Circus Prod Culturais [dist. Tratore]",0.622,0.687,0,-8.435,1,0.264,0.177,0,0.0984,0.821,152.372,4
spotify:track:36MTiIMLW5v70S5cZIWRm3,"Polícia","Cabeça Dinossauro","Titãs",1986-06-25,128933,45,false,nicmf,2024-05-14T21:38:25Z,"rock brasileiro,mpb,pop nacional","WM Brazil",0.627,0.804,9,-11.551,1,0.0312,0.0124,0,0.316,0.851,99.693,4
spotify:track:4Vxu50qVrQcycjRyJQaZLC,"Life Changes","Life Changes","Thomas Rhett",2017-09-08,190226,62,false,nicmf,2024-05-14T21:54:40Z,"country,country acústico,pop country","The Valory Music Co.",0.687,0.845,7,-4.37,1,0.0575,0.1,0,0.0452,0.809,87.972,4
spotify:track:3AJwUDP919kvQ9QcozQPxg,"Yellow","Parachutes","Coldplay",2000-07-10,266773,95,false,raphaelfr17,2024-05-14T21:57:51Z,"","Parlophone UK",0.429,0.661,11,-7.227,1,0.0281,0.00239,0.000121,0.234,0.285,173.372,4
spotify:track:4N5s8lPTsjI9EGP7K4SXzB,"Green Green Grass","Gold Rush Kid","George Ezra",2022-06-10,167613,73,false,raphaelfr17,2024-05-14T21:58:00Z,"","Columbia",0.685,0.738,8,-4.413,1,0.0595,0.0695,0,0.128,0.8,112.972,4
spotify:track:3Onauf4gbyukrmkSL150ch,"Outta My Head (Ay Ya Ya) - New Edit","Bittersweet World","Ashlee Simpson",2008-01-01,217613,28,false,nicmf,2024-05-16T01:32:00Z,"bubblegum pop","Geffen",0.792,0.713,5,-4.061,0,0.0437,0.0466,0.00191,0.159,0.553,137.971,4
spotify:track:5N878t5t4plH6VGqBzI4Wp,"Bela","Princesas Disney 2","Ju Cassou",2011-01-01,306906,42,false,nicmf,2024-05-16T02:02:50Z,"","Walt Disney Records",0.562,0.384,0,-12.125,1,0.0875,0.811,0,0.254,0.379,128.307,4
spotify:track:5kqIPrATaCc2LqxVWzQGbk,"7 Years","Lukas Graham","Lukas Graham",2016-04-01,237300,88,false,nicmf,2024-05-16T02:32:00Z,"pop dinamarquês","Warner Records",0.765,0.473,10,-5.829,1,0.0514,0.287,0,0.391,0.34,119.992,4
spotify:track:4T0ScSPdQKmGvruK7pavNP,"Flex (Ooh, Ooh, Ooh)","Flex (Ooh, Ooh, Ooh) - Single","Rich Homie Quan",2015-02-10,176744,64,true,nicmf,2024-05-16T02:34:42Z,"southern hip hop","Think It's A Game Records",0.726,0.607,2,-7.68,1,0.0498,0.0389,0,0.19,0.891,81.997,4
spotify:track:7zrHcgv63pWVbFy5koC8Fe,"Sign Your Name","100 Miles From Memphis","Sheryl Crow",2010-01-01,336880,30,false,nicmf,2024-05-16T02:38:03Z,"","A&M",0.651,0.542,7,-10.145,1,0.0252,0.0222,0,0.0671,0.699,97.18,4
spotify:track:4T3fNx3CgwDRRYgmFCbD4J,"Better","Better","Khalid",2018-09-14,229412,68,true,nicmf,2024-05-16T02:41:20Z,"","Right Hand Music Group, LLC/RCA Records",0.442,0.585,0,-10.332,0,0.0964,0.0984,0.391,0.14,0.116,97.565,4
spotify:track:44HBcWA1jp22uKjKbwZd7Z,"Do You Remember","In Between Dreams","Jack Johnson",2005-01-01,144013,64,false,nicmf,2024-05-16T02:46:20Z,"surf rock","Jack Johnson",0.595,0.295,2,-11.388,1,0.0318,0.773,0.000127,0.167,0.704,91.936,4
spotify:track:4w1lzcaoZ1IC2K5TwjalRP,"A Thousand Miles","Be Not Nobody","Vanessa Carlton",2002-04-30,237493,87,false,nicmf,2024-05-16T02:47:22Z,"","A&M",0.56,0.825,11,-3.862,1,0.0379,0.323,0,0.161,0.268,94.931,4
spotify:track:3pm1X3oQBKQ4vcp3i9PWRg,"Things We Lost In The Fire","Bad Blood","Bastille",2013-01-01,240746,64,false,nicmf,2024-05-16T02:51:33Z,"","Virgin Records",0.587,0.918,4,-4.878,0,0.0581,0.0636,0,0.267,0.629,134.055,4
spotify:track:0PurA4JVJ8YQgSVopY8fn6,"tolerate it","evermore","Taylor Swift",2020-12-11,245440,73,true,nicmf,2024-05-16T02:56:23Z,"","Taylor Swift",0.316,0.361,9,-10.381,1,0.0488,0.878,0.0000267,0.0797,0.221,74.952,5
spotify:track:15og0pCEcTFWEXOFKdcJlU,"Hate Me","Brightest Blue","Ellie Goulding;Juice WRLD",2020-07-16,188066,85,false,nicmf,2024-05-16T03:53:35Z,"rap melódico,rap emo","Polydor Records",0.64,0.789,8,-4.891,1,0.0644,0.0875,0,0.147,0.762,75.018,4
spotify:track:3bnVBN67NBEzedqQuWrpP4,"Tear in My Heart","Blurryface","Twenty One Pilots",2015-05-15,188493,80,false,raphaelfr17,2024-05-16T04:26:26Z,"","Fueled By Ramen",0.655,0.632,2,-4.802,1,0.0489,0.0189,0,0.0722,0.447,120.113,4
spotify:track:4rkUEE5iTzG0szS8k8QzqR,"Flashlight - From ""Pitch Perfect 2"" Soundtrack","Flashlight (From ""Pitch Perfect 2"" Soundtrack)","Jessie J",2015-04-14,208666,76,false,nicmf,2024-05-16T06:24:11Z,"","UME – PP2 OST",0.383,0.616,5,-7.118,1,0.0515,0.314,0.00000721,0.11,0.48,147.625,4
spotify:track:3eng6TJxpqjvDkxRpnfnhB,"Big Plans","Big Plans","Why Don't We",2019-01-17,179929,64,false,nicmf,2024-05-17T17:39:37Z,"","Atlantic Records",0.693,0.604,11,-5.279,1,0.0427,0.0668,0,0.114,0.651,75.014,4
spotify:track:5vC8UAOHeG95ehRzZChniB,"Ai Preto","Ai Preto","L7NNON;DJ Biel do Furduncinho;Bianca",2022-06-03,131583,3,false,nicmf,2024-05-24T04:01:03Z,"trap brasileiro,hip hop brasileiro,trap funk,trap,funk carioca,funk,hip-hop norueguês,pop norueguês","Papatunes",0.953,0.57,6,-5.149,1,0.245,0.537,0,0.0993,0.834,129.947,4
spotify:track:2Mpj1Ul5OFPyyP4wB62Rvi,"Survivor","Survivor","Destiny's Child",2001-05-01,254026,74,false,nicmf,2024-05-24T04:25:26Z,"","Columbia",0.514,0.911,1,-2.027,0,0.41,0.0559,0,0.775,0.619,161.109,4
spotify:track:2y3SDQPL7VEKn4LlqW7KCU,"Navegador","Vem","Mallu Magalhães",2017,210175,31,false,nicmf,2024-05-30T02:35:07Z,"nova mpb,mpb","Quero Quero",0.58,0.657,0,-5.868,1,0.0276,0.498,0,0.0568,0.566,116.974,4
spotify:track:4tXr9v3K7nWW1aebWqR1B7,"Anybody Seen My Baby? - Remastered 2009","Bridges To Babylon (Remastered)","The Rolling Stones",1997-09-29,271160,66,false,nicmf,2024-05-30T02:35:51Z,"rock clássico,rock","Polydor Records",0.603,0.742,4,-4.363,0,0.0327,0.00286,0.00105,0.256,0.47,105.036,4
spotify:track:5Tb0IjmjKKNa81rCXjqBiG,"In The Morning","In The Morning","Jennifer Lopez",2020-11-27,167290,42,false,nicmf,2024-05-30T02:38:06Z,"","Craft Recordings",0.684,0.78,6,-5.968,0,0.0772,0.106,0,0.208,0.735,98.952,4
spotify:track:35mvY5S1H3J2QZyna3TFe0,"positions","Positions","Ariana Grande",2020-10-30,172324,84,true,nicmf,2024-05-30T02:42:05Z,"pop","Republic Records",0.737,0.802,0,-4.771,1,0.0878,0.468,0,0.0931,0.682,144.015,4
spotify:track:3DRSpgSfeQlPVqPQ7YQiK3,"Xibom Bombom","Xibom Bombom","As Meninas",1999-01-01,227226,56,false,nicmf,2024-05-30T02:49:25Z,"axé","Universal Music Ltda.",0.918,0.806,11,-7.43,1,0.169,0.174,0,0.0564,0.965,148.581,4
spotify:track:6papTLHiJ8Jgrul1sRGfrT,"Sticky Dough (feat. Bambam)","DNA","Wanessa Camargo;Bambam",2011-07-18,212733,33,false,nicmf,2024-05-30T02:50:24Z,"pop nacional","Sony BMG Music Entertainment",0.781,0.914,11,-4.415,0,0.0471,0.0045,0.0995,0.261,0.715,128.022,4
spotify:track:2qxaR31Te4xDR2yO6LqM8z,"Rock Bottom","HAIZ","Hailee Steinfeld;DNCE",2016-02-26,198240,66,false,nicmf,2024-05-30T02:51:54Z,"","Universal Records",0.611,0.706,8,-5.036,1,0.0603,0.313,0,0.053,0.724,157.968,4
spotify:track:12ntTeqEeTg7GAVpe8Mhpl,"marjorie","evermore","Taylor Swift",2020-12-11,257773,68,false,nicmf,2024-05-30T02:54:09Z,"","Taylor Swift",0.535,0.561,5,-11.609,1,0.0484,0.876,0.000136,0.115,0.287,96.103,4
spotify:track:3tSuRiNgJmMqmYR23dCqnR,"I Hate This Part","Doll Domination (Deluxe)","The Pussycat Dolls",2008-09-23,218400,72,false,nicmf,2024-05-30T03:08:38Z,"","Pussycat Dolls LP2 / Timbaland",0.756,0.612,5,-4.371,1,0.0315,0.0659,0,0.274,0.453,111.574,4
spotify:track:0cj9hVVRrYqLfAgaWnTnSx,"Weekend","Need To Know","Priory",2015-04-03,241574,31,false,nicmf,2024-05-30T03:09:50Z,"","Warner Records",0.6,0.817,7,-6.401,1,0.0642,0.0696,0,0.133,0.652,151.95,4
spotify:track:52Rp3xBJFYYdmpgzDy0Quf,"The Tide Is High","Atomic/Atomix","Blondie",1999-01-01,232733,60,false,nicmf,2024-05-30T03:11:41Z,"","Parlophone Catalogue",0.779,0.676,11,-7.258,1,0.0259,0.0417,0.032,0.125,0.962,96.961,4
spotify:track:4vUmTMuQqjdnvlZmAH61Qk,"South of the Border (feat. Camila Cabello & Cardi B)","No.6 Collaborations Project","Ed Sheeran;Camila Cabello;Cardi B",2019-07-12,204466,77,false,nicmf,2024-05-30T03:12:25Z,"o lado suave do pop","Atlantic Records UK",0.857,0.621,9,-6.376,0,0.0825,0.148,0,0.0865,0.668,97.989,4
spotify:track:5rUETOajWWAqpjamjDD4cT,"cycles","BLUE LIPS (lady wood phase II)","Tove Lo",2017-11-17,208390,40,false,nicmf,2024-05-30T03:14:03Z,"","Universal Music AB",0.584,0.643,7,-7.092,1,0.538,0.367,0,0.244,0.447,104.41,4
spotify:track:4kfSXPK13aXkLzuz02hCSC,"greedy","THINK LATER","Tate McRae",2023-12-08,129686,68,true,nicmf,2024-05-30T03:43:31Z,"","RCA Records Label",0.746,0.705,6,-3.558,0,0.0332,0.275,0,0.216,0.858,111.013,1
spotify:track:6FiySur7YZL0Kff2YVGsEB,"Right Foot Creep","Top","YoungBoy Never Broke Again",2020-09-11,159085,62,true,raphaelfr17,2024-05-30T03:45:11Z,"","Never Broke Again, LLC",0.725,0.79,3,-4.773,0,0.327,0.346,0,0.195,0.815,157.99,4
spotify:track:0ccwMrlZONy5yXrirq7lTe,"La Da Dee","Surfers Paradise (Expanded)","Cody Simpson",2013-07-23,196786,70,false,nicmf,2024-05-30T03:49:18Z,"","Warner Music Group - X5 Music Group",0.657,0.828,5,-5.544,1,0.0728,0.00847,0,0.326,0.566,115.954,4
spotify:track:36CKza28wMxYdjdzji7ine,"I Started A Joke","Idea (Deluxe Edition)","Bee Gees",1968-08-11,188306,72,false,nicmf,2024-05-30T03:51:58Z,"disco","Bee Gees Catalog",0.31,0.464,7,-8.755,1,0.0275,0.156,0.00000817,0.132,0.431,144.775,4
spotify:track:1MxN2gkHGEVTFYFqB5zcGi,"More Than Alive","I'm Alive, I'm Dreaming (Deluxe)","The Ready Set",2010-06-14,204946,34,false,nicmf,2024-05-30T04:10:06Z,"","Sire/Reprise",0.618,0.93,0,-3.795,1,0.0483,0.101,0,0.161,0.747,139.996,4
spotify:track:0dIoGTQXDh1wVnhIiSyYEa,"Bartier Cardi (feat. 21 Savage)","Invasion of Privacy","Cardi B;21 Savage",2018-04-06,224284,67,true,nicmf,2024-05-30T04:19:21Z,"","Atlantic/KSR",0.908,0.524,1,-7.955,1,0.181,0.00111,0.000678,0.383,0.109,138.015,4
spotify:track:0LwbO2KIQw1uR2FCqwaKAu,"Bad Together","Dua Lipa (Deluxe)","Dua Lipa",2017-06-02,238826,47,false,nicmf,2024-05-30T04:28:17Z,"pop","Warner Records",0.703,0.628,5,-6.349,0,0.0284,0.0076,0,0.471,0.425,103.983,4
spotify:track:5yuShbu70mtHXY0yLzCQLQ,"Go Flex","Stoney (Deluxe)","Post Malone",2016-12-09,179613,78,true,nicmf,2024-05-30T04:52:27Z,"","Mercury Records/Republic Owned",0.665,0.498,5,-8.185,1,0.083,0.23,0,0.0757,0.127,81.958,4
spotify:track:1QbOvACeYanja5pbnJbAmk,"Take Me Home, Country Roads","The John Denver Collection, Vol 1: Take Me Home Country Roads","John Denver",1997-06-17,197813,81,false,raphaelfr17,2024-05-30T05:01:17Z,"folk","Windstar Records",0.38,0.43,9,-12.564,1,0.0288,0.546,0.0000171,0.188,0.547,82.204,4
spotify:track:0he909ZlMUk631mzXeSgq4,"Cut You Off","Rare (Deluxe)","Selena Gomez",2020-04-09,182016,40,true,nicmf,2024-05-30T05:36:18Z,"","Interscope Records",0.856,0.292,5,-8.676,1,0.277,0.302,0.0000842,0.091,0.841,139.746,4
spotify:track:09mEdoA6zrmBPgTEN5qXmN,"Call Out My Name","My Dear Melancholy,","The Weeknd",2018-03-30,228373,88,false,nicmf,2024-05-30T05:45:24Z,"","The Weeknd/Lyric",0.461,0.593,1,-4.954,1,0.0356,0.165,0,0.307,0.174,134.165,3
spotify:track:37R0bQOQj5a7DOqh1TGzvB,"One Call Away","Nine Track Mind","Charlie Puth",2016-01-29,194453,74,false,nicmf,2024-05-30T06:00:32Z,"o lado suave do pop","Artist Partner",0.667,0.613,1,-5.353,1,0.0344,0.403,0,0.115,0.47,91.024,4
spotify:track:2iuZJX9X9P0GKaE93xcPjk,"Sugar","V","Maroon 5",2014-09-02,235493,86,true,nicmf,2024-05-30T18:31:59Z,"pop","Interscope Records*",0.748,0.788,1,-7.055,1,0.0334,0.0591,0,0.0863,0.884,120.076,4
spotify:track:2VWsju2DQZHz4GJ60UIcqF,"Babel","Babel (Deluxe Version)","Mumford & Sons",2012-09-21,207934,55,false,nicmf,2024-05-30T18:32:10Z,"folk,indie folk,folk rock","Universal-Island Records Ltd.",0.395,0.826,2,-5.918,1,0.0508,0.0251,0.000266,0.0856,0.637,81.684,4
spotify:track:1jF7IL57ayN4Ity3jQqGu0,"Try","The Truth About Love","P!nk",2012-09-18,247911,87,false,nicmf,2024-05-30T18:32:45Z,"","RCA Records Label",0.674,0.628,2,-7.079,1,0.03,0.00144,0,0.0944,0.552,103.998,4
spotify:track:0Hf4aIJpsN4Os2f0y0VqWl,"Feel This Moment (feat. Christina Aguilera)","Global Warming: Meltdown (Deluxe Version)","Pitbull;Christina Aguilera",2012,229500,87,false,nicmf,2024-05-30T19:35:33Z,"","Mr.305/Polo Grounds Music/RCA Records",0.673,0.758,7,-3.632,1,0.158,0.039,0,0.341,0.542,135.956,4
spotify:track:2HUBtrX9MicIMxhzrSRlHA,"4 Real","Goodbye Lullaby (Expanded Edition)","Avril Lavigne",2011-03-08,208400,47,false,nicmf,2024-05-30T19:41:35Z,"","Epic",0.516,0.844,0,-5.614,1,0.0337,0.000709,0,0.108,0.278,77.535,4
spotify:track:7ef4DlsgrMEH11cDZd32M6,"One Kiss (with Dua Lipa)","One Kiss (with Dua Lipa)","Calvin Harris;Dua Lipa",2018-04-06,214846,84,false,raphaelfr17,2024-05-30T19:41:48Z,"edm,pop","Sony Music UK",0.791,0.862,9,-3.24,0,0.11,0.037,0.0000219,0.0814,0.592,123.994,4
spotify:track:0Jlcvv8IykzHaSmj49uNW8,"the 1","folklore","Taylor Swift",2020-07-24,210251,79,true,nicmf,2024-05-30T19:42:03Z,"","Taylor Swift",0.777,0.357,0,-6.942,1,0.0522,0.757,0.00000728,0.108,0.172,139.884,4
spotify:track:7HC7R2D8WjXVcUHJyEGjRs,"Breathe (feat. Colbie Caillat) (Taylor’s Version)","Fearless (Taylor's Version)","Taylor Swift;Colbie Caillat",2021-04-09,263377,63,false,nicmf,2024-05-30T19:45:24Z,"","Taylor Swift",0.506,0.626,1,-6.066,1,0.0287,0.156,0,0.228,0.321,148.035,4
spotify:track:3PY47EpOouHdbDI4z5jw3v,"Touchy Feely Fool","The Maybe Man","AJR",2023-11-10,215000,59,true,nicmf,2024-05-30T19:47:28Z,"","Mercury Records / Republic Records",0.431,0.742,2,-5.339,1,0.101,0.118,0,0.339,0.621,81.109,4
spotify:track:3vCH7bgO37Cx4dOIUlX9sv,"Maliciosa - Ao Vivo","Maliciosa (Ao Vivo)","LUDMILLA",2024-01-18,167027,66,false,nicmf,2024-05-30T19:50:45Z,"pagode,pop nacional,funk pop,funk,pagode baiano,funk carioca,samba","SEM QUERER MUSIC",0.607,0.814,7,-7.318,1,0.106,0.812,0,0.351,0.681,176.032,4
spotify:track:4fouWK6XVHhzl78KzQ1UjL,"abcdefu","abcdefu","GAYLE",2021-08-13,168601,68,true,raphaelfr17,2024-05-30T19:58:47Z,"","Atlantic/Arthouse Records",0.695,0.54,4,-5.692,1,0.0493,0.299,0,0.367,0.415,121.932,4
spotify:track:7pNwkpoLKmjkm0qmnVIEcR,"Abc","Galinha Pintadinha, Vol. 1","Galinha Pintadinha",2006-06-01,115186,53,false,raphaelfr17,2024-05-30T19:59:32Z,"canção de ninar,música infantil","Bromélia [dist. Tratore]",0.784,0.575,1,-7.875,1,0.0343,0.124,0.0000171,0.0695,0.862,137.031,4
spotify:track:7pqgMEKsDMOHUdFQ7n0N9K,"Dangerous (feat. Sam Martin)","Listen","David Guetta;Sam Martin",2014-11-10,203641,75,false,nicmf,2024-05-30T20:04:04Z,"edm","Parlophone (France)",0.466,0.747,4,-4.838,0,0.0795,0.417,0.00000976,0.107,0.43,92.161,4
spotify:track:3bidbhpOYeV4knp8AIu8Xn,"Can't Hold Us (feat. Ray Dalton)","The Heist","Macklemore;Ryan Lewis;Macklemore & Ryan Lewis;Ray Dalton",2012-10-09,258342,83,false,nicmf,2024-05-30T20:16:41Z,"","Macklemore",0.641,0.922,2,-4.457,1,0.0786,0.0291,0,0.0862,0.847,146.078,4
spotify:track:51NrdlQOSTeq0d6U7xRKsz,"Can't Back Down - From ""Camp Rock 2: The Final Jam""","Camp Rock 2: The Final Jam","Demi Lovato;Alyson Stoner;Anna Maria Perez de Taglé",2010-01-01,199933,64,false,nicmf,2024-05-30T20:17:10Z,"","Walt Disney Records",0.637,0.849,8,-4.348,1,0.0957,0.0793,0,0.0847,0.699,120.052,4
spotify:track:2vJCtLLG01jUOtM5p6CTtY,"Já Ouviu Aquele Ditado","Já Ouviu Aquele Ditado","MC Fefe Da ZL;MC MN;DJ NOVATO",2023-02-14,119182,51,false,nicmf,2024-05-30T20:21:26Z,"funk,phonk,phonk brasileiro,funk carioca","DJM Musics",0.897,0.745,4,-5.634,0,0.229,0.524,0,0.0697,0.657,130.08,4
spotify:track:1BANPzYIhCQkJ1ZFq2Fb0O,"Next Semester","Clancy","Twenty One Pilots",2024-05-24,234400,71,false,raphaelfr17,2024-05-30T21:15:23Z,"","Fueled By Ramen",0.234,0.823,4,-5.042,1,0.135,0.0225,0.000017,0.11,0.127,174.916,4
spotify:track:0lnxrQAd9ZxbhBBe7d8FO8,"MMMBop","Middle Of Nowhere","Hanson",1997-01-01,268653,73,false,nicmf,2024-05-30T21:27:27Z,"","Island Mercury",0.683,0.937,9,-6.335,1,0.0449,0.00481,0.0046,0.07,0.619,104.879,4
spotify:track:3JsXfbQos7oUqMAPs27gxk,"Bebida Que Pisca","Valesca Popozuda (Remaster)","Valesca Popozuda",2013-07-12,166844,34,true,nicmf,2024-05-30T21:34:33Z,"funk,funk pop,pop nacional,funk carioca","Berger Mobile",0.911,0.712,0,-5.647,1,0.203,0.304,0,0.0253,0.489,129.958,4
spotify:track:37erXXnh4mlWE7mdO6EYOp,"Ausência - Ao Vivo | Acústico","Marília Mendonça - Perfil (Ao Vivo)","Marília Mendonça",2016,149995,67,false,nicmf,2024-05-30T21:42:36Z,"sertanejo,sertanejo universitário,arrocha,forró","Som Livre",0.824,0.486,5,-5.579,0,0.0458,0.65,0,0.135,0.82,97.94,4
spotify:track:3OqUKwtBIuzdLrCY2hjEW4,"3000 Miles","Nothing To Lose (Deluxe Version)","Emblem3",2013-07-26,227320,41,false,nicmf,2024-05-30T21:48:59Z,"","Syco Music/Columbia Records",0.569,0.579,0,-5.008,1,0.03,0.139,0,0.103,0.24,146.055,4
spotify:track:43zdsphuZLzwA9k4DJhU0I,"when the party's over","WHEN WE ALL FALL ASLEEP, WHERE DO WE GO?","Billie Eilish",2019-03-29,196077,86,false,nicmf,2024-05-30T21:49:36Z,"","Darkroom/Interscope Records",0.367,0.111,4,-14.084,1,0.0972,0.978,0.0000397,0.0897,0.198,82.642,4
spotify:track:2N2s2s2w0jmSIPNZcm8Jnr,"Hooked","8 Letters","Why Don't We",2018-08-31,204906,67,false,nicmf,2024-05-30T21:54:12Z,"","Atlantic Records",0.623,0.624,1,-5.469,1,0.0595,0.0941,0,0.119,0.347,180.016,4
spotify:track:37LEkmNdegFwoS55DdL6Ov,"Let's Get It Started","Sport","Black Eyed Peas",2020-09-04,218993,60,false,nicmf,2024-05-30T22:03:35Z,"","UME - Global Clearing House",0.726,0.769,2,-3.474,1,0.188,0.114,0,0.238,0.771,104.9,4
spotify:track:3QzAOrNlsabgbMwlZt7TAY,"Ballin' (with Roddy Ricch)","Perfect Ten","Mustard;Roddy Ricch",2019-06-28,180434,79,true,nicmf,2024-05-30T22:07:39Z,"rap melódico","10 Summers Records/Interscope Records",0.809,0.545,7,-6.678,1,0.0734,0.392,0,0.151,0.244,97.008,4
spotify:track:6VsvKPJ4xjVNKpI8VVZ3SV,"invisible string","folklore","Taylor Swift",2020-07-24,252880,76,false,nicmf,2024-05-30T22:09:25Z,"","Taylor Swift",0.653,0.452,4,-11.143,0,0.055,0.838,0.0000773,0.108,0.45,83.433,4
spotify:track:7vWFaMq63AwkFDhS2OAg5u,"The Time (Dirty Bit)","The Beginning (Deluxe)","Black Eyed Peas",2010-01-01,307640,80,false,nicmf,2024-05-30T22:10:02Z,"","A&M",0.816,0.814,6,-7.798,0,0.0663,0.0661,0.00000276,0.602,0.436,127.978,4
spotify:track:6Qb7YsAqH4wWFUMbGsCpap,"Training Season","Training Season","Dua Lipa",2024-02-15,209487,85,false,nicmf,2024-05-30T22:20:30Z,"pop","Warner Records",0.812,0.587,5,-4.483,0,0.0477,0.0349,0.00000264,0.123,0.664,123.041,4
spotify:track:6TW2OHata91dIc99MZehcT,"Seasons","Never Been Better (Expanded Edition)","Olly Murs",2014-11-24,217258,44,false,nicmf,2024-05-30T22:20:50Z,"","Epic",0.623,0.8,7,-5.191,0,0.054,0.064,0,0.166,0.585,91.886,4
spotify:track:6KuqAtoeVzxAYOaMveLNpH,"Dura","Dura","Daddy Yankee",2018-01-18,200480,75,false,nicmf,2024-05-30T23:47:34Z,"reggaeton,latino","Craft Latino",0.783,0.84,1,-3.416,1,0.051,0.174,0,0.412,0.839,95.001,4
spotify:track:2x8tOiz5givmsJbgWS4Qob,"A Casa","A Casa","Galinha Pintadinha;Vera Fuzaro",2021-01-29,111069,54,false,nicmf,2024-05-31T03:45:45Z,"canção de ninar,música infantil","Bromelia [dist. Tratore]",0.86,0.409,8,-10.679,1,0.164,0.664,0,0.0926,0.922,114.636,3
spotify:track:04sN26COy28wTXYj3dMoiZ,"Bored","Bored","Billie Eilish",2017-03-30,180933,80,false,nicmf,2024-05-31T22:34:41Z,"","Darkroom",0.614,0.318,7,-12.695,1,0.0478,0.896,0.00239,0.0795,0.112,119.959,4
spotify:track:2FY7b99s15jUprqC0M5NCT,"Natural","Origins (Deluxe)","Imagine Dragons",2018-11-09,189466,84,false,nicmf,2024-05-31T22:40:14Z,"","Kid Ina Korner / Interscope",0.704,0.611,2,-6.112,1,0.041,0.217,0,0.0812,0.22,99.994,4
spotify:track:3OtMnyUaiipcAT23A8liyi,"Swish Swish","Witness (Deluxe)","Katy Perry;Nicki Minaj",2017-06-09,242520,68,true,nicmf,2024-05-31T22:45:57Z,"pop","Capitol Records (CAP)",0.838,0.705,5,-5.201,0,0.0449,0.0184,0.0000182,0.102,0.583,119.953,4
spotify:track:0YvWYuozljvaJzFMUNAV8F,"Resposta","Siderado","Skank",1998-06-22,243933,73,false,nicmf,2024-06-01T02:32:06Z,"rock brasileiro,mpb,pop nacional,pop rock","Columbia",0.59,0.524,1,-8.108,1,0.0272,0.254,0.00000847,0.201,0.503,74.986,4
spotify:track:052ekJWXgZuiW8uEfclKGu,"Switch","Switch","Iggy Azalea;Anitta",2017-05-19,189600,49,true,nicmf,2024-06-01T02:54:31Z,"pop nacional,funk pop,funk,funk carioca","Def Jam Recordings",0.914,0.63,4,-6.158,0,0.0557,0.0028,0.00921,0.391,0.376,109.994,4
spotify:track:7eOkHIcaoUhngxxypM5Ajr,"Look At Her Now","Rare","Selena Gomez",2020-01-10,162595,62,false,nicmf,2024-06-01T04:12:43Z,"","Interscope Records",0.753,0.564,10,-7.908,0,0.251,0.114,0.0275,0.359,0.55,77.341,5
spotify:track:6aQrB8kaWyaCj9RYB7Rh5L,"Fifteen","Fearless (Big Machine Radio Release Special)","Taylor Swift",2008-11-11,295333,51,false,nicmf,2024-06-01T04:34:25Z,"","Taylor Swift",0.55,0.64,7,-4.448,1,0.0266,0.0687,0,0.131,0.197,95.487,4
spotify:track:1Tl0YVT3Br2AIqYT3VlEdo,"I Love You","Goodbye Lullaby (Expanded Edition)","Avril Lavigne",2011-03-08,242013,56,false,nicmf,2024-06-01T04:36:37Z,"","Epic",0.596,0.801,0,-3.853,1,0.0307,0.021,0.0000023,0.318,0.506,106.99,4
spotify:track:6p6KdVpfKtTMisH5VfWqsL,"Sixteen","Brightest Blue","Ellie Goulding",2020-07-16,201226,56,false,nicmf,2024-06-01T04:37:40Z,"","Polydor Records",0.677,0.802,8,-5.539,1,0.139,0.261,0,0.0705,0.539,109.918,4
spotify:track:5meVa5klVlJalupZTvv5XX,"21","minor","Gracie Abrams",2020-07-14,185172,72,false,nicmf,2024-06-01T04:37:55Z,"","Gracie Abrams, under exclusive license to Interscope Records",0.755,0.671,2,-6.331,1,0.0872,0.514,0,0.109,0.409,125.056,4
spotify:track:6qUEOWqOzu1rLPUPQ1ECpx,"Walk This Way (feat. Aerosmith)","Raising Hell","Run–D.M.C.;Aerosmith",1986-05-15,310375,70,false,nicmf,2024-06-01T04:45:37Z,"hip hop old school,east coast hip hop,hip hop,rock clássico,rock","Arista",0.761,0.711,9,-7.989,1,0.0604,0.0174,0.000101,0.0652,0.947,105.448,4
spotify:track:4CxKpZRJCHQS7BdPBGnQIj,"Forget You","Forget You","L.A.X. Gurlz",2007-01-01,222626,27,false,raphaelfr17,2024-06-01T04:52:08Z,"","Blackground Records, LLC/Universal Republic",0.749,0.726,5,-5.249,0,0.0974,0.0547,0,0.0596,0.828,111.046,4
spotify:track:10xcIQQEJSEIOgG1HvS3t9,"Magic","Wizards of Waverly Place","Selena Gomez",2009-01-01,169640,52,false,nicmf,2024-06-01T05:34:09Z,"","Walt Disney Records",0.6,0.916,11,-3.071,0,0.0374,0.00504,0,0.27,0.442,104.091,4
spotify:track:0hbq06tcjbkgyd9d8VAVF8,"te vi dançando","te vi dançando","Braga",2022-12-02,78968,0,false,nicmf,2024-06-01T05:39:24Z,"nova mpb","Braga",0.759,0.417,1,-11.317,1,0.136,0.353,0.0112,0.127,0.9,75.134,4
spotify:track:0pBMFlAy7mQeUMQKaN4y8x,"Sexy Bitch (feat. Akon)","One More Love","David Guetta;Akon",2011-08-05,195853,74,true,nicmf,2024-06-01T05:48:54Z,"edm","Parlophone (France)",0.813,0.627,11,-5.018,0,0.0486,0.0771,0.000616,0.131,0.801,130.011,4
spotify:track:20FZrLl9zSbO9b3DhaqO6M,"23","23","Mike WiLL Made-It;Miley Cyrus;Wiz Khalifa;Juicy J",2013-01-01,252520,77,true,nicmf,2024-06-01T05:52:01Z,"crunk","Mike WiLL Made-It",0.859,0.599,9,-5.254,1,0.0614,0.000362,0.0000082,0.13,0.319,140.005,4
spotify:track:6NqfslFfCCOyBQ0Xw8kN8E,"What Time Is It","High School Musical 2 (Original Soundtrack)","Zac Efron;Vanessa Hudgens;Lucas Grabeel;Corbin Bleu;Ashley Tisdale;Monique Coleman;Disney",2007-01-01,198000,63,false,nicmf,2024-06-01T06:00:12Z,"musicais","Walt Disney Records",0.742,0.913,5,-3.227,0,0.0773,0.122,0,0.329,0.704,116.029,4
spotify:track:2tPcTFiQF9MbVUyjZ3zDhA,"Paramedic!","Black Panther The Album Music From And Inspired By","SOB X RBE",2018-02-09,219306,63,true,nicmf,2024-06-01T06:09:24Z,"hyphy","Black Panther (TDE/DMG) PS",0.856,0.653,1,-5.324,1,0.143,0.178,0,0.193,0.471,97.017,4
spotify:track:1WIZiOuNO3woKfdlSK2gNn,"Transportin'","Project Baby 2: All Grown Up","Kodak Black",2017-08-18,169344,82,true,nicmf,2024-06-02T02:33:35Z,"","Atlantic Records",0.804,0.66,10,-4.86,0,0.0726,0.0319,0,0.103,0.257,94.053,4
spotify:track:6dshconh2KBbGxVh7GtSTC,"Booty","Booty","Jennifer Lopez;Iggy Azalea",2014-09-23,209699,61,false,nicmf,2024-06-02T03:13:37Z,"","Nuyorican Productions, Inc.",0.709,0.949,0,-4.155,1,0.0509,0.00296,0.00022,0.26,0.398,128.966,4
spotify:track:2qLyo5FeWquE7HBUbcVnEy,"emails i can’t send","emails i can't send","Sabrina Carpenter",2022-07-15,104408,70,true,nicmf,2024-06-02T03:15:09Z,"pop","Island Records",0.515,0.387,7,-10.614,1,0.192,0.757,0,0.622,0.408,86.313,3
spotify:track:6HZILIRieu8S0iqY8kIKhj,"DNA.","DAMN.","Kendrick Lamar",2017-04-14,185946,82,true,nicmf,2024-06-02T03:27:43Z,"hip hop,west coast hip hop","Aftermath",0.638,0.523,1,-6.664,1,0.357,0.00454,0,0.0842,0.422,139.913,4
spotify:track:6rsm9NTgl9kKPatf7S1yCS,"Talk","8 Letters","Why Don't We",2018-08-31,190346,61,false,nicmf,2024-06-02T03:30:05Z,"","Atlantic Records",0.795,0.7,6,-5.221,0,0.107,0.0588,0,0.0977,0.798,120.002,4
spotify:track:0VE4kBnHJUgtMf0dy6DRmW,"Getaway Car","reputation","Taylor Swift",2017-11-10,233626,82,false,nicmf,2024-06-02T03:35:08Z,"","Taylor Swift",0.562,0.689,2,-6.745,1,0.127,0.00465,0.00000223,0.0888,0.351,172.054,4
spotify:track:28cnXtME493VX9NOw9cIUh,"Hurt","American IV: The Man Comes Around","Johnny Cash",2002-01-01,216533,78,false,nicmf,2024-06-02T03:35:21Z,"country clássico,outlaw country,country","American Recordings Catalog P&D",0.534,0.392,9,-7.636,0,0.0267,0.649,0.000227,0.0948,0.163,90.379,4
spotify:track:2jLW0YomEl9zIal6P7QPpc,"SNAP - Italian","SNAP PACK","Rosa Linn;Alfa",2022-09-30,180642,0,false,raphaelfr17,2024-06-02T03:36:06Z,"","Columbia",0.562,0.746,0,-5.451,1,0.154,0.114,0,0.231,0.475,170.045,4
spotify:track:2Xcvt8NRLw0xbB3ClfW8MI,"Temporary Fix","Made In The A.M. (Deluxe Edition)","One Direction",2015-11-13,175014,66,false,nicmf,2024-06-02T03:38:13Z,"","Syco Music",0.557,0.902,4,-5.143,1,0.0449,0.0000917,0,0.0888,0.96,145.917,4
spotify:track:53dtP2iUMvaF28JZcHnFuU,"logical","GUTS","Olivia Rodrigo",2023-09-08,231907,77,false,nicmf,2024-06-02T04:29:20Z,"","Olivia Rodrigo PS",0.48,0.24,7,-8.146,1,0.0323,0.844,0,0.099,0.152,80.686,4
spotify:track:0ETUtxLFEUrTQkVdW75YIm,"No Grass Today","The Click","AJR",2017-06-30,259115,39,false,raphaelfr17,2024-06-03T22:54:11Z,"","Black Butter",0.702,0.547,10,-4.797,1,0.0386,0.248,0,0.44,0.597,92.028,4
spotify:track:6tyNDqpsKlyiQvZmUTHVFO,"Canção Pro Tempo","A Milenar Arte De Meter O Louco","Projota",2017-07-28,230839,48,false,nicmf,2024-06-04T01:02:07Z,"hip hop brasileiro,pop nacional","Universal Music Ltda.",0.78,0.688,5,-3.615,1,0.075,0.032,0,0.0945,0.858,77.026,4
spotify:track:6DqvKqY9qJ8GTQ87Q6fpOZ,"Mun Rá","Mun Rá (Edição Comemorativa)","Sabotage;Instituto",2018-05-25,275373,70,false,nicmf,2024-06-04T01:17:59Z,"hip hop brasileiro,boom bap","Sabotage",0.888,0.709,2,-5.479,1,0.279,0.192,0.000114,0.0637,0.804,88.329,4
spotify:track:6IRdLKIyS4p7XNiP8r6rsx,"all the good girls go to hell","WHEN WE ALL FALL ASLEEP, WHERE DO WE GO?","Billie Eilish",2019-03-29,168839,76,false,nicmf,2024-06-04T01:20:26Z,"","Darkroom/Interscope Records",0.726,0.444,8,-8.922,0,0.372,0.283,0.143,0.177,0.569,185.044,4
spotify:track:5zweis4XXFug8uxTRnqH1W,"Casa da Mãe Joana - Ao Vivo","Todos Os Cantos, Vol. 1 (Ao Vivo)","Marília Mendonça;Henrique & Juliano",2019-02-22,187444,56,false,nicmf,2024-06-04T17:51:30Z,"sertanejo,sertanejo universitário,arrocha,forró,agronejo","Som Livre",0.757,0.684,4,-5.206,0,0.037,0.154,0,0.835,0.626,120.116,4
spotify:track:4u06FbRh6FvV2FQZkouzCw,"Arranhão - Ao Vivo","Arranhão (Ao Vivo)","Henrique & Juliano",2021-08-06,153409,10,true,nicmf,2024-06-05T01:37:43Z,"sertanejo,sertanejo universitário,arrocha,agronejo","Vida Nova Producoes",0.486,0.871,3,-3.642,0,0.258,0.617,0,0.97,0.663,151.175,4
spotify:track:6lanRgr6wXibZr8KgzXxBl,"a thousand years","a thousand years","Christina Perri",2011-10-18,285120,89,false,nicmf,2024-06-05T01:42:34Z,"o lado suave do pop","Atlantic Records",0.421,0.407,10,-7.445,1,0.0267,0.309,0.000961,0.11,0.161,139.028,3
spotify:track:5A6OHHy73AR5tLxgTc98zz,"Black and Yellow","Rolling Papers","Wiz Khalifa",2011-03-29,217666,85,true,nicmf,2024-06-05T02:49:40Z,"","Rostrum/Atlantic",0.684,0.834,2,-4.524,0,0.0675,0.0646,0,0.271,0.538,164.02,4
spotify:track:2aibwv5hGXSgw7Yru8IYTO,"Snow (Hey Oh)","Stadium Arcadium","Red Hot Chili Peppers",2006-05-09,334666,88,false,nicmf,2024-06-05T03:05:54Z,"funk rock,rock alternativo,rock","Warner Records",0.427,0.9,11,-3.674,1,0.0499,0.116,0.0000175,0.119,0.599,104.655,4
spotify:track:6Ea2uAyHX6Q8DnGKrMKHLq,"Inertia - Acoustic","Inertia (Acoustic)","AJR",2024-05-24,230990,50,true,raphaelfr17,2024-06-05T05:15:28Z,"","Mercury Records / Republic Records",0.414,0.401,9,-6.862,1,0.0291,0.315,0,0.136,0.339,174.939,3
spotify:track:4zmKGsrXjLmljb5fTaBTot,"Snow On The Beach (feat. More Lana Del Rey)","Midnights (The Til Dawn Edition)","Taylor Swift;Lana Del Rey",2023-05-26,229942,75,true,raphaelfr17,2024-06-05T20:50:15Z,"","Taylor Swift",0.664,0.399,6,-10.997,0,0.0349,0.797,0.00000313,0.105,0.265,109.937,4
spotify:track:1xwAWUI6Dj0WGC3KiUPN0O,"Vigilante Shit","Midnights","Taylor Swift",2022-10-21,164801,70,true,nicmf,2024-06-06T03:48:32Z,"","Taylor Swift",0.872,0.267,4,-10.764,0,0.387,0.166,0.0000218,0.123,0.168,79.964,4
spotify:track:2VCUcIPY3i6pv9Nu9Vg6k3,"ABC","The Definitive Collection","The Jackson 5",2009-01-01,177360,70,false,nicmf,2024-06-06T04:00:53Z,"motown,natal","UNI/MOTOWN",0.734,0.848,8,-6.206,1,0.039,0.502,0.0000758,0.145,0.948,93.584,4
spotify:track:2InS5VWKJQbsFBKOsf1cJB,"Let's Go 4","Let's Go 4","Dj GBR;Mc IG;MC Ryan SP;MC PH;Mc Davi;Mc Luki;Mc Don Juan;Mc Kadu;TrapLaudo;MC GP;MC GH do 7",2023-08-29,641941,73,true,nicmf,2024-06-06T04:10:39Z,"funk,trap funk,funk consciente,trap brasileiro","GR6 Music",0.782,0.631,10,-8.473,0,0.592,0.123,0,0.0808,0.866,113.427,5
spotify:track:74OPbAeDYrpKJL4IlBiHxm,"Overload","Overload","Life of Dillon",2015-01-27,210960,40,false,nicmf,2024-06-06T04:26:09Z,"","Epic/Disruptor Records",0.662,0.733,8,-5.83,1,0.0286,0.0128,0.00000223,0.0799,0.566,126.06,4
spotify:track:6ocbgoVGwYJhOv1GgI9NsF,"7 rings","thank u, next","Ariana Grande",2019-02-08,178626,90,true,nicmf,2024-06-06T04:41:43Z,"pop","Republic Records",0.777,0.317,1,-10.732,0,0.308,0.591,0,0.0881,0.33,139.848,4
spotify:track:5zSiXA70xM4kuSt6qim6jl,"K.O.","Vai Passar Mal","Pabllo Vittar",2017-08-21,155654,65,false,nicmf,2024-06-06T04:48:27Z,"pop nacional,funk pop,tecnobrega","Sony Music Entertainment",0.689,0.713,11,-4.34,0,0.0398,0.505,0,0.0846,0.922,155.04,4
spotify:track:3KkXRkHbMCARz0aVfEt68P,"Sunflower - Spider-Man: Into the Spider-Verse","Spider-Man: Into the Spider-Verse (Soundtrack From & Inspired by the Motion Picture)","Post Malone;Swae Lee",2018-12-14,158040,90,false,nicmf,2024-06-06T04:49:24Z,"","Universal Records",0.76,0.478,2,-5.574,1,0.0467,0.552,0,0.0703,0.913,89.908,4
spotify:track:5D34wRmbFS29AjtTOP2QJe,"yes, and?","eternal sunshine","Ariana Grande",2024-03-08,214994,77,true,nicmf,2024-06-06T04:54:29Z,"pop","Republic Records",0.787,0.775,1,-6.614,1,0.0548,0.19,0.0000654,0.113,0.787,118.998,4
spotify:track:2nGFzvICaeEWjIrBrL2RAx,"Put Your Records On","Corinne Bailey Rae","Corinne Bailey Rae",2006-01-01,215360,84,false,nicmf,2024-06-06T05:12:35Z,"","EMI Records",0.739,0.511,9,-7.844,1,0.0362,0.167,0.00000134,0.133,0.542,96.038,4
spotify:track:2G76oQqc3DknuvNy90vkTU,"Somente o Necessário","Punkidz","Griswolds",2018-07-13,79406,0,false,nicmf,2024-06-06T05:16:40Z,"","Griswoldsland",0.604,0.983,7,-2.909,1,0.0531,0.0997,0,0.14,0.969,113.625,4
spotify:track:1LQRCQM85uyfYkQeANMYFI,"Na Rua, Na Chuva, Na Fazenda (Casinha De Sapê) - Ao Vivo","Acústico (Live)","Kid Abelha;Lenine",2002,197693,70,false,nicmf,2024-06-08T20:57:33Z,"rock brasileiro,mpb,pop nacional,nova mpb","Universal Music Ltda.",0.686,0.722,4,-7.104,1,0.0406,0.106,0.000172,0.97,0.762,137.99,4
spotify:track:4oZr3pfUrZtjJzxr0UIPb9,"Primeiros Erros (Chove) - Ao Vivo","Capital Inicial Multishow (Ao Vivo) [Deluxe]","Capital Inicial",2008-08-01,332306,69,false,raphaelfr17,2024-06-08T20:58:19Z,"rock brasileiro,mpb,pop nacional,pop rock","Sony Music Entertainment",0.246,0.705,2,-5.517,1,0.0352,0.103,0.0744,0.965,0.108,120.088,4
spotify:track:6egmD7auKp3N7gy72uBnFQ,"Physical - Remastered 2021","Physical (Remastered 2021)","Olivia Newton-John",1981,225992,2,false,raphaelfr17,2024-06-08T22:27:18Z,"","Primary Wave",0.84,0.728,4,-8.473,0,0.0436,0.127,0.00114,0.114,0.74,124.066,4
spotify:track:6LBDtzlM7s9XGB7diqpB8z,"Lance Livre - Ao vivo","Lance Livre (Ao vivo)","Kamisa 10",2022-09-02,181048,57,false,nicmf,2024-06-08T22:34:40Z,"pagode,samba","WM Brazil",0.712,0.822,1,-6.235,0,0.0442,0.645,0,0.385,0.7,144.959,4
spotify:track:3AzjcOeAmA57TIOr9zF1ZW,"Physical","Future Nostalgia","Dua Lipa",2020-03-27,193829,81,false,nicmf,2024-06-08T22:48:41Z,"pop","Warner Records",0.647,0.844,0,-3.756,1,0.0457,0.0137,0.000658,0.102,0.746,146.967,4
spotify:track:0LnS7aOdOdI1dNKZqdOLz4,"Dua Lipa","Come Home The Kids Miss You","Jack Harlow",2022-05-06,135053,66,true,nicmf,2024-06-08T22:49:03Z,"","Generation Now/Atlantic",0.833,0.652,11,-6.942,1,0.0762,0.00161,0.0985,0.106,0.405,158.022,4
spotify:track:7gd01LMH2gBcoDngSt8sq9,"Next To You (feat. Justin Bieber)","F.A.M.E. (Expanded Edition)","Chris Brown;Justin Bieber",2011-03-22,265813,78,false,nicmf,2024-06-08T23:04:24Z,"r&b","Jive",0.67,0.676,8,-4.725,1,0.037,0.0201,0,0.11,0.349,114.974,4
spotify:track:3e9HZxeyfWwjeyPAMmWSSQ,"thank u, next","thank u, next","Ariana Grande",2019-02-08,207320,89,true,raphaelfr17,2024-06-08T23:05:13Z,"pop","Republic Records",0.72,0.654,1,-5.634,1,0.0647,0.227,0,0.101,0.411,106.976,4
spotify:track:46ydq5g3k17iLJs3qMDvO6,"Hurts So Good","Astrid S","Astrid S",2016-05-20,208728,71,false,nicmf,2024-06-08T23:13:37Z,"pop norueguês","Universal Music AS",0.675,0.609,7,-5.027,0,0.0586,0.084,0,0.0957,0.378,120.039,4
spotify:track:42Zl1YtSgEXHHAt3Pp05UX,"Sem Rede - Ao Vivo","Ao Vivo No Ibirapuera","Henrique & Juliano",2020-05-15,202724,7,false,nicmf,2024-06-08T23:16:33Z,"sertanejo,sertanejo universitário,arrocha,agronejo","Vida Nova Producoes",0.531,0.566,8,-6.736,1,0.0273,0.656,0,0.965,0.454,105.612,4
spotify:track:0iVSLUaLzYPi1vDFTkjZhb,"god save me, but don't drown me out","weird!","YUNGBLUD",2020-12-04,217510,57,true,nicmf,2024-06-08T23:22:23Z,"","Locomotion Recordings/Interscope Records",0.373,0.871,2,-3.706,1,0.0622,0.00115,0,0.4,0.201,127.413,4
spotify:track:5HwnezK198pJCEj1l2Adjy,"She Loves Control","Camila","Camila Cabello",2018-01-12,177161,58,false,nicmf,2024-06-08T23:29:54Z,"","Syco Music/Epic",0.65,0.758,2,-4.02,1,0.116,0.166,0,0.0889,0.663,94.9,4
spotify:track:3ETcVtYQSElAVe9aPiBaum,"Nicole","Nicole","Maurício & Eduardo;Doublegyn",2021-07-09,172938,1,false,nicmf,2024-06-08T23:36:24Z,"sertanejo,sertanejo universitário,agronejo,arrocha","New Music",0.713,0.719,6,-4.567,0,0.0499,0.403,0,0.126,0.863,150.022,4
spotify:track:36lkJSDyMEZoWTqtRj8Q8q,"You're the Inspiration - 2006 Remaster","Chicago 17 (Expanded & Remastered)","Chicago",1984-05-14,229240,80,false,nicmf,2024-06-08T23:44:49Z,"yacht rock,soft rock","Rhino/Warner Records",0.583,0.602,11,-6.364,1,0.0274,0.368,0,0.22,0.388,74.008,4
spotify:track:6VnpKLtfNH4Dk09YSGPSyR,"It Ain't Over 'Til It's Over","Mama Said","Lenny Kravitz",1991-04-02,242640,86,false,nicmf,2024-06-08T23:47:56Z,"","Virgin Records",0.679,0.568,6,-10.74,1,0.0423,0.422,0.00928,0.322,0.93,159.69,4
spotify:track:5Nnc3TYjsEprIFHZ0fu0ck,"Nicole","Ruby King 7102","Choice;Xamã",2018-01-20,358953,0,true,nicmf,2024-06-08T23:48:08Z,"hip hop brasileiro,trap brasileiro,trap funk,trap","Pineapple StormTV",0.476,0.487,11,-12.065,0,0.495,0.344,0,0.105,0.243,89.343,4
spotify:track:6PyxrogMU9imKqVtKx6840,"Fragile","Cloud Nine","Kygo;Labrinth",2016-05-13,230356,62,false,nicmf,2024-06-08T23:51:14Z,"tropical house","Kygo",0.47,0.422,5,-7.474,1,0.0522,0.177,0.000216,0.0879,0.218,149.505,4
spotify:track:4rUTAkOU7OkVGeQuyQCHhF,"Sledgehammer","Reflection (Deluxe)","Fifth Harmony",2015-01-30,230909,66,false,nicmf,2024-06-08T23:52:10Z,"","Syco Music/Epic",0.671,0.777,2,-4.322,1,0.046,0.0057,0.0011,0.0783,0.289,99.98,4
spotify:track:18VfHIPaCo0s6FTi1Fnp6T,"Don't Wake Me Up","Fortune (Expanded Edition)","Chris Brown",2012-07-03,222306,67,false,nicmf,2024-06-08T23:52:41Z,"r&b","RCA Records Label",0.602,0.691,7,-5.197,0,0.051,0.0548,0,0.144,0.206,127.967,4
spotify:track:7EgRqkvNThCaCJB0lhyZH5,"Sinais - Ao Vivo","Ao Vivo","Luan Santana",2009-11-02,233280,68,false,nicmf,2024-06-08T23:57:25Z,"sertanejo,sertanejo universitário,arrocha","Som Livre",0.638,0.886,0,-4.714,1,0.0321,0.348,0,0.756,0.604,138.012,4
spotify:track:1Faq8G2y56A8fRv7HsLq25,"Wanted You (feat. Lil Uzi Vert)","RECKLESS","NAV;Lil Uzi Vert",2018-05-18,228386,66,true,nicmf,2024-06-09T00:06:03Z,"rap melódico,rage rap","Republic Records",0.797,0.732,9,-4.443,0,0.0483,0.234,0,0.224,0.628,146.924,4
spotify:track:5w40ZYhbBMAlHYNDaVJIUu,"Chemical","Chemical","Post Malone",2023-04-14,184013,78,true,nicmf,2024-06-09T00:07:23Z,"","Mercury Records/Republic Records",0.49,0.88,2,-4.856,1,0.0435,0.00154,0,0.103,0.392,169.949,4
spotify:track:4uOKFydzAejjSFqYbv1XPt,"Red Red Wine","The Very Best Of","UB40",2000,183733,79,false,nicmf,2024-06-09T00:17:28Z,"reggae","Virgin Records",0.857,0.468,1,-8.53,1,0.0476,0.00414,0.0000132,0.269,0.843,89.119,4
spotify:track:0JGdRxJs2IBKMroirc7cQi,"Yes","Confident","Demi Lovato",2015-01-01,190745,40,false,nicmf,2024-06-09T02:08:54Z,"","Hollywood Records",0.482,0.731,8,-5.473,1,0.322,0.502,0,0.0958,0.539,155.71,4
spotify:track:5mwzpzRue1SBWwrbbhXfbf,"You Win Again","E.S.P.","Bee Gees",1987-09-01,241400,68,false,nicmf,2024-06-09T02:53:28Z,"disco","Bee Gees Catalog",0.547,0.831,11,-11.298,0,0.0319,0.0874,0.00000834,0.222,0.909,168.581,4
spotify:track:1bzRhnrWU1l1u4Bby9ZbfQ,"Nosso Quadro","AgroPlay Verão Vol.1","AgroPlay;Ana Castela",2023-02-02,173698,66,false,nicmf,2024-06-09T20:31:35Z,"agronejo,sertanejo,sertanejo universitário,piseiro","AgroPlay",0.689,0.71,9,-4.822,1,0.196,0.33,0,0.312,0.606,160.015,4
spotify:track:3RauEVgRgj1IuWdJ9fDs70,"The Man","Lover","Taylor Swift",2019-08-23,190360,80,false,nicmf,2024-06-09T20:48:22Z,"","Taylor Swift",0.777,0.658,0,-5.191,1,0.054,0.0767,0,0.0901,0.633,110.048,4
spotify:track:1JSTJqkT5qHq8MDJnJbRE1,"Every Breath You Take","Synchronicity (Remastered 2003)","The Police",1983-06-17,253920,96,false,nicmf,2024-06-09T20:49:18Z,"","Polydor Records",0.82,0.452,1,-9.796,1,0.0348,0.543,0.00294,0.0714,0.74,117.401,4
spotify:track:7yAWTGdWaBZR2lqZEvD999,"Tá Eu e a Nicole","Tá Eu e a Nicole","Duquesa;THS;AmandesNoBeat;Go Dassisti",2024-04-05,158400,35,true,nicmf,2024-06-09T20:51:54Z,"trap brasileiro,hip hop brasileiro","Boogie Naipe",0.696,0.604,11,-6.199,1,0.491,0.38,0,0.0663,0.331,99.958,4
spotify:track:1DiVt4mPAMzbv2N2Yywxs1,"Falling Forever","Radical Optimism","Dua Lipa",2024-05-03,223095,67,false,nicmf,2024-06-09T20:53:07Z,"pop","Warner Records",0.647,0.826,6,-5.466,0,0.0867,0.0181,0.00000723,0.118,0.346,129.954,4
spotify:track:3SBzDgdTwHOMSik82ZI6L2,"Everybody","Everybody","Ingrid Michaelson",2009-08-25,208426,57,false,nicmf,2024-06-09T20:57:08Z,"","Ingrid Michaelson (Spirit Music)",0.742,0.636,11,-6.744,1,0.0331,0.446,0,0.0817,0.48,95.002,4
spotify:track:7gZMXgdBFJHC3mk5ycjMzE,"Online - Ao Vivo","Ao Vivo No Ibirapuera","Henrique & Juliano",2020-05-15,183307,16,false,nicmf,2024-06-09T20:59:06Z,"sertanejo,sertanejo universitário,arrocha,agronejo","Vida Nova Producoes",0.47,0.694,7,-6.476,0,0.0473,0.588,0,0.692,0.56,171.615,4
spotify:track:5nxThZozDXejc9b5F8MSmv,"Let Me Down Easy","Bombs Away","Sheppard",2015-01-12,227631,46,false,nicmf,2024-06-09T21:03:04Z,"","Decca (UMO)",0.597,0.594,9,-5.719,1,0.0289,0.347,0,0.0847,0.3,144.988,4
spotify:track:2goLsvvODILDzeeiT4dAoR,"Believe","Believe","Cher",1998,239026,86,false,nicmf,2024-06-09T21:04:23Z,"","Warner Records",0.652,0.917,6,-6.72,1,0.0548,0.0082,0,0.0509,0.459,132.975,4
spotify:track:4I8Nhe8qN9xgR8tosYQ5ut,"Be OK","Be OK","Ingrid Michaelson",2008-10-14,148080,67,false,nicmf,2024-06-09T21:10:02Z,"","Ingrid Michaelson (Spirit Music)",0.82,0.788,4,-6.747,1,0.0486,0.127,0,0.117,0.933,133.019,4
spotify:track:0zHrwRtZYUKXpOv057rYoK,"Online & Roteando","Online & Roteando","Murilo & Kauã;Apenas Lorenzo",2022-09-23,172167,0,false,nicmf,2024-06-09T21:21:17Z,"agronejo","Virgin Music Label And Artist Services (S&D)",0.59,0.901,8,-3.57,1,0.0928,0.474,0,0.635,0.623,159.981,4
spotify:track:0KeDuUqEX3P0cKzRD5pEom,"If I Had $1,000,000","Gordon","Barenaked Ladies",1992-07-28,266733,63,false,nicmf,2024-06-09T21:22:49Z,"","Sire/Warner Records",0.644,0.433,9,-14.016,1,0.113,0.378,0,0.101,0.761,80.161,4
spotify:track:7EQasXx39zUtB3Q5PRJ20s,"Dando Murro Na Costela","Dando Murro Na Costela","DJ Gaby Soares;MC BIEL SJ;Dj Henrique de Ferraz;HERvolution",2022-11-07,180923,59,true,nicmf,2024-06-09T21:24:29Z,"funk,funk bruxaria","Hervolution by KondZilla",0.953,0.716,0,-0.887,0,0.358,0.582,0.00000926,0.343,0.78,129.991,4
spotify:track:0U372D2pbraSnrTFxSYlNj,"No More Sad Songs (feat. Machine Gun Kelly)","Glory Days (Expanded Edition)","Little Mix;mgk",2016-11-18,225200,63,false,nicmf,2024-06-09T21:26:58Z,"","Syco Music",0.709,0.778,7,-3.533,0,0.046,0.0782,0.0000083,0.306,0.7,102.022,4
spotify:track:0MWiSBKm8Avs8iDIxcertp,"Kiss My (Uh Oh)","Therapy","Anne-Marie;Little Mix",2021-07-23,176800,61,false,nicmf,2024-06-09T21:46:59Z,"","Atlantic Records/Asylum",0.638,0.878,5,-3.639,0,0.0484,0.0151,0.000223,0.308,0.481,103.948,4
spotify:track:03vyB3AHCuEGfhh7wPc7Yf,"When You're Ready","Shawn Mendes","Shawn Mendes",2018-05-25,169586,0,false,nicmf,2024-06-09T22:58:25Z,"","Island Records",0.49,0.473,5,-8.887,1,0.129,0.792,0,0.113,0.603,171.535,4
spotify:track:0DiWol3AO6WpXZgp0goxAV,"One More Time","Discovery","Daft Punk",2001-03-12,320357,87,false,nicmf,2024-06-09T22:58:37Z,"house francês,eletronic,electro","Daft Life Ltd./ADA France",0.613,0.697,2,-8.618,1,0.133,0.0194,0,0.332,0.476,122.746,4
spotify:track:1ejtHfSXQwvaAU7F82FXww,"Lost Stars","V (Deluxe)","Adam Levine",2015-05-18,267853,60,false,nicmf,2024-06-09T23:00:50Z,"","Interscope Records*",0.494,0.582,0,-4.769,1,0.0266,0.102,0,0.0798,0.416,82.025,4
spotify:track:27PmvZoffODNFW2p7ehZTQ,"Don't Mind","Don't Mind","Kent Jones",2016-04-25,198236,72,true,nicmf,2024-06-09T23:22:09Z,"","Epic/We The Best",0.464,0.771,8,-4.503,1,0.336,0.0235,0,0.063,0.69,158.777,4
spotify:track:1LLUoftvmTjVNBHZoQyveF,"THE DINER","HIT ME HARD AND SOFT","Billie Eilish",2024-05-17,186346,77,false,nicmf,2024-06-09T23:22:54Z,"","Darkroom/Interscope Records",0.857,0.386,1,-9.761,1,0.168,0.243,0.0931,0.111,0.661,125.017,4
spotify:track:3DmW6y7wTEYHJZlLo1r6XJ,"Shower","Shower","Becky G",2014-04-23,206166,86,false,raphaelfr17,2024-06-09T23:23:20Z,"reggaeton,latino","Kemosabe Records/RCA Records",0.699,0.529,2,-7.548,1,0.0487,0.0317,0.0000359,0.285,0.121,119.987,4
spotify:track:7hDVYcQq6MxkdJGweuCtl9,"ocean eyes","dont smile at me","Billie Eilish",2017-12-22,200379,82,false,nicmf,2024-06-09T23:24:33Z,"","Darkroom",0.511,0.363,4,-7.65,0,0.041,0.816,0.0317,0.084,0.169,144.892,4
spotify:track:5kMKSkbbwi6VHiHDRegH7N,"Você Humilha - Ao Vivo","Verdade (Ao Vivo / Deluxe)","Lauana Prado",2019-06-28,181077,62,false,nicmf,2024-06-09T23:24:59Z,"sertanejo,sertanejo universitário","Universal Music Ltda.",0.509,0.832,4,-3.672,1,0.0447,0.585,0,0.963,0.388,93.481,4
spotify:track:4vFQ269uWJUjUKoffU0qUn,"Not In The Same Way","CALM","5 Seconds of Summer",2020-03-27,220605,60,true,nicmf,2024-06-09T23:26:01Z,"","5 Seconds Of Summer/Interscope",0.687,0.67,0,-3.331,1,0.0444,0.185,0,0.104,0.735,134.975,4
spotify:track:6MhvBlXodk4WALRjOGDtzb,"Stephanie","Twice the Love","George Benson",1988-08-29,228160,39,false,nicmf,2024-06-09T23:27:20Z,"smooth jazz,yacht rock,jazz funk,soul jazz","Warner Records",0.59,0.391,6,-12.926,1,0.0298,0.602,0,0.049,0.468,140.006,4
spotify:track:5w7wuzMzsDer96KqxafeRK,"COPYCAT","dont smile at me","Billie Eilish",2017-12-22,194711,75,false,nicmf,2024-06-09T23:28:21Z,"","Darkroom",0.679,0.388,4,-10.977,0,0.0932,0.353,0.0000925,0.341,0.234,124.909,4
spotify:track:0EfsDEYaSjGYd66Pr881nq,"Cry Baby","Wiped Out!","The Neighbourhood",2015-10-30,235160,81,false,nicmf,2024-06-09T23:28:46Z,"","Columbia",0.581,0.656,4,-4.891,0,0.0294,0.00269,0.00000278,0.101,0.338,108.033,4
spotify:track:4GS0EW6DCkRHMOTpnFrUPR,"Hello","Back To Front","Lionel Richie",1992-01-01,248600,46,false,nicmf,2024-06-09T23:28:58Z,"motown","Motown",0.537,0.313,9,-11.046,0,0.0371,0.606,0,0.128,0.0429,62.194,4
spotify:track:6eDApnV9Jdb1nYahOlbbUh,"One Time","My World","Justin Bieber",2009-01-01,215866,82,false,nicmf,2024-06-09T23:29:58Z,"","RBMG/Def Jam",0.691,0.853,1,-2.528,0,0.0372,0.0631,0.000067,0.082,0.762,145.999,4
spotify:track:5IyL3XOaRPpTgxVjRIAxXU,"Ziggy Stardust - 2012 Remaster","The Rise and Fall of Ziggy Stardust and the Spiders from Mars (2012 Remaster)","David Bowie",1972-06-06,193880,70,false,raphaelfr17,2024-06-09T23:37:14Z,"glam rock,art rock","Parlophone UK",0.515,0.554,7,-11.616,1,0.0784,0.0478,0,0.219,0.509,80.146,4
spotify:track:5L2l7mI8J1USMzhsmdjat9,"Red Lights","A Town Called Paradise","Tiësto",2014-06-13,262200,72,false,nicmf,2024-06-09T23:38:10Z,"edm,trance,big room","Universal Music B.V.",0.654,0.83,10,-4.801,1,0.0366,0.000629,0.00000113,0.121,0.548,124.989,4
spotify:track:2UVbBKQOdFAekPTRsnkzcf,"Stir Fry","Culture II","Migos",2018-01-26,190288,79,true,nicmf,2024-06-09T23:41:10Z,"trap","Quality Control Music, LLC",0.817,0.816,2,-5.402,1,0.269,0.00263,0,0.159,0.508,181.982,4
spotify:track:2NIBaWXdjaTDmytjjwbEfP,"Eyes Open (Taylor's Version)","Eyes Open (Taylor's Version)","Taylor Swift",2021-11-12,243264,57,false,nicmf,2024-06-09T23:42:05Z,"","Taylor Swift",0.567,0.762,7,-7.05,1,0.0358,0.000635,0.000565,0.186,0.238,136.982,4
spotify:track:3p7XQpdt8Dr6oMXSvRZ9bg,"Eyes Closed","- (Deluxe)","Ed Sheeran",2023-05-05,194848,77,false,raphaelfr17,2024-06-09T23:42:26Z,"o lado suave do pop","Atlantic Records UK",0.777,0.526,2,-6.221,1,0.0645,0.302,0,0.105,0.389,107.071,4
spotify:track:6GmkJJMe9U1tEcrJ3Hq3A1,"Polarize","Blurryface","Twenty One Pilots",2015-05-15,226786,68,false,nicmf,2024-06-09T23:42:58Z,"","Fueled By Ramen",0.597,0.666,6,-6.365,0,0.0418,0.122,0.00302,0.1,0.626,164.992,4
spotify:track:7b6sWLSnbZhSIeqNGrJ4py,"These Walls","Radical Optimism","Dua Lipa",2024-05-03,217783,76,true,nicmf,2024-06-09T23:49:19Z,"pop","Warner Records",0.731,0.725,1,-5.117,1,0.0349,0.0361,0.0000249,0.106,0.739,123.01,4
spotify:track:3a1lNhkSLSkpJE4MSHpDu9,"Congratulations","Stoney (Deluxe)","Post Malone;Quavo",2016-12-09,220293,86,true,nicmf,2024-06-09T23:50:07Z,"","Mercury Records/Republic Owned",0.63,0.804,6,-4.183,1,0.0364,0.215,0,0.253,0.492,123.146,4
spotify:track:6ic8OlLUNEATToEFU3xmaH,"Gimme More","Blackout","Britney Spears",2007-10-25,251244,89,true,nicmf,2024-06-09T23:53:58Z,"pop","Jive",0.788,0.844,2,-3.131,1,0.0334,0.25,0.000678,0.0723,0.382,113.324,4
spotify:track:2cEmWBBlCfR9wWrY9JmTyt,"Let Me","Icarus Falls","ZAYN",2018-12-14,185384,68,false,nicmf,2024-06-09T23:55:29Z,"","RCA Records Label",0.46,0.566,9,-5.637,1,0.0502,0.239,0.00000596,0.0967,0.189,168.408,4
spotify:track:2S5LNtRVRPbXk01yRQ14sZ,"I Don't Like It, I Love It (feat. Robin Thicke & Verdine White)","My House","Flo Rida;Robin Thicke;Verdine White",2015-04-07,224258,70,false,nicmf,2024-06-09T23:56:49Z,"","Poe Boy/Atlantic",0.854,0.766,9,-4.697,0,0.141,0.0242,0,0.0793,0.784,118.004,4
spotify:track:4JiEyzf0Md7KEFFGWDDdCr,"Knockin' On Heaven's Door","Use Your Illusion II","Guns N' Roses",1991-09-18,336000,86,false,nicmf,2024-06-10T00:00:50Z,"rock,glam metal,hard rock,rock clássico","Guns N Roses P&D",0.496,0.739,6,-7.193,1,0.0416,0.0209,0.00451,0.106,0.377,132.411,4
spotify:track:1y3bE5i57eUm3hfLAc7h08,"Walking The Wire","Evolve","Imagine Dragons",2017-06-23,232906,73,false,nicmf,2024-06-10T00:04:58Z,"","Kid Ina Korner / Interscope",0.54,0.763,4,-5.337,1,0.0373,0.0161,0,0.0941,0.151,99.929,4
spotify:track:7I3skNaQdvZSS7zXY2VHId,"The Hype","Trench","Twenty One Pilots",2018-10-05,265373,68,false,nicmf,2024-06-10T00:41:23Z,"","Fueled By Ramen",0.53,0.816,9,-6.149,1,0.0503,0.0105,0.00061,0.379,0.371,87.019,4
spotify:track:1aZLIbKEdsyqxyD6iNcrbA,"Pour Some Sugar On Me","Hysteria","Def Leppard",1987-08-03,267306,72,false,nicmf,2024-06-10T00:42:50Z,"glam metal,glam rock,rock clássico","UMC (Universal Music Catalogue)",0.267,0.953,1,-4.899,0,0.096,0.00211,0,0.283,0.568,84.989,4
spotify:track:0VgkVdmE4gld66l8iyGjgx,"Mask Off","FUTURE","Future",2017-06-30,204600,85,true,nicmf,2024-06-10T01:03:25Z,"rap,trap","Epic/Freebandz/A1",0.833,0.434,2,-8.795,1,0.431,0.0102,0.0219,0.165,0.281,150.062,4
spotify:track:77hjM9bMmgfTGJXv14UFmi,"Play That Song","a girl a bottle a boat","Train",2017-01-27,243246,67,false,nicmf,2024-06-10T01:04:06Z,"o lado suave do pop","Columbia",0.392,0.825,0,-2.068,0,0.0535,0.0231,0.00000225,0.0972,0.482,98.959,4
spotify:track:01t5aRQQqY5R95Ptlwi2jm,"Azul Piscina","Azul Piscina","Mc Livinho;Perera DJ",2017-10-27,214153,69,true,nicmf,2024-06-10T01:05:07Z,"funk,funk carioca,funk consciente,trap funk","GR6 Music",0.565,0.403,9,-9.718,1,0.105,0.0332,0,0.0443,0.684,86.812,3
spotify:track:5enxwA8aAbwZbf5qCHORXi,"All Too Well (10 Minute Version) (Taylor's Version) (From The Vault)","Red (Taylor's Version)","Taylor Swift",2021-11-12,613026,86,true,nicmf,2024-06-10T01:16:04Z,"","Taylor Swift",0.631,0.518,0,-8.771,1,0.0303,0.274,0,0.088,0.205,93.023,4
spotify:track:77TElJdpImw8cSv6t4mCIr,"Open The Tcheka","Open The Tcheka","MC Lan",2017-04-05,179768,3,true,nicmf,2024-06-10T01:17:52Z,"funk","RW Produtora",0.83,0.385,1,-2.421,0,0.441,0.172,0.000921,0.12,0.288,86.608,5
spotify:track:7s25THrKz86DM225dOYwnr,"Respect","I Never Loved a Man the Way I Love You","Aretha Franklin",1967-03-10,147600,79,false,nicmf,2024-06-10T01:18:47Z,"soul,motown,soul clássico","Rhino Atlantic",0.805,0.558,0,-5.226,1,0.041,0.164,0.000022,0.0546,0.965,114.95,4
spotify:track:7xQAfvXzm3AkraOtGPWIZg,"Wow.","Hollywood's Bleeding","Post Malone",2019-09-06,149546,83,true,nicmf,2024-06-10T01:22:12Z,"","Republic Records",0.829,0.538,11,-7.359,0,0.212,0.137,0.00000188,0.103,0.389,99.952,4
spotify:track:0QpNG88fUtqBFv3jSPKFzH,"Connected (Yours Forever)","Tetris Effect (Original Soundtrack)","Hydelic",2020-05-28,260342,37,false,raphaelfr17,2024-06-10T01:29:12Z,"","Enhance",0.516,0.436,10,-7.56,1,0.0266,0.411,0,0.0839,0.126,95.932,4
spotify:track:4epd3VXwxPItuOVN0aGsr6,"clown (with Trevor Daniel)","everything means nothing","blackbear;Trevor Daniel",2020-08-21,148164,45,false,nicmf,2024-06-10T01:32:11Z,"","Alamo",0.709,0.774,10,-4.797,1,0.069,0.12,0,0.208,0.393,94.013,4
spotify:track:01MXkFA8sL7at6txavDErt,"Making Love Out of Nothing at All","All Out Of Love","Air Supply",2018-02-02,341746,77,false,raphaelfr17,2024-06-10T01:34:18Z,"soft rock","Arista/Legacy",0.388,0.72,7,-5.541,1,0.033,0.202,0.000288,0.283,0.554,141.283,4
spotify:track:68NsOuum1AegLDhOIr2ADL,"The Run and Go","Vessel","Twenty One Pilots",2013-01-08,229000,65,false,nicmf,2024-06-10T02:47:12Z,"","Fueled By Ramen",0.798,0.318,10,-6.849,0,0.0431,0.0437,0,0.158,0.425,92.49,4
spotify:track:4w9soAM7IrmYDhSXLp14p6,"Peaches","The Super Mario Bros. Movie (Original Motion Picture Soundtrack)","Jack Black",2023-04-07,95440,70,false,raphaelfr17,2024-06-10T02:50:04Z,"música infantil","Back Lot Music",0.698,0.312,10,-10.9,0,0.0483,0.797,0,0.1,0.419,92.138,4
spotify:track:2Gl0FzuLxflY6nPifJp5Dr,"First Time","First Time","Kygo;Ellie Goulding",2017-04-28,193511,65,false,nicmf,2024-06-10T03:02:46Z,"tropical house","Kygo",0.633,0.592,0,-7.245,0,0.112,0.197,0,0.099,0.679,90.066,4
spotify:track:786Am3lao7zc9KzVRC5RvE,"The Call","The Hits--Chapter One","Backstreet Boys",2001-10-23,203826,43,false,nicmf,2024-06-10T03:16:49Z,"","Jive",0.693,0.83,10,-5.45,0,0.0705,0.0988,0,0.302,0.752,104.161,4
spotify:track:5gB2IrxOCX2j9bMnHKP38i,"Life is a Highway","Cars (Original Motion Picture Soundtrack)","Rascal Flatts",2006-01-01,275640,80,false,raphaelfr17,2024-06-10T03:17:45Z,"country","Walt Disney Records",0.562,0.934,5,-5.562,1,0.0607,0.00211,0,0.199,0.558,103.042,4
spotify:track:4TCL0qqKyqsMZml0G3M9IM,"Telephone","The Fame Monster (Deluxe Edition)","Lady Gaga;Beyoncé",2009-11-05,220640,85,false,nicmf,2024-06-10T03:17:51Z,"art pop,pop","Interscope",0.824,0.837,3,-5.903,1,0.0405,0.00521,0.000817,0.112,0.715,122.013,4
spotify:track:0otRX6Z89qKkHkQ9OqJpKt,"Car's Outside","YOU","James Arthur",2019-10-18,249152,84,false,nicmf,2024-06-10T03:18:19Z,"o lado suave do pop","Columbia Local",0.338,0.562,9,-7.181,1,0.029,0.039,0,0.107,0.259,149.907,4
spotify:track:4Ro98RCK90oHqqSZUnTFq5,"Strip That Down","Strip That Down","Liam Payne;Quavo",2017-05-18,204502,68,false,nicmf,2024-06-10T03:31:11Z,"","Capitol Records UK / EMI",0.874,0.497,6,-5.484,1,0.0562,0.22,0,0.0761,0.542,106.025,4
spotify:track:265Anh9hGoozFigjUVLUeD,"New Shoes","These Streets","Paolo Nutini",2007-01-30,203653,71,false,nicmf,2024-06-10T03:57:36Z,"","Atlantic Records",0.748,0.735,8,-8.692,1,0.0903,0.47,0.0000109,0.0851,0.854,150.04,4
spotify:track:5O2P9iiztwhomNh8xkR9lJ,"Night Changes","FOUR (Deluxe)","One Direction",2014-11-17,226597,91,false,nicmf,2024-06-10T04:03:24Z,"","Syco Music",0.672,0.52,8,-7.747,1,0.0353,0.859,0,0.115,0.37,120.001,4
spotify:track:0LrwgdLsFaWh9VXIjBRe8t,"Changes - 2015 Remaster","Hunky Dory (2015 Remaster)","David Bowie",1971-12-17,217746,74,false,raphaelfr17,2024-06-10T04:03:48Z,"glam rock,art rock","Parlophone UK",0.559,0.308,0,-11.75,1,0.0376,0.505,0,0.109,0.414,113.633,4
spotify:track:1IbJly2kHiypBX5afabwmG,"Over and over Again (Lost and Found)","Clap Your Hands Say Yeah","Clap Your Hands Say Yeah",2005-09-13,189320,47,false,nicmf,2024-06-10T04:04:54Z,"","Clap Your Hands Say Yeah",0.575,0.676,11,-8.256,1,0.0272,0.000152,0.0142,0.129,0.877,139.709,4
spotify:track:6AtZLIzUINvExIUy4QhdjP,"I Knew You Were Trouble (Taylor's Version)","Red (Taylor's Version)","Taylor Swift",2021-11-12,219760,75,false,nicmf,2024-06-10T04:06:20Z,"","Taylor Swift",0.584,0.557,6,-6.371,1,0.0342,0.0129,0,0.0576,0.767,154.008,4
spotify:track:2HRgqmZQC0MC7GeNuDIXHN,"Seven (feat. Latto) (Explicit Ver.)","GOLDEN","Jung Kook;Latto",2023-11-03,183550,86,true,nicmf,2024-06-10T04:08:21Z,"k-pop","BIGHIT MUSIC",0.79,0.831,11,-4.185,1,0.044,0.312,0,0.0797,0.872,124.987,4
spotify:track:3pJkBPHadRAxBBo484RipI,"Sixteen","Life Changes","Thomas Rhett",2017-09-08,178333,63,false,nicmf,2024-06-10T04:09:24Z,"country,country acústico,pop country","The Valory Music Co.",0.705,0.531,1,-7.031,1,0.0282,0.0135,0.00000218,0.165,0.426,107.013,4
spotify:track:1QV6tiMFM6fSOKOGLMHYYg,"Poker Face","The Fame","Lady Gaga",2008-01-01,237200,89,true,raphaelfr17,2024-06-10T04:11:29Z,"art pop,pop","Streamline/Interscope",0.851,0.806,4,-4.618,1,0.0787,0.119,0.00000172,0.121,0.774,119.001,4
spotify:track:0LAEZDXpDnkETW0Uhw45gm,"Toma Nicole","Toma Nicole","MC Meno Dani;DJ Douglinhas;DJ Jeeh FDC;DJ Menezes",2022-05-26,174545,48,true,nicmf,2024-06-10T04:13:41Z,"funk","Portuga Records",0.635,0.697,4,-0.25,1,0.436,0.532,0.0000121,0.0607,0.71,168.306,5
spotify:track:43f5Z7IOfnKMrVwsP5dLH7,"Raphael","Quelqu'un M'a Dit","Carla Bruni",2002-01-01,143973,51,false,nicmf,2024-06-10T04:14:14Z,"jazz francês,chanson","EMI",0.739,0.422,7,-11.511,1,0.0907,0.578,0.000178,0.077,0.608,122.81,4
spotify:track:5sTC1imYc0QzNe3i5snLy7,"I Want It All","High School Musical 3: Senior Year","High School Musical Cast;Ashley Tisdale;Lucas Grabeel;Disney",2008-01-01,277306,64,false,nicmf,2024-06-10T04:31:29Z,"","Walt Disney Records",0.791,0.813,6,-3.444,1,0.139,0.179,0,0.0549,0.913,142.876,4
spotify:track:0GONea6G2XdnHWjNZd6zt3,"Summer Of '69","Reckless (30th Anniversary / Deluxe Edition)","Bryan Adams",1984-11-05,216053,88,false,raphaelfr17,2024-06-10T04:33:54Z,"","A&M",0.509,0.834,2,-6.205,1,0.0386,0.0183,0,0.0732,0.774,139.13,4
spotify:track:1hvInhBgFlH88UaZrLJ43O,"6 Foot 7 Foot","Tha Carter IV (Explicit Version)","Lil Wayne;Cory Gunz",2011-01-01,248586,68,true,nicmf,2024-06-10T04:33:58Z,"rap,hip hop","CM/Republic",0.364,0.752,2,-5.429,1,0.304,0.0007,0,0.318,0.606,79.119,4
spotify:track:59PL9AwYjIrIpP04n9gmMR,"Ride Out","Furious 7: Original Motion Picture Soundtrack","Kid Ink;Tyga;Wale;YG;Rich Homie Quan",2015-03-17,211908,60,true,nicmf,2024-06-10T04:53:29Z,"hyphy,southern hip hop","Atlantic Records",0.696,0.804,5,-5.648,0,0.0933,0.0469,0,0.448,0.536,93.001,4
spotify:track:1KQc37jezhunxnOPhvdwSG,"Numb Little Bug","Egg in the Backseat","Em Beihold",2022-07-22,169237,73,false,raphaelfr17,2024-06-10T04:53:41Z,"","Republic Records/Moon Projects, LLC.",0.742,0.527,8,-6.892,0,0.0769,0.327,0,0.25,0.638,84.974,4
spotify:track:3qoftcUZaUOncvIYjFSPdE,"Bejeweled","Midnights","Taylor Swift",2022-10-21,194165,76,false,nicmf,2024-06-10T05:06:11Z,"","Taylor Swift",0.687,0.551,7,-9.202,1,0.0787,0.0593,0.000143,0.09,0.443,163.994,4
spotify:track:01XFgRZfZI7oBagNf1Loml,"Harlem Shake","Harlem Shake","Baauer",2013-02-12,196664,61,false,nicmf,2024-06-10T05:10:33Z,"edm trap","Mad Decent",0.452,0.794,0,-5.151,1,0.0483,0.0111,0.00182,0.416,0.282,137.825,4
spotify:track:6YUTL4dYpB9xZO5qExPf05,"Summer","Motion","Calvin Harris",2014-10-31,222533,90,false,nicmf,2024-06-10T05:46:05Z,"edm","Columbia",0.596,0.856,4,-3.556,0,0.0346,0.0211,0.0178,0.141,0.743,127.949,4
spotify:track:1ES3AeBEBrkvmaFUUxJFVt,"Tô nem aí","Porta Aberta","Luka",2003,154053,63,false,nicmf,2024-06-10T06:16:20Z,"pop nacional","WM Brazil",0.752,0.908,2,-5.681,1,0.0308,0.0726,0,0.184,0.94,128.125,4
spotify:track:1M2nd8jNUkkwrc1dgBPTJz,"Angels","Life Thru A Lens","Robbie Williams",1997-01-01,265000,80,false,nicmf,2024-06-10T06:22:43Z,"","Universal-Island Records Ltd.",0.429,0.594,4,-6.251,1,0.0277,0.156,0.00000495,0.1,0.236,150.22,4
spotify:track:05HzKziOHsU0Oi4uDdn9jw,"Go!","College 11","College 11",2012-01-01,184000,27,false,nicmf,2024-06-10T06:22:53Z,"","Walt Disney Records",0.644,0.827,5,-3.586,1,0.0402,0.0743,0,0.275,0.61,128.038,4
spotify:track:0qcr5FMsEO85NAQjrlDRKo,"Let It Go - From ""Frozen""/Soundtrack Version","Frozen (Original Motion Picture Soundtrack / Deluxe Edition)","Idina Menzel",2013-01-01,223840,82,false,raphaelfr17,2024-06-10T06:22:56Z,"musicais","Walt Disney Records",0.543,0.485,8,-6.79,1,0.0305,0.555,0,0.12,0.372,136.961,4
spotify:track:1yzBGun3xDY7WpHOIP9nNp,"Never Let Me Go","Never Let Me Go","Alok;Bruno Martini;Zeeba",2017-05-05,184070,67,false,raphaelfr17,2024-06-10T06:23:58Z,"brazilian bass,eletronic,slap house,eletrohouse,pop nacional","Universal Music Ltda.",0.726,0.835,0,-3.914,1,0.0341,0.041,0.00000945,0.068,0.579,123.986,4
spotify:track:7eResoqEJJAVTkQYSqvO3P,"That’s When (feat. Keith Urban) (Taylor’s Version) (From The Vault)","Fearless (Taylor's Version)","Taylor Swift;Keith Urban",2021-04-09,189495,62,false,nicmf,2024-06-10T06:24:47Z,"country","Taylor Swift",0.588,0.608,5,-7.062,1,0.0365,0.225,0,0.092,0.508,90.201,4
spotify:track:2eqzI3kGqPk93vz8RkASfA,"It's Over Isn't It (feat. Deedee Magno Hall)","Steven Universe, Vol. 1 (Original Soundtrack)","Steven Universe;Deedee Magno Hall",2017-06-02,138006,70,false,raphaelfr17,2024-06-10T06:25:17Z,"","Cartoon Network / WaterTower Music",0.643,0.199,0,-12.19,1,0.0581,0.869,0,0.106,0.386,46.572,4
spotify:track:51BroelKJaagm8GOIVFv3f,"Gateway Drug","All Your Fault: Pt. 1","Bebe Rexha",2017-02-16,212173,42,true,nicmf,2024-06-10T17:19:54Z,"","Warner Records",0.89,0.477,2,-7.283,0,0.0532,0.13,0,0.373,0.659,121.966,4
spotify:track:41L3O37CECZt3N7ziG2z7l,"Yummy","Yummy","Justin Bieber",2020-01-03,210426,69,false,nicmf,2024-06-10T18:31:53Z,"","RBMG/Def Jam",0.688,0.514,9,-6.612,0,0.0903,0.366,0,0.116,0.494,145.919,4
spotify:track:0wsXdby1T3PWLauIkGUZzg,"Hula Hoop","Me 4 U","OMI",2015-10-16,205474,63,false,nicmf,2024-06-10T18:33:00Z,"","Ultra Records, LLC",0.673,0.842,10,-4.666,0,0.039,0.0248,0,0.294,0.508,121.986,4
spotify:track:7jJH8F3PHlNvxfqEAAfFDl,"I Choose You","The Blessed Unrest","Sara Bareilles",2013-07-16,218693,63,false,nicmf,2024-06-10T18:55:01Z,"","Epic",0.731,0.572,6,-7.889,0,0.0445,0.105,0.00012,0.133,0.947,154.038,4
spotify:track:4wcBRRpIfesgcyUtis7PEg,"1 step forward, 3 steps back","SOUR","Olivia Rodrigo",2021-05-21,163586,81,true,nicmf,2024-06-10T19:20:22Z,"","Olivia Rodrigo PS",0.473,0.203,2,-12.627,1,0.102,0.941,0,0.126,0.419,168.884,4
spotify:track:1Lo0QY9cvc8sUB2vnIOxDT,"Fast Car","Gettin' Old","Luke Combs",2023-03-24,265284,87,false,nicmf,2024-06-10T19:24:12Z,"country","River House Artists/Columbia Nashville",0.712,0.603,8,-5.52,1,0.0262,0.186,0,0.115,0.67,97.994,4
spotify:track:27hhIs2fp6w06N5zx4Eaa5,"Dream A Little Dream Of Me","The Papas & The Mamas","The Mamas & The Papas",1968-05-01,194426,78,false,nicmf,2024-06-10T19:29:31Z,"folk rock","Geffen",0.413,0.313,7,-13.138,1,0.0519,0.791,0.0000015,0.0727,0.349,92.515,4
spotify:track:3CRDbSIZ4r5MsZ0YwxuEkn,"Stressed Out","Blurryface","Twenty One Pilots",2015-05-15,202333,91,false,nicmf,2024-06-10T19:30:40Z,"","Fueled By Ramen",0.734,0.637,4,-5.677,0,0.141,0.0462,0.0000229,0.0602,0.648,169.977,4
spotify:track:5w9c2J52mkdntKOmRLeM2m,"Con Calma","Con Calma","Daddy Yankee;Snow",2019-01-24,193226,85,false,nicmf,2024-06-10T19:46:48Z,"reggaeton,latino","Craft Latino",0.737,0.86,8,-2.652,0,0.0593,0.11,0.00000194,0.0574,0.656,93.989,4
spotify:track:6CVrnuMvknlW7OXmY1zgX4,"Death In My Pocket","Hotel Diablo","mgk",2019-07-05,179761,63,true,nicmf,2024-06-10T19:49:55Z,"","Bad Boy/Interscope Records",0.633,0.713,3,-5.221,1,0.0724,0.226,0,0.131,0.304,92.279,4
spotify:track:5Qsp8mtshe70DX7EYbWZGo,"Wrong Direction","Half Written Story","Hailee Steinfeld",2020-05-08,248986,62,false,nicmf,2024-06-10T20:21:20Z,"","Republic Records",0.39,0.388,10,-9.017,1,0.0355,0.472,0,0.157,0.187,72.934,4
spotify:track:6rrKbzJGGDlSZgLphopS49,"Unstoppable","ATLAS","The Score",2017-10-13,192106,73,false,nicmf,2024-06-10T20:29:50Z,"","Universal Records",0.485,0.843,1,-3.993,0,0.0467,0.00129,0.0000101,0.14,0.602,78.001,4
spotify:track:1yvMUkIOTeUNtNWlWRgANS,"Unstoppable","This Is Acting (Deluxe Version)","Sia",2016-10-21,217746,83,false,raphaelfr17,2024-06-10T20:30:17Z,"","Monkey Puzzle Records/RCA Records",0.468,0.779,9,-4.839,1,0.0779,0.112,0.000373,0.101,0.26,173.799,4
spotify:track:7iabz12vAuVQYyekFIWJxD,"BAND4BAND (feat. Lil Baby)","BAND4BAND (feat. Lil Baby)","Central Cee;Lil Baby",2024-05-23,140733,74,true,raphaelfr17,2024-06-10T20:33:55Z,"drill reino unido,drill,grime reino unido","Columbia",0.882,0.764,11,-5.241,1,0.204,0.359,0,0.119,0.886,140.113,4
spotify:track:0kAZ3H6G9Zac4PMpmobMkj,"If This Was A Movie (Taylor’s Version)","If This Was A Movie (Taylor’s Version)","Taylor Swift",2021-04-09,237022,67,false,nicmf,2024-06-10T20:42:59Z,"","Taylor Swift",0.471,0.699,4,-3.745,1,0.028,0.0997,0,0.229,0.234,147.82,4
spotify:track:3f1kl4b9WLfdCWQPOayyDx,"Oi","Oi","Léo Magalhães",2017-12-15,166332,55,false,nicmf,2024-06-11T00:04:13Z,"seresta,arrocha,brega,sertanejo,forró,sertanejo universitário,sertanejo tradicional","Léo Magalhães",0.739,0.844,7,-4.811,1,0.0652,0.525,0,0.104,0.848,90.134,4
spotify:track:371Up3WP7OqJNFPf0BiyUe,"Largado Às Traças - Ao Vivo","Esquece o Mundo Lá Fora (Ao Vivo | Deluxe)","Zé Neto & Cristiano",2018-07-13,234961,76,false,nicmf,2024-06-11T00:06:31Z,"sertanejo,sertanejo universitário,agronejo,arrocha","Som Livre",0.694,0.869,3,-5.26,0,0.0857,0.611,0,0.535,0.786,121.996,4
spotify:track:08bNPGLD8AhKpnnERrAc6G,"FRIENDS","FRIENDS","Marshmello;Anne-Marie",2018-02-09,202620,10,true,nicmf,2024-06-11T00:07:55Z,"edm","Atlantic Records UK",0.626,0.88,9,-2.384,0,0.0504,0.205,0,0.128,0.534,95.079,4
spotify:track:1gVVSmhWjci8l9Vrsl6HaS,"Vertigo","How To Dismantle An Atomic Bomb","U2",2004-01-01,193520,69,false,raphaelfr17,2024-06-11T00:10:31Z,"rock","Universal-Island Records Ltd.",0.416,0.819,9,-3.974,1,0.0613,0.000138,0.00108,0.147,0.632,140.083,4
spotify:track:6w9Pf2VV4kZNcExAjcG2hw,"Quelqu'un m'a dit","Quelqu'un M'a Dit","Carla Bruni",2002-01-01,166226,63,false,nicmf,2024-06-11T00:11:41Z,"jazz francês,chanson","EMI",0.565,0.412,10,-10.73,1,0.049,0.86,0.00158,0.114,0.409,133.485,3
spotify:track:1unDZmI0EXHaZ7FWugXSqC,"nada contra (ciúme)","nada contra (ciúme)","Clarissa",2021-09-09,142861,58,false,nicmf,2024-06-11T00:13:35Z,"pop nacional,nova mpb,mpb","Virgin Music Label And Artist Services (S&D)",0.611,0.471,6,-10.237,0,0.0314,0.698,0.347,0.0716,0.339,78.991,4
spotify:track:5G2c6FsfTzgYUzageCmfXY,"One Thing","Up All Night","One Direction",2012-05-25,197600,80,false,nicmf,2024-06-11T00:19:00Z,"","Syco Music UK",0.713,0.718,2,-3.806,1,0.0278,0.00233,0,0.0838,0.656,126.999,4
spotify:track:2E43WFS4rRc09za2r2GmZl,"My Songs Know What You Did In The Dark (Light Em Up)","Save Rock And Roll","Fall Out Boy",2013-04-12,186826,82,false,nicmf,2024-06-11T00:19:51Z,"emo,pop punk","Island Records",0.557,0.924,9,-4.341,0,0.064,0.0271,0.00000332,0.537,0.566,151.988,4
spotify:track:3rWDp9tBPQR9z6U5YyRSK4,"Midnight Rain","Midnights","Taylor Swift",2022-10-21,174782,77,false,nicmf,2024-06-11T00:20:36Z,"","Taylor Swift",0.604,0.375,0,-11.637,1,0.0633,0.71,0.0000587,0.116,0.203,137.651,4
spotify:track:5jQI2r1RdgtuT8S3iG8zFC,"Lavender Haze","Midnights","Taylor Swift",2022-10-21,202395,75,true,raphaelfr17,2024-06-11T00:21:02Z,"","Taylor Swift",0.735,0.449,7,-10.56,0,0.0883,0.23,0.00126,0.132,0.0955,97.05,4
spotify:track:0I329vpTJRdSRjEcWaQsSL,"Jet Lag (feat. Natasha Bedingfield)","Get Your Heart On! (Deluxe Edition)","Simple Plan;Natasha Bedingfield",2011-06-14,204526,70,false,raphaelfr17,2024-06-11T00:21:45Z,"pop punk,punk,emo","Atlantic Records",0.535,0.962,11,-3.453,1,0.0638,0.00361,0,0.163,0.687,144.984,4
spotify:track:4a9tbd947vo9K8Vti9JwcI,"Boy With Luv (feat. Halsey)","MAP OF THE SOUL : PERSONA","BTS;Halsey",2019-04-12,229773,81,false,nicmf,2024-06-11T00:22:40Z,"k-pop","BIGHIT MUSIC",0.645,0.862,11,-4.761,0,0.0845,0.0933,0,0.193,0.803,119.947,4
spotify:track:7DnAm9FOTWE3cUvso43HhI,"Sweet but Psycho","Heaven & Hell","Ava Max",2020-09-18,187436,88,false,raphaelfr17,2024-06-11T00:22:56Z,"","Atlantic Records",0.72,0.706,1,-4.719,1,0.0473,0.0684,0,0.166,0.62,133.002,4
spotify:track:4pNApnaUWAL2J4KO2eqokq,"Come Back...Be Here (Taylor's Version)","Red (Taylor's Version)","Taylor Swift",2021-11-12,223333,69,false,raphaelfr17,2024-06-11T00:23:40Z,"","Taylor Swift",0.46,0.632,4,-6.031,1,0.0302,0.0158,0,0.0822,0.399,79.846,4
spotify:track:6McgvPrfaKUvQNgdbifycb,"Deixa Vim","1 Beat 1 Letra","MC Hariel",2022-12-16,180217,29,false,nicmf,2024-06-11T00:24:40Z,"funk,funk consciente,trap funk","WM Brazil",0.463,0.659,9,-4.412,0,0.272,0.11,0,0.101,0.555,172.294,5
spotify:track:48RrDBpOSSl1aLVCalGl5C,"The Monster","The Marshall Mathers LP2","Eminem;Rihanna",2013-11-05,250188,87,true,nicmf,2024-06-11T00:25:26Z,"rap,hip hop","Eminem Catalog PS",0.781,0.853,1,-3.68,0,0.0714,0.0526,0,0.12,0.626,110.046,4
spotify:track:2Z8yfpFX0ZMavHkcIeHiO1,"Monster (Shawn Mendes & Justin Bieber)","Monster","Shawn Mendes;Justin Bieber",2020-11-20,178994,70,false,nicmf,2024-06-11T00:25:50Z,"","Shawn Mendes LP4-5 PS/ Island",0.652,0.383,2,-7.076,0,0.0516,0.0676,0,0.0828,0.549,145.765,4
spotify:track:6lPlwhFv8jeMlXEncHFykd,"Vambora","Maritmo","Adriana Calcanhotto",1998-06-15,254866,54,false,nicmf,2024-06-11T00:26:32Z,"mpb,samba,nova mpb","Columbia",0.606,0.716,10,-5.963,0,0.026,0.00755,0.00000441,0.0949,0.677,140.115,4
spotify:track:66rU4Dff6qFAhia56xRs8E,"Abril","COR","ANAVITÓRIA",2021-01-01,198226,50,false,nicmf,2024-06-11T00:27:29Z,"mpb,nova mpb,pop nacional","F/SIMAS",0.612,0.378,9,-10.993,0,0.04,0.686,0.0000198,0.174,0.435,138.053,4
spotify:track:314QzMOrpNUqWBUozYshf6,"Buttons","PCD","The Pussycat Dolls",2005-01-01,225560,80,false,nicmf,2024-06-11T00:29:27Z,"","Pussycat Dolls",0.564,0.817,2,-4.338,1,0.271,0.152,0,0.247,0.478,210.855,4
spotify:track:6cmm1LMvZdB5zsCwX5BjqE,"Down","All Or Nothing","Jay Sean;Lil Wayne",2009-01-01,212506,86,false,nicmf,2024-06-11T00:32:39Z,"rap,hip hop","Cash Money",0.727,0.68,2,-4.498,1,0.0286,0.0101,0,0.0821,0.728,132.012,4
spotify:track:34QLRZoPtOh7B5kcklyYAJ,"Die A Little","13 Reasons Why (Season 3)","YUNGBLUD",2019-08-23,173253,51,false,nicmf,2024-06-11T00:41:25Z,"","UMGRI Interscope",0.53,0.72,0,-5.326,0,0.0843,0.0933,0,0.205,0.251,150.142,4
spotify:track:5Yt3AV2nXQdPqdknyLtJk0,"Bota na Pipokinha (feat. DJ FELYPINHO 013)","Bota na Pipokinha","MC Pipokinha;DJ Pablo RB;Noguera DJ;DJ FELYPINHO 013",2021-09-15,193985,0,true,nicmf,2024-06-11T00:42:08Z,"funk,funk bruxaria","Pear Music",0.949,0.866,11,-11.127,0,0.377,0.302,0.0156,0.425,0.139,129.996,4
spotify:track:29I0eC7LaRhTzXG4rZFj1o,"Deixar pra Lá","Manu Gavassi (Deluxe Version)","Manu Gavassi",2012-05-28,176960,23,false,nicmf,2024-06-11T00:42:48Z,"pop nacional,nova mpb","Midas Music",0.668,0.974,9,-2.202,1,0.0386,0.00303,0.00000508,0.0541,0.704,109.954,4
spotify:track:2z4U9d5OAA4YLNXoCgioxo,"What the Hell","Goodbye Lullaby (Expanded Edition)","Avril Lavigne",2011-03-08,220706,82,false,nicmf,2024-06-11T00:43:23Z,"","Epic",0.578,0.926,6,-3.689,0,0.0548,0.00472,0.0127,0.14,0.877,149.976,4
spotify:track:3lXekiVK1ZPZbKconsys73,"The Story Of Us","Speak Now","Taylor Swift",2010-10-25,265680,56,false,nicmf,2024-06-11T00:47:10Z,"","Taylor Swift",0.575,0.855,9,-4.827,1,0.0467,0.000315,0.00161,0.0419,0.84,139.92,4
spotify:track:4JNdwEfqwFRiAeEISC8RU8,"Die For You (with Ariana Grande) - Remix","Die For You","The Weeknd;Ariana Grande",2023-02-27,232857,73,false,nicmf,2024-06-11T00:53:38Z,"pop","XO / Republic Records",0.556,0.515,1,-6.573,0,0.0633,0.266,0,0.344,0.492,66.958,4
spotify:track:0Z7nGFVCLfixWctgePsRk9,"TEXAS HOLD 'EM","TEXAS HOLD 'EM","Beyoncé",2024-02-11,233456,75,true,nicmf,2024-06-11T00:55:06Z,"","Parkwood Entertainment/Columbia",0.727,0.711,2,-6.549,1,0.078,0.582,0,0.158,0.375,110.012,4
spotify:track:67lmhNqM3Bavd0AAIbymuP,"Libera Ela - Ao Vivo","Raffa Torres ao Vivo em São Paulo","Raffa Torres",2019-08-13,198525,51,false,nicmf,2024-06-11T01:01:16Z,"sertanejo","Raffa Torres",0.59,0.805,9,-6.665,1,0.0394,0.563,0.00000106,0.599,0.85,74.966,4
spotify:track:15MJ5NThPjj6xhPcts8MiY,"Take My Breath Away - Love Theme from ""Top Gun""","Top Gun - Motion Picture Soundtrack (Special Expanded Edition)","Berlin",1999-01-01,255733,79,false,nicmf,2024-06-11T01:01:48Z,"","Columbia/Legacy",0.497,0.719,6,-9.397,1,0.0266,0.0613,0,0.411,0.547,95.769,4
spotify:track:5ubvP9oKmxLUVq506fgLhk,"Stayin Alive","How Can You Mend A Broken Heart","Bee Gees",2020-12-11,285373,79,false,nicmf,2024-06-11T01:06:52Z,"disco","UME - Global Clearing House",0.702,0.773,10,-9.256,0,0.0343,0.0288,0.00871,0.147,0.953,103.564,4
spotify:track:5qaEfEh1AtSdrdrByCP7qR,"Demons","Night Visions","Imagine Dragons",2012-09-04,177506,88,false,nicmf,2024-06-11T01:24:57Z,"","Kid Ina Korner / Interscope",0.5,0.71,3,-3.015,1,0.0339,0.19,0.00025,0.269,0.419,89.929,4
spotify:track:4frN6CneOJqtExR9LCf5oA,"Overture","Living Room","AJR",2015-03-03,158360,0,false,raphaelfr17,2024-06-11T01:30:34Z,"","AJR Productions/Warner Records",0.605,0.788,6,-5.902,0,0.05,0.0297,0.418,0.189,0.435,103.002,4
spotify:track:4He7bzKBaiu7CRz4wGkZzx,"Don't Forget","Don't Forget","Demi Lovato",2008-01-01,223160,59,false,nicmf,2024-06-11T01:30:39Z,"","Hollywood Records",0.641,0.451,4,-7.694,1,0.0899,0.507,0.00000171,0.629,0.612,179.967,4
spotify:track:2dgFqylK6gyILa4HY65u0y,"I'm Ready","Living Room","AJR",2015-03-03,227311,2,false,raphaelfr17,2024-06-11T01:31:01Z,"","AJR Productions/Warner Records",0.628,0.867,9,-3.555,1,0.0913,0.0108,0,0.308,0.597,78.043,4
spotify:track:4uUG5RXrOk84mYEfFvj3cK,"I'm Good (Blue)","I'm Good (Blue)","David Guetta;Bebe Rexha",2022-08-26,175238,89,true,nicmf,2024-06-11T01:32:52Z,"edm","Parlophone UK",0.561,0.965,7,-3.673,0,0.0343,0.00383,0.00000707,0.371,0.304,128.04,4
spotify:track:5icOoE6VgqFKohjWWNp0Ac,"Here With Me","Here With Me","Marshmello;CHVRCHES",2019-03-08,156346,8,false,nicmf,2024-06-11T01:34:13Z,"edm,synthpop","Marshmello/Republic",0.791,0.565,5,-3.933,0,0.0439,0.0623,0,0.156,0.181,99.961,4
spotify:track:3NLrRZoMF0Lx6zTlYqeIo4,"Here Without You","Away From The Sun","3 Doors Down",2002-11-12,238733,85,false,nicmf,2024-06-11T01:34:28Z,"post-grunge","Universal Records",0.557,0.533,10,-6.817,0,0.0252,0.0492,0,0.205,0.233,143.994,4
spotify:track:3yUcJwYu7fXAfqMj9krY6l,"Thank You","No Angel","Dido",1999,218360,84,false,nicmf,2024-06-11T01:38:18Z,"","Sony BMG Music UK",0.725,0.583,1,-9.942,0,0.0427,0.3,0.000238,0.0665,0.762,79.984,4
spotify:track:1ZY1PqizIl78geGM4xWlEA,"Gorgeous","reputation","Taylor Swift",2017-11-10,209680,77,false,nicmf,2024-06-11T01:38:55Z,"","Taylor Swift",0.8,0.535,7,-6.684,1,0.135,0.0713,0.00000948,0.213,0.451,92.027,4
spotify:track:0ymAJvTIbJraEti1rK6KiL,"Taylor Swift","New Money","Walker Hayes",2023-09-29,201266,34,false,nicmf,2024-06-11T01:39:08Z,"country","Monument Records/RCA Records",0.614,0.587,11,-8.888,1,0.0637,0.156,0.0000108,0.207,0.604,89.01,4
spotify:track:7kDUspsoYfLkWnZR7qwHZl,"my ex's best friend (with blackbear)","Tickets To My Downfall","mgk;blackbear",2020-09-25,139460,77,true,nicmf,2024-06-11T01:45:43Z,"","Bad Boy/Interscope Records",0.731,0.675,5,-5.134,0,0.0434,0.00473,0,0.141,0.298,124.939,4
spotify:track:5tz69p7tJuGPeMGwNTxYuV,"1-800-273-8255","Everybody","Logic;Alessia Cara;Khalid",2017-05-05,250173,80,true,nicmf,2024-06-11T01:49:48Z,"","Def Jam Recordings",0.62,0.574,5,-7.788,0,0.0479,0.569,0,0.19,0.357,100.023,4
spotify:track:3Rw6shHCDFRWv3g2WmEFKv,"Fire Meet Gasoline","1000 Forms Of Fear","Sia",2014-07-07,241493,63,false,nicmf,2024-06-11T01:52:16Z,"","Monkey Puzzle Records/RCA Records",0.418,0.764,5,-3.307,0,0.0559,0.00598,0,0.149,0.33,175.669,3
spotify:track:1pKmfhwbZvsyYUP2eOGdw5,"Screen","Vessel","Twenty One Pilots",2013-01-08,229120,64,false,nicmf,2024-06-11T01:56:04Z,"","Fueled By Ramen",0.718,0.714,0,-5.699,1,0.0622,0.0963,0,0.141,0.84,149.949,4
spotify:track:05mAIVLkIWc2d1UBYZBCp8,"1999","1999","Charli xcx;Troye Sivan",2018-10-05,189200,62,false,nicmf,2024-06-11T02:48:13Z,"hyperpop,art pop","Atlantic Records UK",0.739,0.742,7,-4.586,1,0.0329,0.0227,0.00000139,0.229,0.659,124.016,4
spotify:track:2bWIYp9KRcClACWoQtytU1,"You're Cool","Not Afraid to Say Goodbye","Emily Weisband",2020-11-13,148677,26,false,nicmf,2024-06-11T02:49:52Z,"","Warner Records",0.397,0.338,0,-7.618,1,0.053,0.518,0,0.225,0.279,87.335,4
spotify:track:7nD9nN3jord9wWcfW3Gkcm,"All In My Head (Flex) (feat. Fetty Wap)","7/27 (Deluxe)","Fifth Harmony;Fetty Wap",2016-05-27,210582,67,false,nicmf,2024-06-11T03:24:11Z,"","Syco Music/Epic",0.689,0.791,0,-5.194,0,0.053,0.023,0,0.0526,0.755,95.04,4
spotify:track:3BuLtAmXKy5uQYl4ED1zBT,"Weak","The Click","AJR",2017-06-30,201159,64,false,nicmf,2024-06-11T03:28:20Z,"","Black Butter",0.673,0.637,5,-4.518,1,0.0429,0.137,0,0.184,0.678,123.98,4
spotify:track:1udKn1oNKYQSQ9OmiIWCMu,"Do You Believe in Magic?","Do you Believe In Magic","The Lovin' Spoonful",1965-11,125826,71,false,nicmf,2024-06-11T03:28:31Z,"folk rock","Buddah",0.553,0.738,0,-7.963,1,0.0457,0.213,0,0.339,0.759,138.602,4
spotify:track:5uHYcK0nbEYgRaFTY5BqnP,"Magic (feat. Rivers Cuomo)","B.o.B Presents: The Adventures of Bobby Ray","B.o.B;Rivers Cuomo",2010-04-27,196133,71,false,nicmf,2024-06-11T03:28:41Z,"","Rebel Rock/Grand Hustle/Atlantic",0.549,0.932,8,-4.11,0,0.343,0.0127,0,0.347,0.787,82.439,4
spotify:track:7g6hAuTCUIyC60CDVqIcY2,"A Kind Of Magic - Remastered 2011","Greatest Hits II (Remastered)","Queen",1991-10-28,262253,21,false,raphaelfr17,2024-06-11T03:28:41Z,"rock clássico,rock,glam rock","EMI",0.672,0.773,9,-6,1,0.036,0.016,0.00101,0.171,0.692,130.116,4
spotify:track:0TK2YIli7K1leLovkQiNik,"Señorita","Señorita","Shawn Mendes;Camila Cabello",2019-06-21,190960,82,false,nicmf,2024-06-11T03:31:01Z,"","Island Records",0.759,0.54,9,-6.039,0,0.0287,0.037,0,0.0945,0.75,116.947,4
spotify:track:0xLCa6dp0wmDUhkDGKzDpv,"F.F.F. (feat. G-Eazy)","All Your Fault: Pt. 1","Bebe Rexha;G-Eazy",2017-02-16,202400,55,true,nicmf,2024-06-11T03:41:24Z,"","Warner Records",0.771,0.688,7,-5.515,1,0.148,0.00954,0,0.0578,0.307,92.003,4
spotify:track:4DYmJ19DhmxUe26QhANDYv,"Folgado - Ao Vivo","Marília Mendonça (Ao Vivo)","Marília Mendonça",2016-03-04,163902,62,false,nicmf,2024-06-11T03:47:07Z,"sertanejo,sertanejo universitário,arrocha,forró","Som Livre",0.712,0.89,1,-3.792,0,0.0729,0.645,0,0.0726,0.569,163.848,4
spotify:track:23OXdR7YuUBVWh5hSnYJau,"Chlorine","Trench","Twenty One Pilots",2018-10-05,324466,82,false,nicmf,2024-06-12T18:03:41Z,"","Fueled By Ramen",0.609,0.674,10,-7.388,0,0.0548,0.0735,0.06,0.345,0.315,90.009,4
spotify:track:7EvIMAbhkHXcV8rHbOyNzh,"I Lied","7/27 (Deluxe)","Fifth Harmony",2016-05-27,203575,45,false,nicmf,2024-06-12T18:13:10Z,"","Syco Music/Epic",0.674,0.778,8,-4.961,0,0.179,0.0774,0,0.308,0.492,118.039,4
spotify:track:4wNQAG2BzbVkLhdajjxGpR,"Begging","Dua Lipa (Deluxe)","Dua Lipa",2017-06-02,194106,49,false,nicmf,2024-06-12T18:24:36Z,"pop","Warner Records",0.683,0.794,8,-4.558,1,0.0533,0.024,0,0.302,0.327,105.941,4
spotify:track:33RJ3P6wc0B0FIyDalhNTv,"Here We Go Again","Here We Go Again","Demi Lovato",2009-01-01,226253,62,false,nicmf,2024-06-12T18:27:32Z,"","Hollywood Records",0.585,0.927,5,-5.253,1,0.04,0.00432,0,0.178,0.672,142.043,4
spotify:track:2byJqu4cw657Y7G6nFogkG,"cut my hair","THINK LATER","Tate McRae",2023-12-08,175665,68,false,nicmf,2024-06-12T18:34:47Z,"","RCA Records Label",0.601,0.707,2,-4.004,0,0.071,0.0829,0,0.121,0.449,164.059,4
spotify:track:2DAGCHu5aoo2FOjmtU9ojo,"50 Reais","50 Reais","Naiara Azevedo;Maiara & Maraisa",2016-04-28,207104,66,false,nicmf,2024-06-12T18:36:10Z,"sertanejo,sertanejo universitário","MM Music",0.778,0.826,1,-2.798,0,0.212,0.206,0,0.761,0.759,139.042,4
spotify:track:0oiKDZUxZn9i4jCCDmbTM2,"Uh Huh","Nervous System","Julia Michaels",2017-07-28,178973,48,true,nicmf,2024-06-12T18:38:55Z,"","J/Republic",0.775,0.663,4,-4.834,1,0.191,0.161,0.0000436,0.0678,0.567,137.935,4
spotify:track:5T8EDUDqKcs6OSOwEsfqG7,"Don't Stop Me Now - Remastered 2011","Jazz (2011 Remaster)","Queen",1978-11-10,209413,64,false,nicmf,2024-06-12T18:40:30Z,"rock clássico,rock,glam rock","EMI",0.559,0.868,5,-5.276,1,0.17,0.0475,0.000176,0.776,0.609,156.295,4
spotify:track:32OlwWuMpZ6b0aN2RZOeMS,"Uptown Funk (feat. Bruno Mars)","Uptown Special","Mark Ronson;Bruno Mars",2015-01-12,269658,91,false,raphaelfr17,2024-06-12T18:41:00Z,"","Columbia",0.856,0.609,0,-7.223,1,0.0824,0.00801,0.0000815,0.0344,0.928,114.988,4
spotify:track:7i1EsBBDoR8NDQqL8Smvh9,"Quando Eu Morrer Quero Ser Enterrada de Qu4tro","Quando Eu Morrer Quero Ser Enterrada de Qu4tro","MC Pipokinha;DJ DS;Novo Império",2023-01-14,164127,46,true,nicmf,2024-06-12T18:54:09Z,"funk","N.V.I Novo Imperio",0.898,0.973,4,-0.042,0,0.0879,0.25,0.00573,0.489,0.628,130.034,4
spotify:track:3JvKfv6T31zO0ini8iNItO,"Another Love","Long Way Down (Deluxe)","Tom Odell",2013-06-24,244360,91,true,nicmf,2024-06-12T19:06:31Z,"","ITNO/Columbia",0.445,0.537,4,-8.532,0,0.04,0.695,0.0000165,0.0944,0.131,122.769,4
spotify:track:6YmZbRGGVh8wdMnF2fomGk,"Ananau","Five Spirits: World Music Perú","Alborada",2003-01-01,308680,44,false,nicmf,2024-06-12T19:08:12Z,"música nativa americana,folclore andino,huayno,folclore latino,folk latino","Sixto Ayvar Alfaro",0.73,0.775,7,-7.007,0,0.0398,0.42,0.012,0.109,0.643,98.993,4
spotify:track:5MTQbjkMmE6WsDQ8JlyEVo,"Play My Music","Camp Rock","Jonas Brothers",2008-01-01,197506,65,false,nicmf,2024-06-12T19:10:22Z,"","Walt Disney Records",0.471,0.875,2,-3.499,1,0.087,0.000652,0,0.239,0.759,177.98,4
spotify:track:7FYzHebkpLBzhPZlmSrkmC,"We Move As One (feat. Andreas Kisser & Rob Damiani)","We Move As One (feat. Andreas Kisser & Rob Damiani)","Ego Kill Talent;Rob Damiani;Andreas Kisser",2024-02-22,201146,27,false,raphaelfr17,2024-06-12T19:10:29Z,"rock brasileiro","BMG Rights Management (Brazil) Ltda",0.539,0.893,2,-6.982,1,0.068,0.000962,0,0.223,0.581,94.046,4
spotify:track:2ve1HouBhfDbqROVQm2IBd,"Double Rainbow","PRISM (Deluxe)","Katy Perry",2013-10-18,231631,44,false,nicmf,2024-06-12T19:10:35Z,"pop","Capitol Records (CAP)",0.625,0.645,0,-7.937,1,0.057,0.269,0,0.0645,0.422,96.047,4
spotify:track:2HYFX63wP3otVIvopRS99Z,"Houdini","Houdini","Eminem",2024-05-31,227239,79,true,nicmf,2024-06-12T19:12:04Z,"rap,hip hop","Shady/Aftermath/Interscope Records",0.936,0.887,9,-2.76,0,0.0683,0.0292,0.00000188,0.0582,0.889,127.003,4
spotify:track:0vQzBcu9L8wrYv85aEhHsr,"When She Cries","Say It","Britt Nicole",2007-01-01,193346,45,false,nicmf,2024-06-12T19:25:02Z,"pop cristão,música cristã,eletrônica/dance cristã,música cristã contemporânea,rock alternativo cristão","Sparrow",0.439,0.62,6,-4.386,0,0.0322,0.0165,0,0.105,0.453,184.047,4
spotify:track:2BgEsaKNfHUdlh97KmvFyo,"2002","Speak Your Mind (Deluxe)","Anne-Marie",2018-04-27,186986,85,false,nicmf,2024-06-12T19:27:34Z,"","Atlantic Records UK",0.697,0.683,1,-2.881,0,0.117,0.0372,0,0.137,0.603,96.133,4
spotify:track:2qSkIjg1o9h3YT9RAgYN75,"Espresso","Espresso","Sabrina Carpenter",2024-04-12,175459,87,true,nicmf,2024-06-12T19:34:54Z,"pop","Island Records",0.701,0.76,0,-5.478,1,0.0285,0.107,0.0000654,0.185,0.69,103.969,4
spotify:track:7BoobGhD4x5K96Me0hqC8Q,"Build a Bitch","Build a Bitch","Bella Poarch",2021-05-14,122772,72,true,raphaelfr17,2024-06-12T19:45:38Z,"","Warner Records",0.855,0.463,3,-7.454,1,0.0367,0.217,0.0000177,0.347,0.866,102.931,4
spotify:track:006pMMCuRo2TFjh8sNGSov,"Dias De Luta, Dias De Gloria","Imunidade Musical","Charlie Brown Jr.",2005-01-01,145466,76,false,nicmf,2024-06-12T19:46:42Z,"rock brasileiro,mpb,pop nacional","EMI Brazil",0.346,0.433,3,-10.602,0,0.065,0.888,0,0.101,0.768,77.963,3
spotify:track:2d8UxVNhJinc8uat9PoM9y,"Who’s Afraid of Little Old Me?","THE TORTURED POETS DEPARTMENT: THE ANTHOLOGY","Taylor Swift",2024-04-19,334084,73,false,nicmf,2024-06-12T19:47:35Z,"","Taylor Swift",0.606,0.338,0,-10.555,1,0.048,0.315,0,0.106,0.238,119.88,4
spotify:track:1Hv1VTm8zeOeybub15mA2R,"Smooth Operator - Single Version","The Best of Sade","Sade",1994-10-31,258693,88,false,raphaelfr17,2024-06-12T19:48:54Z,"","Epic",0.734,0.58,9,-6.619,0,0.0321,0.238,0.0006,0.0298,0.962,119.336,4
spotify:track:24aMOBYVHE58Y33RIwkT0L,"Like I Did","Like I Did","Shane Harper",2016-05-27,191087,34,false,nicmf,2024-06-12T19:49:30Z,"","Deep Well Records, LLC",0.588,0.793,1,-4.301,1,0.0414,0.0159,0,0.0801,0.466,97.977,4
spotify:track:0yZDOCyZBgxHkRQ4tVM6RI,"More","Kiss & Tell","Selena Gomez & The Scene",2009-01-01,210693,36,false,nicmf,2024-06-12T19:50:26Z,"","Hollywood Records",0.559,0.903,4,-3.813,0,0.0658,0.00278,0.00000315,0.367,0.709,136.097,4
spotify:track:2dhJM2skHC9D41gHj34Kgw,"You’re The Best Thing About Me","Songs Of Experience (Deluxe Edition)","U2",2017-12-01,225400,56,false,nicmf,2024-06-12T19:51:19Z,"rock","Universal-Island Records Ltd.",0.65,0.78,2,-6.713,1,0.0351,0.002,0.00000118,0.294,0.809,117.023,4
spotify:track:0Fv5GIHRVoKbqpFgjSk19T,"The Best Thing About Me Is You (feat. Joss Stone)","Más Música + Alma + Sexo","Ricky Martin;Joss Stone",2011-11-15,216253,44,false,nicmf,2024-06-12T19:51:32Z,"pop latino,neo soul","Sony Music Latin",0.737,0.829,8,-3.982,1,0.0972,0.582,0,0.0893,0.701,128.861,4
spotify:track:1yf97yL1ll8FYXC27c9VTw,"Trees","Vessel","Twenty One Pilots",2013-01-08,267386,67,false,nicmf,2024-06-12T19:56:30Z,"","Fueled By Ramen",0.584,0.833,6,-5.9,1,0.041,0.00359,0.0000344,0.169,0.324,140.013,4
spotify:track:3iVcZ5G6tvkXZkZKlMpIUs,"Alright","To Pimp A Butterfly","Kendrick Lamar",2015-03-16,219333,81,true,nicmf,2024-06-12T20:07:18Z,"hip hop,west coast hip hop","Aftermath",0.796,0.766,7,-5.974,1,0.238,0.0742,0,0.0827,0.558,110.034,4
spotify:track:5cbpoIu3YjoOwbBDGUEp3P,"Car Radio","Vessel","Twenty One Pilots",2013-01-08,267720,74,false,nicmf,2024-06-12T20:44:40Z,"","Fueled By Ramen",0.766,0.519,9,-7.355,0,0.0366,0.098,0,0.0855,0.612,129.972,4
spotify:track:0qOnSQQF0yzuPWsXrQ9paz,"Stereo Hearts (feat. Adam Levine)","The Papercut Chronicles II","Gym Class Heroes;Adam Levine",2011-11-11,210960,90,false,raphaelfr17,2024-06-12T20:46:12Z,"","Decaydance/Fueled By Ramen",0.646,0.795,9,-3.293,1,0.0976,0.0319,0,0.267,0.796,89.99,4
spotify:track:5haXbSJqjjM0TCJ5XkfEaC,"I Got You (I Feel Good)","I Got You (I Feel Good)","James Brown & The Famous Flames",1966-02-01,165800,74,false,raphaelfr17,2024-06-12T20:46:32Z,"","Universal Records",0.611,0.487,7,-8.781,1,0.0938,0.417,0.00001,0.287,0.699,143.321,4
spotify:track:0enBoxh3Csjo7lBe7QwILQ,"Dance with you","Dance with you","Sofia Kay",2020-11-18,199691,30,false,nicmf,2024-06-12T23:15:26Z,"","Sofia Kay Music",0.756,0.639,3,-6.113,1,0.0335,0.698,0,0.106,0.734,130.022,4
spotify:track:4Ez9O4HOPBEpdAvOwb4XtA,"Eu Não Venci o Sistema","Eu Não Venci o Sistema","Sid;Chiocki",2023-06-12,180400,52,true,nicmf,2024-06-12T23:21:31Z,"hip hop brasileiro,boom bap,trap brasileiro,trap","Bendita Gravadora",0.653,0.769,1,-6.163,1,0.387,0.386,0.00000108,0.213,0.617,98.555,4
spotify:track:2AVZJ4u8JOhcYBX5yHGdrX,"It's On Us (Benefiting the ""It's On Us"" Campaign)","It's On Us (Benefiting the ""It's On Us"" Campaign)","AJR",2017-03-31,207671,0,false,raphaelfr17,2024-06-12T23:21:53Z,"","AJR Productions",0.493,0.718,9,-4.634,1,0.0399,0.0636,0,0.08,0.328,88.05,4
spotify:track:2p3BqVXidY55L0q0A0agtZ,"This Is Not America - 2002 Remaster","Best of Bowie","David Bowie;Pat Metheny Group",2002-10-22,231426,59,false,nicmf,2024-06-12T23:22:34Z,"glam rock,art rock","Rhino",0.715,0.675,0,-11.916,0,0.037,0.0562,0.00316,0.0519,0.66,115.284,4
spotify:track:6BePGk3eCan4FqaW2X8Qy3,"10:35","10:35","Tiësto;Tate McRae",2022-11-03,172252,74,false,nicmf,2024-06-12T23:42:42Z,"edm,trance,big room","Atlantic Records",0.696,0.793,8,-5.733,1,0.097,0.0683,0.00000378,0.18,0.698,120.003,4
spotify:track:2SOUTN8rzGAkBr001HqAXe,"Run to You","Places","Lea Michele",2017-04-28,218826,53,false,nicmf,2024-06-13T01:27:46Z,"musicais","Columbia",0.399,0.362,6,-8.37,1,0.0337,0.637,0.00000847,0.0965,0.311,125.73,4
spotify:track:2ipqXnu9eUA11VerUdiqjg,"5:3666","Hotel Diablo","mgk;phem",2019-07-05,194889,53,true,nicmf,2024-06-13T01:28:33Z,"","Bad Boy/Interscope Records",0.531,0.386,1,-7.73,0,0.0816,0.339,0.00000328,0.264,0.0946,79.979,4
spotify:track:4lJNen4SMTIJMahALc3DcB,"Thunderclouds (feat. Sia, Diplo, and Labrinth)","LABRINTH, SIA & DIPLO PRESENT... LSD","Sia;Diplo;Labrinth;LSD",2019-04-12,187026,72,false,nicmf,2024-06-13T01:29:07Z,"moombahton,dance pop","Records/Columbia",0.69,0.714,7,-5.948,1,0.0338,0.0077,0.0000723,0.191,0.489,112.009,4
spotify:track:7xoW9ae2eFXgzw2JFkttmq,"Mensagem Apagada","Juntos","Dilsinho;Sorriso Maroto",2022-03-31,175130,64,false,nicmf,2024-06-13T01:34:38Z,"pagode,samba,sertanejo","Sony Music Entertainment",0.631,0.596,0,-7.708,1,0.0377,0.785,0,0.352,0.535,145.957,4
spotify:track:3caI72WpQutpdgPMm1jgDb,"Ligação Covarde - Ao Vivo","Ao Vivo No Ibirapuera","Henrique & Juliano",2020-05-15,162459,9,false,nicmf,2024-06-13T01:40:41Z,"sertanejo,sertanejo universitário,arrocha,agronejo","Vida Nova Producoes",0.613,0.683,1,-6.268,1,0.043,0.502,0,0.804,0.571,100.121,4
spotify:track:6fo5W5UDv2mHHiftTvFbzK,"Castelo Rá-Tim-Bum (Abertura)","Meu Pé Meu Querido Pé","Hélio Ziskind",1997,59106,0,false,raphaelfr17,2024-06-13T02:10:04Z,"canção de ninar,música infantil","MCD",0.553,0.779,10,-8.766,1,0.124,0.416,0.121,0.148,0.274,153.559,4
spotify:track:0eGVDdASlwnrUTfuxC6Ddv,"O Carimbador Maluco","Plunct! Plact! Zum","Raul Seixas",1983-01-01,141933,53,false,nicmf,2024-06-13T02:10:14Z,"rock brasileiro,mpb,pop nacional","Som Livre",0.647,0.858,7,-7.689,1,0.162,0.26,0,0.103,0.678,148.167,4
spotify:track:6fNaHkjAxP6rI2sZhT7QJn,"Backslide","Clancy","Twenty One Pilots",2024-05-24,180000,70,false,raphaelfr17,2024-06-13T02:21:35Z,"","Fueled By Ramen",0.684,0.652,3,-6.258,1,0.26,0.128,0,0.0719,0.541,85.104,4
spotify:track:2K87XMYnUMqLcX3zvtAF4G,"Drag Me Down","Made In The A.M. (Deluxe Edition)","One Direction",2015-11-13,192112,82,false,nicmf,2024-06-13T02:22:21Z,"","Syco Music",0.731,0.703,0,-5.672,0,0.0368,0.111,0,0.0657,0.595,138.111,4
spotify:track:455AfCsOhhLPRc68sE01D8,"Last Friday Night (T.G.I.F.)","Teenage Dream: The Complete Confection","Katy Perry",2012-03-12,230746,80,false,nicmf,2024-06-13T02:38:41Z,"pop","Capitol Records",0.649,0.814,3,-3.796,0,0.0416,0.00125,0.0000429,0.671,0.764,126.031,4
spotify:track:71efUiJwL11CRkI5aMplsi,"Sentadona (Ai Calica)","Sentadona (Ai Calica)","Davi Kneip;Mc Frog;Dj Gabriel do Borel",2022-02-04,166222,51,true,nicmf,2024-06-13T02:39:17Z,"funk,funk de bh,brega funk,agronejo,funk pop,funk carioca","Davi Kneip",0.939,0.486,6,-0.751,1,0.215,0.478,0.000173,0.051,0.83,135.012,4
spotify:track:5OQGeJ1ceykovrykZsGhqL,"Breathless","In Blue","The Corrs",2000-07-17,207506,78,false,nicmf,2024-06-13T02:55:20Z,"rock celta","Atlantic Records",0.607,0.82,11,-7.754,1,0.0597,0.0541,0.000068,0.269,0.768,126.988,4
spotify:track:2OdfQjIJlomZFUBTEDKMre,"No Chances","Scaled And Icy","Twenty One Pilots",2021-05-21,226449,63,false,nicmf,2024-06-13T03:17:37Z,"","Fueled By Ramen",0.667,0.54,7,-7.301,1,0.0629,0.15,0.0184,0.218,0.0882,139.984,4
spotify:track:7wuJGgpTNzbUyn26IOY6rj,"Total Eclipse of the Heart","The Very Best of Bonnie Tyler","Bonnie Tyler",2009-03-26,267360,90,false,nicmf,2024-06-13T03:23:05Z,"","Sony Music UK",0.431,0.723,8,-5.887,1,0.0568,0.145,0,0.374,0.19,130.141,4
spotify:track:003vvx7Niy0yvhvHt4a68B,"Mr. Brightside","Hot Fuss","The Killers",2004,222973,96,false,raphaelfr17,2024-06-13T03:25:45Z,"rock alternativo","Island Records",0.352,0.911,1,-5.23,1,0.0747,0.00121,0,0.0995,0.236,148.033,4
spotify:track:5DiXcVovI0FcY2s0icWWUu,"Mr. Jones","August And Everything After","Counting Crows",1993-09-14,272293,85,false,nicmf,2024-06-13T03:26:05Z,"","DGC",0.578,0.817,0,-6.541,1,0.0363,0.183,0.00000285,0.285,0.734,141.621,4
spotify:track:3gx6w5kdT0pFUog12yjasI,"Darlin'","Unleash The Love","Mike Love",2017-11-17,158413,38,false,raphaelfr17,2024-06-13T04:34:08Z,"","The End Records",0.698,0.901,11,-5.522,1,0.071,0.0141,0,0.286,0.881,125.939,4
spotify:track:53jnnqFSRGMDB9ADrNriCA,"Bloody Mary","Born This Way (International Special Edition Version)","Lady Gaga",2011-05-23,244760,79,false,raphaelfr17,2024-06-13T05:42:19Z,"art pop,pop","Interscope",0.591,0.634,9,-6.365,0,0.0291,0.0107,0.00000195,0.113,0.44,99.998,4
spotify:track:7lQ8MOhq6IN2w8EYcFNSUk,"Without Me","The Eminem Show","Eminem",2002-05-26,290320,92,true,nicmf,2024-06-13T05:51:11Z,"rap,hip hop","Eminem Catalog PS",0.908,0.669,7,-2.827,1,0.0738,0.00286,0,0.237,0.662,112.238,4
spotify:track:3GmJxfnUDrIs1iCfKUELFz,"Supera - Ao Vivo","Todos Os Cantos, Vol. 3 (Ao Vivo)","Marília Mendonça",2019-08-16,147748,73,false,nicmf,2024-06-13T05:52:23Z,"sertanejo,sertanejo universitário,arrocha,forró","Som Livre",0.665,0.743,4,-4.434,1,0.0567,0.0604,0,0.959,0.658,131.573,4
spotify:track:3y4LxiYMgDl4RethdzpmNe,"Breathe","Breathe","Faith Hill",1999-11-09,250546,71,false,nicmf,2024-06-13T18:09:44Z,"country","Warner Records",0.529,0.496,7,-9.007,1,0.029,0.173,0,0.251,0.278,136.859,4
spotify:track:6E0U3OTvJwFvc8rmTqZiBK,"Show You","Show You","Shawn Mendes",2015-02-02,180120,57,false,nicmf,2024-06-13T19:11:12Z,"","Island Records",0.653,0.674,2,-4.984,1,0.0471,0.0329,0,0.347,0.776,165.943,4
spotify:track:1zB4vmk8tFRmM9UULNzbLB,"Thunder","Evolve","Imagine Dragons",2017-06-23,187146,89,false,raphaelfr17,2024-06-13T19:17:45Z,"","Kid Ina Korner / Interscope",0.604,0.822,0,-4.833,1,0.0438,0.00672,0.134,0.147,0.288,167.997,4
spotify:track:07DskqQ1NbTiotX1WIV7ob,"Piloto","Piloto","Flora Matos",2018-06-12,197538,70,false,nicmf,2024-06-13T19:30:26Z,"hip hop brasileiro","Flora Matos",0.789,0.642,0,-8.631,0,0.0379,0.97,0.798,0.106,0.894,130.021,4
spotify:track:7B1Dl3tXqySkB8OPEwVvSu,"We'll Be Coming Back (feat. Example)","18 Months","Calvin Harris;Example",2012-10-29,234360,68,false,nicmf,2024-06-13T19:32:17Z,"edm","Columbia",0.596,0.952,7,-4.364,1,0.0873,0.00131,0,0.598,0.571,127.945,4
spotify:track:2uAX7DbFp5GWCkE1bpkUn4,"Remember","LP1","Liam Payne",2019-12-06,189422,55,false,nicmf,2024-06-13T19:59:39Z,"","Capitol Records UK / EMI",0.675,0.606,5,-5.102,0,0.0285,0.301,0,0.229,0.317,103.976,4
spotify:track:1Bjpfvw2dhivyludgB0fyt,"Body On Me ft. Chris Brown","Body On Me ft. Chris Brown","Rita Ora;Chris Brown",2015-08-07,225217,66,false,nicmf,2024-06-13T23:43:36Z,"r&b","Roc Nation Records, LLC",0.637,0.74,11,-5.438,0,0.0409,0.0136,0,0.287,0.525,88.999,4
spotify:track:6fNhZRFEkBfgW39W3wKARJ,"Pompeii","Bad Blood","Bastille",2013-01-01,214147,82,false,raphaelfr17,2024-06-13T23:43:51Z,"","Virgin Records",0.679,0.715,9,-6.383,1,0.0407,0.0755,0,0.271,0.571,127.435,4
spotify:track:2fOjendzUzepHwR9QrVyYF,"La Respuesta","La Respuesta","Becky G;Maluma",2019-04-19,182400,60,false,nicmf,2024-06-13T23:47:22Z,"reggaeton,latino,urbano latino","Kemosabe Records/RCA Records/Sony Music Latin",0.757,0.832,4,-3.674,0,0.229,0.127,0,0.167,0.53,180.05,4
spotify:track:6habFhsOp2NvshLv26DqMb,"Despacito","VIDA","Luis Fonsi;Daddy Yankee",2019-02-01,229360,87,false,raphaelfr17,2024-06-13T23:52:23Z,"latino,reggaeton","UMLE - Latino",0.655,0.797,2,-4.787,1,0.153,0.198,0,0.067,0.839,177.928,4
spotify:track:1hCTxutVVYvggAQcUUUZAT,"Put A Little Love On Me","Put A Little Love On Me","Niall Horan",2019-12-06,224585,57,false,nicmf,2024-06-13T23:52:30Z,"","Capitol Records",0.584,0.465,10,-4.88,1,0.0262,0.678,0,0.106,0.3,95.969,4
spotify:track:0KQx6HOpJueiSkztcS0r7D,"Fallin'","Songs In A Minor","Alicia Keys",2001-06-05,210200,84,false,nicmf,2024-06-13T23:59:41Z,"r&b,neo soul","J Records",0.652,0.609,11,-7.519,0,0.037,0.263,0.00101,0.233,0.482,95.986,3
spotify:track:6PypGyiu0Y2lCDBN1XZEnP,"Everybody Hurts","Automatic For The People","R.E.M.",1992-10-05,320266,80,false,nicmf,2024-06-14T00:00:45Z,"jangle pop,rock alternativo,rock","Concord Records",0.467,0.324,2,-10.451,1,0.0255,0.615,0.0248,0.118,0.166,94.301,3
spotify:track:5YciOakY5dB5dULkiLdCaf,"Stop Crying Your Heart Out","Heathen Chemistry","Oasis",2002-02-03,303133,81,false,nicmf,2024-06-14T00:14:35Z,"britpop","Big Brother",0.38,0.572,2,-5.334,1,0.03,0.0768,0.0000024,0.0776,0.0878,74.987,4
spotify:track:37F0uwRSrdzkBiuj0D5UHI,"Reminder","Starboy","The Weeknd",2016-11-25,218880,86,true,nicmf,2024-06-14T00:15:59Z,"","The Weeknd/Lyric",0.705,0.505,8,-6.923,1,0.193,0.142,0,0.164,0.388,160.053,4
spotify:track:54pvEYFocTlvIAQOfXSjqV,"Alone Again (Naturally)","Back to Front (Deluxe Edition)","Gilbert O'Sullivan",1972-01-01,221373,78,false,nicmf,2024-06-14T01:19:33Z,"","Salvo",0.558,0.528,8,-6.265,0,0.032,0.625,0.0000749,0.104,0.606,171.797,4
spotify:track:5MjHgDtqDaHkttdqOxs4aj,"Tão Bem","Lulu Acústico","Lulu Santos",2000-12-02,213666,58,false,nicmf,2024-06-14T03:04:37Z,"mpb,rock brasileiro,pop nacional","Ariola",0.518,0.388,10,-13.892,1,0.0756,0.73,0,0.416,0.663,82.613,4
spotify:track:4ajmJhzoZ8JcWtkmU3aSyy,"Sad Story (Out Of Luck)","Sad Story (Out Of Luck)","Merk & Kremont;Ady Suleiman",2017-06-09,212303,42,true,nicmf,2024-06-14T03:08:20Z,"techengue,house latino","Spinnin' Records",0.718,0.786,0,-4.193,0,0.0476,0.181,0,0.106,0.756,102.019,4
spotify:track:62hTXlVQacy3pjBW4ntRPl,"1000 Doves","Chromatica","Lady Gaga",2020-05-29,215480,53,false,nicmf,2024-06-14T03:08:35Z,"art pop,pop","Interscope",0.668,0.826,9,-4.466,1,0.0383,0.0236,0.0000107,0.474,0.388,122.973,4
spotify:track:5GYbkDveRD2I8M5ZJ14hWn,"Never Say Never","Never Say Never - The Remixes","Justin Bieber;Jaden",2011-01-01,227853,85,false,nicmf,2024-06-14T03:09:53Z,"","RBMG/Def Jam",0.739,0.807,0,-5.063,1,0.0652,0.0181,0,0.295,0.632,97.048,4
spotify:track:6RmCW9c2vAJ4prrH0wNDK9,"Nicole","The Romantic","Taylor Ashton",2020-02-28,230561,38,false,nicmf,2024-06-14T03:23:33Z,"bluegrass","Signature Sounds Recordings",0.758,0.383,10,-10.115,1,0.0401,0.712,0.0709,0.0905,0.711,87.009,4
spotify:track:2DHDuADAHoUW6n0z80RLQF,"Pieces","Black Bear","Andrew Belle",2013-08-20,241119,64,false,nicmf,2024-06-14T03:23:56Z,"","Andrew Belle",0.493,0.65,6,-5.865,0,0.0312,0.0753,0.00259,0.125,0.32,137.017,4
spotify:track:1BvJmtaXsqtH438BcDPeBb,"Daniel","Don't Shoot Me I'm Only The Piano Player","Elton John",1973-01-22,234666,74,false,nicmf,2024-06-14T03:25:02Z,"","EMI",0.689,0.476,0,-11.945,1,0.029,0.379,0.0000512,0.0864,0.9,132.074,4
spotify:track:1LHfEkVMR0Yj20C8lWdgpA,"Unbelievable","Unbelievable","Why Don't We",2019-05-16,189384,59,false,nicmf,2024-06-14T03:33:24Z,"","Atlantic Records",0.532,0.66,7,-7.138,1,0.0825,0.105,0.000222,0.0996,0.676,130.013,4
spotify:track:6T689Jvh5KrSXyaPtUWZtQ,"Criminal","Femme Fatale (Deluxe Version)","Britney Spears",2011-03-28,225080,79,false,nicmf,2024-06-14T03:34:05Z,"pop","Jive",0.696,0.734,7,-5.294,1,0.0298,0.0485,0,0.183,0.711,107.987,4
spotify:track:3sOGVdj5VPY6C2XImtlzj7,"Shockwave","Shockwave","Marshmello",2021-06-11,181283,61,false,raphaelfr17,2024-06-14T03:34:15Z,"edm","Joytime Collective",0.577,0.875,9,-2.897,0,0.0681,0.0231,0.00000469,0.111,0.411,164.009,4
spotify:track:1e6L0EbCaG0TraK7LtbcXE,"Egoista","Carpe Diem","Belinda;Pitbull",2010-01-01,204146,66,false,nicmf,2024-06-14T04:26:40Z,"pop latino","Capitol Latin",0.707,0.858,5,-4.695,0,0.0897,0.011,0,0.225,0.431,125.022,4
spotify:track:3BJe4B8zGnqEdQPMvfVjuS,"Summertime Sadness","Born To Die - The Paradise Edition","Lana Del Rey",2012-01-01,265427,88,false,nicmf,2024-06-14T04:27:38Z,"","Polydor Records",0.565,0.654,1,-6.826,0,0.0335,0.0542,0.0000018,0.122,0.235,111.968,4
spotify:track:7BVwi9cIzSc6tpyxsp47vJ,"Mess Is Mine","Dream Your Life Away","Vance Joy",2014-09-08,223640,64,false,nicmf,2024-06-14T04:46:09Z,"folk pop","F-Stop Records/Atlantic",0.595,0.723,7,-8.256,1,0.0349,0.047,0.0286,0.0995,0.272,108.043,1
spotify:track:1bM50INir8voAkVoKuvEUI,"OMG (feat. will.i.am)","Raymond v Raymond (Expanded Edition)","USHER;will.i.am",2010-03-30,269493,83,false,nicmf,2024-06-14T04:46:55Z,"r&b","LaFace Records",0.781,0.745,4,-5.81,0,0.0332,0.198,0.0000114,0.36,0.326,129.998,4
spotify:track:2QtxlzvSBONjs1bDC34ixs,"Yeah 3x","F.A.M.E. (Expanded Edition)","Chris Brown",2011-03-22,241666,73,true,nicmf,2024-06-14T04:47:47Z,"r&b","Jive",0.705,0.882,11,-3.201,0,0.0445,0.000369,0.00000116,0.0934,0.7,130,4
spotify:track:2q4rjDy9WhaN3o9MvDbO21,"Kiss Me Thru The Phone","iSouljaBoyTellem","Soulja Boy;Sammie",2008-01-01,193386,86,false,nicmf,2024-06-14T04:50:13Z,"","Collipark / Interscope",0.758,0.712,7,-3.781,1,0.112,0.0188,0,0.0677,0.794,150.001,4
spotify:track:0wwPcA6wtMf6HUMpIRdeP7,"Hotline Bling","Views","Drake",2016-05-06,267066,87,false,raphaelfr17,2024-06-14T04:50:30Z,"rap","Cash Money Records/Young Money Ent./Universal Rec.",0.891,0.628,2,-7.863,1,0.0551,0.00258,0.00019,0.0504,0.552,134.966,4
spotify:track:1nG5MSzLuDAQAmutextzyw,"Problemas (feat. Alok)","Mundão Girou (Deluxe)","MC Hariel;Pedro Lotto;Alok",2022-05-27,155744,26,false,nicmf,2024-06-14T04:50:56Z,"funk,funk consciente,trap funk,trap brasileiro,hip hop brasileiro,trap,brazilian bass,eletronic,slap house,eletrohouse","WM Brazil",0.507,0.775,9,-7.549,1,0.216,0.192,0,0.093,0.415,92.675,4
spotify:track:2KnLkZ3z7PO3kgVGHGqDpD,"It'll Be Okay","It'll Be Okay","Shawn Mendes",2021-12-01,222800,74,false,nicmf,2024-06-14T04:53:07Z,"","Shawn Mendes LP4-5 PS/ Island",0.398,0.286,7,-11.881,1,0.033,0.616,0.000146,0.0912,0.0666,78.262,4
spotify:track:0mjAU3yKR1QnXnHtjGJqTM,"Rescue Me","Rescue Me","OneRepublic",2019-05-17,158899,66,false,raphaelfr17,2024-06-14T04:56:02Z,"","Mosley Music/Interscope Records",0.759,0.605,7,-7.737,1,0.0433,0.156,0,0.694,0.64,121.049,4
spotify:track:0HMjXBAZmSYOTTi33WpMso,"History","Made In The A.M. (Deluxe Edition)","One Direction",2015-11-13,187421,74,false,nicmf,2024-06-14T04:56:56Z,"","Syco Music",0.655,0.697,11,-4.421,1,0.0493,0.0359,0,0.0646,0.802,86.704,4
spotify:track:5UmoLXuLoTDwujmVyjuZtF,"These Days","III","Take That",2014-01-01,231980,56,false,nicmf,2024-06-14T04:57:21Z,"","Polydor Records",0.635,0.891,1,-5.766,1,0.0377,0.00477,0.0000121,0.0681,0.712,120.056,4
spotify:track:2uhBCMHwS3SATOHIgM2KPF,"Textão - Ao Vivo","Por Mais Beijos Ao Vivo","Zé Neto & Cristiano",2020-03-26,183073,53,false,nicmf,2024-06-14T05:00:25Z,"sertanejo,sertanejo universitário,agronejo,arrocha","Som Livre",0.643,0.84,7,-4.21,1,0.0299,0.329,0,0.678,0.364,103.851,4
spotify:track:5EGPf0nqO7vEIwsOX6Er98,"Obsessed","Memoirs of an imperfect Angel (International Version)","Mariah Carey",2009-09-29,242200,83,false,nicmf,2024-06-14T05:01:01Z,"natal","Def Jam Recordings",0.742,0.467,10,-5.557,0,0.0624,0.0458,0,0.826,0.366,86.442,4
spotify:track:3LPt7cTMvYi6YyPEUqnUCA,"Explain You","Hold It Together","JP Saxe",2020-02-07,198360,37,true,nicmf,2024-06-14T05:02:42Z,"","Arista Records",0.37,0.435,11,-11.551,1,0.0467,0.67,0.00019,0.137,0.137,124.151,4
spotify:track:2kIq7Oq6YNfdUuTrmPC4w1,"Ordinary Girl","Hannah Montana Forever","Hannah Montana",2010-01-01,177506,70,false,nicmf,2024-06-14T05:05:11Z,"","Walt Disney Records",0.411,0.847,7,-3.705,1,0.219,0.0265,0,0.222,0.398,182.496,4
spotify:track:09nEPqqMCJ5gNioi7M2dth,"New Soul","Yael Naim","Yael Naim",2007-10-22,225105,70,false,raphaelfr17,2024-06-14T17:56:23Z,"","Tôt Ou Tard",0.582,0.371,0,-8.519,1,0.0525,0.748,0.0000919,0.122,0.604,200.085,4
spotify:track:6Ac4NVYYl2U73QiTt11ZKd,"Hooked On A Feeling","Hooked On A Feeling","Blue Swede;Björn Skifs",1974-04-01,172866,77,false,raphaelfr17,2024-06-14T22:31:29Z,"","Parlophone Sweden",0.547,0.82,8,-6.728,1,0.0805,0.261,0,0.3,0.933,118.208,4
spotify:track:0KAiuUOrLTIkzkpfpn9jb9,"Drive By","California 37","Train",2012-04-17,195973,84,false,raphaelfr17,2024-06-15T01:38:08Z,"o lado suave do pop","Columbia",0.765,0.837,1,-3.113,0,0.032,0.00107,0.0000106,0.0801,0.721,122.028,4
spotify:track:4PYAe64w5zHrhKV4sEWLQx,"Bololo Hahaha","Bololo Hahaha","MC Bin Laden",2014-11-01,207307,45,false,nicmf,2024-06-15T01:38:28Z,"funk,funk carioca","KLProdutora",0.91,0.613,7,-5.521,1,0.27,0.144,0,0.119,0.844,130.128,4
spotify:track:6zjBevD0Y6eCbOXaqQ79Xj,"Jesus Christ 2005 God Bless America","Notes On A Conditional Form","The 1975",2020-05-22,264006,51,false,nicmf,2024-06-15T01:39:06Z,"","Polydor Records",0.525,0.286,2,-15.92,1,0.0347,0.879,0.00799,0.334,0.574,78.945,4
spotify:track:5Odthf0CRIysullhulo7gg,"A Baratinha","Galinha Pintadinha, Vol. 1","Galinha Pintadinha",2006-06-01,211000,60,false,raphaelfr17,2024-06-15T01:39:16Z,"canção de ninar,música infantil","Bromélia [dist. Tratore]",0.839,0.756,0,-6.769,1,0.0366,0.438,0.00000227,0.276,0.979,134.022,4
spotify:track:1kKjO0gDhkHd2hhSQFHWRl,"SENTA NO BUGALU - VERSÃO AGRESSIVA - MULHER NÃO GOSTA DE FOFOCA","SENTA NO BUGALU - VERSÃO AGRESSIVA - MULHER NÃO GOSTA DE FOFOCA","DJ BRUNO PRADO;DJ GUSTAVO DA VS;MC Lil",2021-08-30,230769,0,false,nicmf,2024-06-15T01:41:35Z,"funk","DJ BRUNO PRADO",0.919,0.98,11,3.968,1,0.202,0.729,0.168,0.0944,0.661,129.989,4
spotify:track:2TI5GBkbrrFtZRM5v1heeb,"Trem Das Onze","Adoniran Barbosa","Adoniran Barbosa",1974-08-05,184000,69,false,nicmf,2024-06-15T01:48:46Z,"samba,mpb,bossa nova","Universal Music Ltda.",0.675,0.449,4,-14.164,0,0.0613,0.541,0.00337,0.069,0.803,91.773,4
spotify:track:5rb9QrpfcKFHM1EUbSIurX,"Yeah! (feat. Lil Jon & Ludacris)","Confessions (Expanded Edition)","USHER;Lil Jon;Ludacris",2004-03-23,250373,90,false,nicmf,2024-06-15T02:44:32Z,"r&b,crunk,southern hip hop","LaFace Records",0.894,0.791,2,-4.699,1,0.112,0.0183,0,0.0388,0.583,105.018,4
spotify:track:548e8kJ1vpf8SZnWTOVS2X,"Sick Of You","A Year Without Rain (International Standard Version)","Selena Gomez & The Scene",2010-01-01,203306,34,false,nicmf,2024-06-15T02:44:43Z,"","Hollywood Records",0.545,0.781,10,-3.811,1,0.0635,0.0161,0,0.0351,0.466,147.957,4
spotify:track:0PWgAyoxsjwGRuFSO0fyya,"Better Than Revenge","Speak Now","Taylor Swift",2010-10-25,217173,62,false,nicmf,2024-06-15T02:47:31Z,"","Taylor Swift",0.519,0.917,11,-3.185,0,0.0887,0.0167,0.0000206,0.359,0.652,145.882,4
spotify:track:0CnD7Hiw6pae6rLsZw5q5W,"Incomplete","Never Gone","Backstreet Boys",2005-06-14,239586,71,false,nicmf,2024-06-15T03:32:57Z,"","Jive",0.437,0.589,4,-4.834,1,0.0331,0.231,0,0.0768,0.165,133.631,4
spotify:track:6cbARNpbHXkC6OO76Hjz6I,"Álcool na Madrugada (feat. Lucas Muto)","Álcool na Madrugada (feat. Lucas Muto)","MTK;Tasdan;Lucas Muto",2019-04-05,232325,35,false,nicmf,2024-06-15T04:07:43Z,"pop nacional,trap brasileiro","Sony Music Entertainment",0.483,0.553,5,-9.244,0,0.0678,0.51,0,0.0774,0.791,186.011,4
spotify:track:3tA0vALUwrzkTgHcm9j6oJ,"Notificação Preferida - Ao Vivo","Esquece o Mundo Lá Fora (Ao Vivo | Deluxe)","Zé Neto & Cristiano",2018-07-13,182340,75,false,nicmf,2024-06-15T04:08:02Z,"sertanejo,sertanejo universitário,agronejo,arrocha","Som Livre",0.398,0.838,8,-4.734,0,0.13,0.778,0,0.189,0.206,156.008,3
spotify:track:4ks6j7JsfJorc1tb4THJo8,"Don't Let Me Down","Covers","Conor Maynard",2016-08-05,164129,54,false,raphaelfr17,2024-06-15T20:02:55Z,"","Parlophone UK",0.446,0.37,9,-8.447,1,0.0464,0.913,0,0.126,0.209,108.58,3
spotify:track:4RPJGu9NXhxdV53l14XwAO,"Let Me Reintroduce Myself","Let Me Reintroduce Myself","Gwen Stefani",2020-12-07,191837,45,false,nicmf,2024-06-15T20:03:35Z,"","UMGRI Interscope",0.611,0.839,10,-4.155,0,0.0569,0.0259,0,0.347,0.818,85.992,4
spotify:track:3MBdq6U779PbN8WSfsRZAx,"Save Myself","Ashlyn","Ashe",2021-05-07,224460,0,false,nicmf,2024-06-15T20:12:28Z,"","Mom+Pop",0.547,0.546,9,-9.209,1,0.036,0.384,0,0.317,0.526,146.804,4
spotify:track:44JSreJxvgl3CxLo5MoQL0,"Anyone For You (Tiger Lily)","Gold Rush Kid","George Ezra",2022-06-10,187682,66,false,raphaelfr17,2024-06-15T20:13:52Z,"","Columbia",0.662,0.807,10,-3.285,1,0.0411,0.293,0.00000355,0.189,0.772,103.031,4
spotify:track:6UeLQo2EUrsMdYDYWIGM5Q,"Hero (Unplugged)","Starstruck (Original Motion Picture Soundtrack)","Christopher Wilde",2010-01-01,154400,38,false,nicmf,2024-06-15T20:14:01Z,"","EMI Catalogue",0.568,0.33,3,-7.999,1,0.0333,0.559,0,0.0865,0.704,87.858,4
spotify:track:6Q2Up4bBYbyvgfYp2X9BcJ,"Saudade","Pablo Dominguez","Pablo Dominguez",2005-06-15,221973,21,false,nicmf,2024-06-15T22:27:31Z,"surf rock,nova mpb","Produza Discos",0.852,0.215,0,-19.178,1,0.161,0.844,0.000102,0.0661,0.753,75.028,4
spotify:track:3drzLw3ZV2fWlPWWzTCFaf,"Hypocrite","Is It","Ezra Williams",2019-10-24,144545,0,false,nicmf,2024-06-15T22:37:20Z,"bedroom pop","smoothboi",0.721,0.195,4,-18.837,0,0.0418,0.776,0.00634,0.0553,0.264,109.986,4
spotify:track:1tdltVUBkiBCW1C3yB4zyD,"Yellow Submarine","Yellow Submarine Songtrack","The Beatles",1999-09-13,159160,67,false,nicmf,2024-06-17T19:09:10Z,"rock clássico,rock psicodélico","EMI Catalogue",0.616,0.636,1,-7.055,1,0.0325,0.208,0,0.517,0.654,110.618,4
spotify:track:4OMJGnvZfDvsePyCwRGO7X,"Houdini","Houdini","Dua Lipa",2023-11-09,185917,14,false,raphaelfr17,2024-06-17T19:32:08Z,"pop","Warner Records",0.744,0.789,9,-4.876,0,0.059,0.0036,0.00144,0.0947,0.866,116.985,4
spotify:track:62yJjFtgkhUrXktIoSjgP2,"Radioactive","Night Visions","Imagine Dragons",2012-09-04,186813,83,false,raphaelfr17,2024-06-17T19:47:48Z,"","Kid Ina Korner / Interscope",0.448,0.784,9,-3.686,1,0.0625,0.0999,0.000108,0.668,0.237,136.239,4
spotify:track:4agLM5EfiWR2AKMq7gFwcM,"Pa Ti","Pa Ti + Lonely","Jennifer Lopez;Maluma",2020-09-24,230026,54,false,nicmf,2024-06-17T19:49:21Z,"reggaeton,latino,urbano latino","Sony Music Latin",0.86,0.762,9,-2.343,0,0.0447,0.286,0.000148,0.0697,0.763,139.992,4
spotify:track:3JH6Guk1aqim6sCkAeioym,"Reaching for Heaven (From ''Ice Princess'') [Made Famous By Diana DeGarmo]","Tunes Now: Show Tunes V2","Toners",2013-01-01,269484,0,false,nicmf,2024-06-17T19:54:29Z,"","Studio11",0.445,0.494,7,-12.468,1,0.0317,0.000529,0.835,0.116,0.135,128.012,4
spotify:track:1ERza8JzFin9c3Keo8XQEX,"I Will Be","The Best Damn Thing (Expanded Edition)","Avril Lavigne",2007-04-17,239693,55,false,nicmf,2024-06-17T20:00:19Z,"","RCA Records Label",0.406,0.67,7,-3.48,1,0.032,0.0445,0.00000427,0.16,0.144,74.96,4
spotify:track:3GpbwCm3YxiWDvy29Uo3vP,"Right Round","R.O.O.T.S. (Route of Overcoming the Struggle)","Flo Rida;Kesha",2009-03-23,204640,89,false,nicmf,2024-06-17T20:09:03Z,"","Poe Boy/Atlantic",0.72,0.672,7,-6.852,1,0.0551,0.009,0,0.232,0.705,124.986,4
spotify:track:0UnhE0UhBTBwtnzEXzP0it,"Write On Me","7/27 (Deluxe)","Fifth Harmony",2016-05-27,219569,53,false,nicmf,2024-06-17T20:37:39Z,"","Syco Music/Epic",0.441,0.692,7,-5.427,0,0.128,0.359,0.00000194,0.161,0.475,189.879,4
spotify:track:5HCyWlXZPP0y6Gqq8TgA20,"STAY (with Justin Bieber)","STAY (with Justin Bieber)","The Kid LAROI;Justin Bieber",2021-07-09,141805,85,true,nicmf,2024-06-17T21:16:22Z,"","Columbia",0.591,0.764,1,-5.484,1,0.0483,0.0383,0,0.103,0.478,169.928,4
spotify:track:56sxN1yKg1dgOZXBcAHkJG,"Gone, Gone, Gone","The World From The Side Of The Moon","Phillip Phillips",2012-01-01,209693,82,false,raphaelfr17,2024-06-18T01:10:32Z,"folk pop","19 Recordings/Interscope",0.664,0.642,6,-5.961,1,0.038,0.129,0,0.114,0.501,118.006,4
spotify:track:7dOeiXeTSfA1ixaYmQcWu7,"Rich Love (with Seeb)","Rich Love","OneRepublic;Seeb",2017-07-14,201256,67,false,nicmf,2024-06-18T01:10:45Z,"","Mosley / Interscope",0.401,0.872,1,-3.641,0,0.314,0.167,0,0.362,0.472,104.592,4
spotify:track:3iC8zHeaqAvR6ZqBBxE8Xb,"Lembranças","Novo Dia","Camila Maia",2011-05-12,182826,0,false,nicmf,2024-06-19T02:18:41Z,"","Camila Maia",0.688,0.811,9,-3.485,0,0.024,0.0624,0,0.345,0.858,103.913,4
spotify:track:2NNFzMWduMDvK8KgR0708E,"Busy","Olly Murs","Olly Murs",2010-11-29,177973,41,false,nicmf,2024-06-19T19:36:10Z,"","Epic",0.502,0.863,4,-5.674,1,0.134,0.0468,0,0.103,0.747,184.957,4
spotify:track:5Axo6iTL7IoXzMFr2ERK85,"Boi da Cara Preta","Boi da Cara Preta","Nilson Neto;Pedro Paulo & Alex",2023-11-16,172618,0,true,nicmf,2024-06-19T19:37:48Z,"sertanejo,agronejo,sertanejo universitário","Roça Music",0.835,0.566,4,-5.575,0,0.0498,0.158,0,0.188,0.652,125.95,4
spotify:track:6AjtK7ZxOdGQiI4a9HkYft,"Boi da Cara Preta","Bob Zoom, Vol. 9","Bob Zoom",2022-06-16,95425,56,false,nicmf,2024-06-19T19:38:23Z,"canção de ninar,música infantil","Bob Zoom",0.312,0.342,4,-5.98,1,0.03,0.77,0,0.21,0.655,143.835,4
spotify:track:7sTtHHrD0zDpmzQzH3zegz,"Consequences","Camila","Camila Cabello",2018-01-12,178464,62,false,nicmf,2024-06-19T19:44:00Z,"","Syco Music/Epic",0.455,0.292,0,-6.792,1,0.0563,0.889,0,0.106,0.43,84.339,5
spotify:track:3QmOiZF7IzJJkHnahh5Ea0,"History","Olivia","Olivia Holt",2016-07-15,203992,52,false,nicmf,2024-06-19T20:11:51Z,"","Hollywood Records",0.767,0.631,1,-6.762,1,0.0541,0.0997,0,0.119,0.541,100.968,4
spotify:track:26kZFCP0awbGC7IIjx6bY2,"Time To Make History","ペルソナ4 ザ・ゴールデン オリジナル・サウンドトラック","平田志穂子",2012-06-27,151666,55,false,raphaelfr17,2024-06-19T20:11:57Z,"vgm japonesa","アニプレックス",0.676,0.841,5,-7.373,1,0.0312,0.000814,0.00242,0.157,0.937,95.009,4
spotify:track:3EPXxR3ImUwfayaurPi3cm,"Be Alright","Be Alright","Dean Lewis",2018-06-29,196373,78,true,nicmf,2024-06-19T20:39:35Z,"","Universal Music Australia Pty. Ltd.",0.553,0.586,11,-6.319,1,0.0362,0.697,0,0.0813,0.443,126.684,4
spotify:track:6TOfPHF57Qhlbfm5lhZ9k1,"Be Alright","Dangerous Woman","Ariana Grande",2016-04-01,179293,66,false,nicmf,2024-06-19T20:39:39Z,"pop","Universal Records",0.813,0.456,1,-7.667,0,0.0684,0.169,0.00000286,0.105,0.587,108.801,4
spotify:track:629DixmZGHc7ILtEntuiWE,"LUNCH","HIT ME HARD AND SOFT","Billie Eilish",2024-05-17,179586,84,false,nicmf,2024-06-19T20:43:40Z,"","Darkroom/Interscope Records",0.893,0.4,11,-7.981,0,0.0643,0.0452,0.0823,0.0632,0.945,124.987,4
spotify:track:0b9oOr2ZgvyQu88wzixux9,"This Is America","This Is America","Childish Gambino",2018-05-06,225773,71,true,raphaelfr17,2024-06-19T20:59:49Z,"","Wolf+Rothstein/RCA Records",0.854,0.463,5,-6.159,1,0.137,0.117,0,0.354,0.549,120.024,4
spotify:track:7nv7XcdL6CRZbT2Rat8Cq8,"Take a Hint (From ""Victorious"")","Songs from Your Favourite Tv Shows","Silver Screen Superstars",2013-09-07,157638,43,false,nicmf,2024-06-19T21:22:48Z,"","No Milk Today - OMP",0.726,0.676,7,-7.883,1,0.101,0.00461,0,0.0639,0.884,133.974,4
spotify:track:5GBa8ib7raAkOKjwbMKPZJ,"Quando A Chuva Passar","As Super Novas","Ivete Sangalo",2005-01-01,246280,59,false,nicmf,2024-06-19T23:29:06Z,"axé,pagode baiano,mpb,pop nacional","Universal Music Ltda.",0.461,0.455,9,-7.518,0,0.0281,0.747,0,0.0977,0.319,149.972,4
spotify:track:26E2fb3lp8MUEHq1WagF5f,"Domestic Bliss","Dreamland","Glass Animals",2020-08-07,198034,56,true,nicmf,2024-06-19T23:34:02Z,"","Polydor Records",0.657,0.357,9,-10.922,0,0.0699,0.708,0.00000828,0.0803,0.336,114.994,4
spotify:track:076tTXccdu98igXsVswsmP,"Simple Pleasures","Shangri La","Jake Bugg",2013-01-01,301714,37,false,nicmf,2024-06-19T23:48:56Z,"","EMI",0.391,0.563,1,-3.872,0,0.0324,0.0717,0,0.112,0.222,157.444,4
spotify:track:5N3hjp1WNayUPZrA8kJmJP,"Please Please Please","Please Please Please","Sabrina Carpenter",2024-06-06,186365,81,true,nicmf,2024-06-20T00:24:03Z,"pop","Island Records",0.669,0.586,9,-6.073,1,0.054,0.274,0,0.104,0.579,107.071,4
spotify:track:6xsEAm6w9oMQYYg3jkEkMT,"Bad Blood","Bad Blood","Taylor Swift;Kendrick Lamar",2015-05-17,200106,71,false,nicmf,2024-06-20T00:24:47Z,"hip hop,west coast hip hop","Taylor Swift",0.654,0.655,11,-7.388,0,0.106,0.0294,0,0.139,0.221,170.16,4
spotify:track:4qqArAiTPueDxIp7cf87h7,"Final Song","Final Song","MØ",2016-05-13,235826,67,false,nicmf,2024-06-20T00:29:38Z,"","Chess Club/RCA Victor",0.695,0.672,1,-6.109,0,0.0345,0.014,0.0000795,0.0756,0.245,104.988,4
spotify:track:6sqNctd7MlJoKDOxPVCAvU,"My Happy Ending","Under My Skin","Avril Lavigne",2004,242413,78,true,nicmf,2024-06-20T00:29:46Z,"","Arista",0.414,0.936,2,-2.407,1,0.0758,0.00136,0,0.369,0.74,170.229,4
spotify:track:3afv9TL8ixr4T9VbiKnrwe,"American Pie","Music","Madonna",2000-09-19,273533,59,false,nicmf,2024-06-20T01:05:15Z,"","Warner Records",0.631,0.734,5,-7.48,0,0.036,0.348,0,0.135,0.591,124.036,4
spotify:track:4FMNpPI7mkhdeFCCk6fZiE,"Borderline","Celebration (double disc version)","Madonna",2009-09-18,238360,4,false,nicmf,2024-06-20T01:05:46Z,"","Warner Records",0.807,0.766,2,-5.185,1,0.0313,0.0808,0.000038,0.115,0.373,119.867,4
spotify:track:1XJqNs5yiHHugKshaXGeol,"Prove Me Wrong","Soldier","Yoe Mase",2018-10-26,233924,35,false,nicmf,2024-06-20T01:10:43Z,"chillstep","Seeking Blue",0.59,0.609,3,-6.624,0,0.0777,0.339,0.00283,0.1,0.319,157.798,4
spotify:track:09CtPGIpYB4BrO8qb1RGsF,"Sorry","Purpose (Deluxe)","Justin Bieber",2015-11-13,200786,91,false,nicmf,2024-06-20T01:30:07Z,"","RBMG/Def Jam",0.655,0.76,0,-3.669,0,0.045,0.0797,0,0.299,0.409,99.947,4
spotify:track:2RSHsoi04658QL5xgQVov3,"Bad Liar","Origins (Deluxe)","Imagine Dragons",2018-11-09,260773,85,false,nicmf,2024-06-20T01:30:53Z,"","Kid Ina Korner / Interscope",0.307,0.637,3,-6.993,1,0.0569,0.0732,0,0.368,0.0805,88.693,4
spotify:track:5lFDIbYMcFHPPgzMcnPqSz,"State Of Grace (Taylor's Version)","Red (Taylor's Version)","Taylor Swift",2021-11-12,295413,51,false,nicmf,2024-06-20T02:04:49Z,"","Taylor Swift",0.594,0.713,9,-5.314,1,0.0503,0.000328,0,0.114,0.328,129.958,4
spotify:track:4HlFJV71xXKIGcU3kRyttv,"Hey, Soul Sister","Save Me, San Francisco (Golden Gate Edition)","Train",2010-12-01,216773,88,false,nicmf,2024-06-20T02:08:38Z,"o lado suave do pop","Columbia",0.673,0.886,1,-4.44,0,0.0431,0.185,0,0.0826,0.795,97.012,4
spotify:track:3q9PVufz68TRvOao25IMNk,"MOTTO","MOTTO","NF",2023-03-09,217271,58,false,nicmf,2024-06-20T02:21:24Z,"hip hop cristão","NF Real Music II",0.685,0.882,0,-4.103,0,0.296,0.082,0,0.286,0.715,80.283,4
spotify:track:3YKptz29AsOlm7WAVnztBh,"Kiss from a Rose","Seal","Seal",1994-05-31,288426,83,false,nicmf,2024-06-20T02:23:46Z,"","Warner Records",0.584,0.533,10,-7.11,0,0.0305,0.684,0,0.306,0.224,131.745,3
spotify:track:5gF9zOYM9TmSzKHukbNjpB,"Please Tell Rosie","Music Is My Best Friend","Alle Farben;YouNotUs",2016-07-15,172650,57,false,raphaelfr17,2024-06-20T02:24:13Z,"","b1",0.721,0.681,0,-7.631,0,0.0488,0.024,0.0109,0.157,0.768,121.978,4
spotify:track:0y6kdSRCVQhSsHSpWvTUm7,"The Last Time (feat. Gary Lightbody of Snow Patrol) (Taylor’s Version)","Red (Taylor's Version)","Taylor Swift;Gary Lightbody",2021-11-12,299080,70,false,nicmf,2024-06-20T02:37:39Z,"","Taylor Swift",0.502,0.534,2,-5.954,1,0.0278,0.0399,0,0.0977,0.155,94.05,4
spotify:track:7fImDWw5bcUhRbZ0w1ny4J,"Supercalifragilisticexpialidocious","Mary Poppins (Original Motion Picture Soundtrack)","Julie Andrews;Dick Van Dyke;The Pearlie Chorus",1997-01-01,123026,60,false,raphaelfr17,2024-06-20T02:43:50Z,"musicais","Walt Disney Records",0.524,0.609,7,-13.03,0,0.401,0.607,0,0.126,0.948,80.232,4
spotify:track:4eHbdreAnSOrDDsFfc4Fpm,"I Will Always Love You","The Bodyguard - Original Soundtrack Album","Whitney Houston",1992-11-17,271093,84,false,raphaelfr17,2024-06-20T02:45:53Z,"","Arista",0.332,0.214,4,-12.518,1,0.0349,0.845,0.00000562,0.0839,0.11,67.531,4
spotify:track:1CvYqGF4t3haWIZZOkofpx,"Do You Really Want To Hurt Me","The Best Of Culture Club","Culture Club",1989-01-01,265000,41,false,nicmf,2024-06-20T05:03:03Z,"","Virgin Catalogue",0.74,0.356,4,-15.23,0,0.0355,0.128,0,0.0937,0.397,100.501,4
spotify:track:4Dvkj6JhhA12EX05fT7y2e,"As It Was","Harry's House","Harry Styles",2022-05-20,167303,95,false,nicmf,2024-06-21T15:47:12Z,"","Columbia",0.52,0.731,6,-5.338,0,0.0557,0.342,0.00101,0.311,0.662,173.93,4
spotify:track:7dsa0xV5EcHDtcultAsGdb,"The World Is a Marble Heart","Living Room","AJR",2015-03-03,190320,0,false,raphaelfr17,2024-06-21T16:26:35Z,"","AJR Productions/Warner Records",0.472,0.918,5,-3.455,0,0.377,0.00636,0,0.0743,0.404,169.893,4
spotify:track:2vwlzO0Qp8kfEtzTsCXfyE,"Wrecking Ball","Bangerz (Deluxe Version)","Miley Cyrus",2013-10-04,221366,87,false,raphaelfr17,2024-06-21T16:26:48Z,"","RCA Records Label",0.53,0.422,5,-6.262,1,0.0342,0.407,0,0.107,0.349,119.964,4
spotify:track:5600nq7TiBraBX2jobyJ3l,"Swan Song - From the Motion Picture ""Alita: Battle Angel""","Swan Song (From the Motion Picture ""Alita: Battle Angel"")","Dua Lipa",2019-01-24,182074,61,false,raphaelfr17,2024-06-21T16:28:28Z,"pop","Warner Records",0.588,0.821,5,-6.54,0,0.216,0.00579,0.000275,0.208,0.509,188.098,4
spotify:track:0sQfXrMHLgS6JAWOeWknbw,"Favorite Color Is Blue","See You In The Future","Robert DeLong;K.Flay",2018-10-19,214629,49,false,raphaelfr17,2024-06-21T16:31:17Z,"","Glassnote Entertainment Group LLC",0.599,0.771,5,-4.607,1,0.0981,0.0952,0,0.132,0.352,131.904,4
spotify:track:7ARveOiD31w2Nq0n5FsSf8,"Perfect Places","Melodrama","Lorde",2017-06-16,221874,75,true,nicmf,2024-06-26T05:52:41Z,"","Universal Music New Zealand Limited",0.622,0.58,1,-5.273,0,0.0504,0.00241,0.0000295,0.112,0.512,104.41,4
spotify:track:0SvxydoxEEkXt9aMAqTfpB,"Wait (feat. A Boogie Wit da Hoodie)","Wait (feat. A Boogie Wit da Hoodie)","Maroon 5;A Boogie Wit da Hoodie",2018-01-26,190476,56,false,nicmf,2024-07-06T02:53:31Z,"pop,rap melódico","Interscope Records*",0.707,0.608,8,-4.514,1,0.0548,0.0628,0,0.118,0.414,126.121,4
spotify:track:6sDP4912wjwB7BJhbSnjS1,"S.O.S.","Jonas Brothers","Jonas Brothers",2007-01-01,153346,2,false,nicmf,2024-07-06T02:53:43Z,"","Republic Records",0.584,0.696,7,-3.836,1,0.0694,0.000728,0,0.184,0.699,137.11,4
spotify:track:4iJyoBOLtHqaGxP12qzhQI,"Peaches (feat. Daniel Caesar & Giveon)","Justice","Justin Bieber;Daniel Caesar;GIVĒON",2021-03-19,198081,86,true,nicmf,2024-07-06T02:53:52Z,"r&b","RBMG/Def Jam",0.677,0.696,0,-6.181,1,0.119,0.321,0,0.42,0.464,90.03,4
spotify:track:6uJUApigZa77TlxN4Gpeaq,"Faz Parte - Ao Vivo","3Fs (Ao Vivo)","Projota;Anitta",2016-05-27,200240,50,false,nicmf,2024-07-06T02:54:02Z,"hip hop brasileiro,pop nacional,funk pop,funk,funk carioca","Universal Music Ltda.",0.569,0.865,10,-6.567,0,0.141,0.115,0,0.826,0.584,162.048,4
spotify:track:7yCqehT9dKACTFy7YugP0J,"You & Me","Gossip Columns","Marc E. Bassy;G-Eazy",2017-10-13,218493,61,true,nicmf,2024-07-06T02:54:24Z,"","Republic Records/Gee Roberson",0.449,0.635,1,-8.301,1,0.275,0.0413,0,0.188,0.608,84.414,4
spotify:track:0hhzNPE68LWLfgZwdpxVdR,"us. (feat. Taylor Swift)","The Secret of Us","Gracie Abrams;Taylor Swift",2024-06-21,242666,75,true,nicmf,2024-07-06T03:08:36Z,"","Gracie Abrams, under exclusive license to Interscope Records",0.533,0.553,7,-6.486,1,0.0296,0.498,0,0.0911,0.391,102.043,4
spotify:track:7lWUJpax919G4JdaFEVmCy,"Blah Blah Blah (feat. 3OH!3)","Animal (Expanded Edition)","Kesha;3OH!3",2010-01-01,172053,71,true,nicmf,2024-07-31T17:15:25Z,"","RCA Records Label",0.752,0.836,10,-3.173,1,0.115,0.0843,0.000425,0.424,0.519,120.003,4
spotify:track:7nFYnsLIX8EhyFJcPgdIDX,"French Exit","Radical Optimism","Dua Lipa",2024-05-03,201286,62,false,nicmf,2024-07-31T19:04:36Z,"pop","Warner Records",0.7,0.59,9,-6.54,1,0.0475,0.0149,0.0000205,0.0742,0.762,106.974,4
spotify:track:1KcnJTiXJXAqW5bB7zpkBC,"SummerThing!","SummerThing!","AFROJACK;Mike Taylor",2015-06-21,235344,52,false,nicmf,2024-07-31T19:13:21Z,"edm,big room","Wall Recordings",0.707,0.782,0,-5.463,1,0.0613,0.0541,0,0.297,0.79,130.036,4
spotify:track:3bMEc0K6zJNhTQeoyxox8j,"Maybe","YOU","James Arthur",2019-10-18,220363,54,false,nicmf,2024-07-31T20:23:18Z,"o lado suave do pop","Columbia Local",0.452,0.354,0,-9.005,1,0.0271,0.233,0,0.101,0.352,80.099,4
spotify:track:4IPYyiEzF9DEIvLIkHUiro,"Paisagem Da Janela","Clube Da Esquina","Lô Borges",1972-01-03,178240,51,false,nicmf,2024-07-31T20:27:53Z,"mpb,jazz brasileiro","Universal Music Ltda.",0.677,0.396,0,-12.232,1,0.0305,0.483,0,0.326,0.644,110.285,4
spotify:track:5M8NxfowIU9qJq1ytmXFQW,"Ta-Hi (Pra Você Gostar De Mim)","Carmen Miranda Vol. 1, 2 E 3","Carmen Miranda",1998-02-02,198493,30,false,nicmf,2024-07-31T20:31:26Z,"","RCA Records Label",0.854,0.325,5,-13.263,0,0.442,0.994,0.0832,0.367,0.88,126.35,4
spotify:track:76RIfPBraSmXWC9LryUztF,"Bad Decisions","Dangerous Woman","Ariana Grande",2016-05-20,226426,62,true,nicmf,2024-07-31T20:32:48Z,"pop","Universal Records",0.698,0.645,4,-5.368,0,0.0416,0.0146,0,0.269,0.788,131.948,4
spotify:track:1xYpVRspgaLxdJLOTQkTjg,"STOP TRYING TO BE GOD","ASTROWORLD","Travis Scott",2018-08-03,338438,69,true,nicmf,2024-07-31T20:45:32Z,"rap","Cactus Jack / Epic",0.588,0.567,4,-3.738,0,0.0628,0.221,0,0.135,0.113,150.009,4
spotify:track:2E2ZVy2fxslpAUgbb4zu84,"Abracadabra","Abracadabra","Steve Miller Band",1982-06-15,308373,75,false,nicmf,2024-07-31T20:45:55Z,"rock clássico","Capitol Records",0.791,0.534,9,-13.261,0,0.0355,0.0749,0.00000199,0.156,0.963,127.488,4
spotify:track:7mFhyM0k5ZKG8jxcwmPVYl,"Let It Happen","The Secret of Us","Gracie Abrams",2024-06-21,260946,70,true,nicmf,2024-07-31T20:47:40Z,"","Gracie Abrams, under exclusive license to Interscope Records",0.527,0.574,7,-5.389,1,0.0433,0.615,0,0.108,0.215,91.839,4
spotify:track:35xKDRexsokx17FAhwIwAf,"Bom Dia","Tudo Que Me Vem Na Cabeça","Maisa",2009-01-01,166666,19,false,nicmf,2024-07-31T20:55:42Z,"canção de ninar","Universal Music Ltda.",0.602,0.301,0,-14.885,1,0.0413,0.785,0.00000149,0.101,0.532,159.775,3
spotify:track:2qtZjFdJbJv7p4D4VEpgy8,"Lacosteiros","Lacosteiros","DJ Patrick Muniz;Pet & Bobii",2023-09-08,180688,4,true,nicmf,2024-07-31T21:10:12Z,"funk,funk bruxaria","Tratto Entretenimentos",0.909,0.854,11,-0.284,0,0.11,0.495,0,0.139,0.765,130.069,4
spotify:track:4iCGSi1RonREsPtfEKYj5b,"Tonight, Tonight - Remastered 2012","Mellon Collie And The Infinite Sadness (Remastered)","The Smashing Pumpkins",1995-12-12,254626,62,false,raphaelfr17,2024-07-31T21:23:53Z,"rock alternativo,rock","Virgin Records",0.277,0.67,6,-9.381,1,0.0376,0.0000628,0.751,0.237,0.217,148.342,4
spotify:track:6rY5FAWxCdAGllYEOZMbjW,"SLOW DANCING IN THE DARK","BALLADS 1","Joji",2018-10-26,209273,90,true,nicmf,2024-07-31T21:24:52Z,"","88rising Music",0.517,0.479,3,-7.458,1,0.0261,0.544,0.00598,0.191,0.284,88.968,4
spotify:track:3BmGfswCrv2p1It4oCdtU6,"Controllah (feat. MC Bin Laden)","Cracker Island (Deluxe)","Gorillaz;MC Bin Laden",2023-02-27,150316,58,false,nicmf,2024-07-31T21:39:49Z,"funk,funk carioca","Parlophone UK",0.777,0.895,1,-3.24,1,0.0403,0.231,0.00000245,0.209,0.715,104.968,4
spotify:track:2SLwbpExuoBDZBpjfefCtV,"Out of Time","Dawn FM","The Weeknd",2022-01-06,214193,82,false,nicmf,2024-07-31T21:44:59Z,"","XO / Republic Records",0.65,0.76,0,-4.422,0,0.0446,0.255,0,0.339,0.838,93.057,4
spotify:track:6MxMqCgqmekcr0VwSU7AVH,"Time","The Search","NF",2019-07-26,240428,73,false,nicmf,2024-07-31T21:48:13Z,"hip hop cristão","NF Real Music",0.677,0.688,0,-4.058,0,0.0633,0.138,0,0.114,0.198,98.049,4
spotify:track:7o9uu2GDtVDr9nsR7ZRN73,"Time After Time","She's So Unusual","Cyndi Lauper",1983-10-14,245529,85,false,nicmf,2024-07-31T21:48:17Z,"","Portrait",0.726,0.449,0,-9.206,1,0.0286,0.487,0.00000134,0.0824,0.294,130.388,4
spotify:track:4g7PLfqRKEwMgZNtpiaGrE,"Time","Persona 3 Portable Original Soundtrack","藤田真由美;アトラスサウンドチーム;ATLUS GAME MUSIC",2009-11-25,168333,0,false,raphaelfr17,2024-07-31T21:52:14Z,"vgm japonesa,trilha sonora","Aniplex",0.635,0.682,0,-9.912,1,0.0297,0.0773,0.0044,0.131,0.57,148.004,4
spotify:track:2bJvI42r8EF3wxjOuDav4r,"Time of Our Lives","Globalization","Pitbull;Ne-Yo",2014-11-24,229358,89,true,raphaelfr17,2024-07-31T21:53:45Z,"","Mr.305/Polo Grounds Music/RCA Records",0.721,0.802,1,-5.797,1,0.0583,0.0921,0,0.694,0.724,124.022,4
spotify:track:1fDm1kCj6dwmviArCtCsOA,"Distance and Time","The Element Of Freedom","Alicia Keys",2009-12-15,267466,43,false,nicmf,2024-07-31T21:53:48Z,"r&b,neo soul","J Records",0.45,0.434,0,-8.952,1,0.0294,0.378,0.00238,0.108,0.227,139.561,4
spotify:track:0cOBMETjhxublnnwhbnzJO,"Reality (feat. Janieck Devy) - Radio Edit","Less Is More","Lost Frequencies;Janieck Devy",2016-10-21,159480,3,false,raphaelfr17,2024-08-02T19:09:30Z,"tropical house","Ultra Records, LLC",0.714,0.697,1,-7.887,0,0.032,0.0197,0.000002,0.0697,0.602,122.145,4
spotify:track:5RdMiRPAp2cZfeZiNLG7Go,"My Dilemma 2.0","For You","Selena Gomez & The Scene",2014-11-21,189773,52,false,nicmf,2024-08-03T02:39:25Z,"","Hollywood Records",0.571,0.896,6,-3.183,0,0.132,0.0207,0,0.145,0.543,136.06,4
spotify:track:42VsgItocQwOQC3XWZ8JNA,"FE!N (feat. Playboi Carti)","UTOPIA","Travis Scott;Playboi Carti",2023-07-28,191700,87,true,nicmf,2024-08-08T20:38:06Z,"rap,rage rap","Cactus Jack/Epic",0.569,0.882,3,-2.777,0,0.06,0.0316,0,0.142,0.201,148.038,4
spotify:track:4kKdvXD0ez7jp1296JmAts,"Let It Snow! Let It Snow! Let It Snow! (with The B. Swanson Quartet)","Christmas Songs by Sinatra","Frank Sinatra;B. Swanson Quartet",1994-11-08,155453,60,false,nicmf,2024-08-15T01:43:48Z,"natal,big band,música de adulto,swing music,jazz,vocal jazz","Columbia/Legacy",0.652,0.259,2,-13.336,1,0.0595,0.903,0,0.362,0.836,142.169,4
spotify:track:5wiJpOGKb922gLR6kDiApF,"Mais Like","A Milenar Arte De Meter O Louco","Projota;Karol Conká",2017-07-28,182416,29,false,nicmf,2024-08-15T01:48:32Z,"hip hop brasileiro,pop nacional","Universal Music Ltda.",0.862,0.69,11,-6.814,1,0.232,0.035,0,0.135,0.76,89.982,4
spotify:track:2D4D3hiOf5U0W6SvJoCQph,"Get Outta My Dreams, Get Into My Car","The Very Best of Billy Ocean","Billy Ocean",2010-04-26,284373,66,false,nicmf,2024-08-15T01:49:02Z,"yacht rock","Sony Music UK",0.666,0.91,4,-6.457,1,0.0399,0.0874,0.00000841,0.336,0.919,117.14,4
spotify:track:6OKUhXuJMvoVPde9fMJJzy,"Tom's Diner","Solitude Standing","Suzanne Vega",1987-01-01,129106,60,false,nicmf,2024-08-15T01:58:06Z,"cantor e compositor","A&M",0.695,0.172,6,-22.075,1,0.907,0.589,0,0.156,0.395,134.092,4
spotify:track:2XPmTamsj7d9i3gzLCL4JI,"Redecorate","Scaled And Icy","Twenty One Pilots",2021-05-21,245842,69,false,raphaelfr17,2024-08-15T01:59:25Z,"","Fueled By Ramen",0.632,0.65,8,-6.851,0,0.0797,0.158,0.0000239,0.0724,0.397,82.58,4
spotify:track:0wEGo9LsSrSUz9HOtraWAO,"Overcompensate","Overcompensate","Twenty One Pilots",2024-02-29,236000,68,false,raphaelfr17,2024-08-15T01:59:40Z,"","Fueled By Ramen",0.363,0.891,5,-5.563,0,0.0978,0.00992,0.00183,0.134,0.331,95.089,4
spotify:track:4Cd01GWLuMTNZhW0DE7cF4,"Gitchee Gitchee Goo","Phineas and Ferb","Phineas and the Ferbtones",2009-01-01,117840,47,false,raphaelfr17,2024-08-15T02:03:30Z,"","Walt Disney Records",0.714,0.946,7,-3.54,1,0.089,0.164,0,0.0658,0.895,163.085,4
spotify:track:4r8lRYnoOGdEi6YyI5OC1o,"Bye Bye Bye","No Strings Attached","*NSYNC",2000-03-21,200560,76,false,raphaelfr17,2024-08-15T02:09:05Z,"","Jive",0.614,0.928,8,-4.806,0,0.0516,0.0408,0.00104,0.0845,0.879,172.656,4
spotify:track:7q587HLz90L2PFrhKZjIYa,"Bye Bye","E=MC2 (Deluxe Version)","Mariah Carey",2008-04-04,266826,70,false,nicmf,2024-08-15T02:09:19Z,"natal","Def Jam Recordings",0.788,0.585,10,-4.884,1,0.0558,0.297,0,0.346,0.84,136.003,4
spotify:track:6XXKB32Om6WuXg3uEWwTob,"imperfect for you","eternal sunshine","Ariana Grande",2024-03-08,182566,73,true,nicmf,2024-08-15T02:10:18Z,"pop","Republic Records",0.624,0.38,4,-7.426,1,0.0301,0.496,0,0.437,0.251,150.14,3
spotify:track:7dhIsPUYC0H4CTKMI4hz5O,"Resposta","Crooner (Com Bonus)","Milton Nascimento",1999-04-19,268333,47,false,nicmf,2024-08-15T02:18:44Z,"mpb,bossa nova,jazz brasileiro","WM Brazil",0.551,0.333,8,-10.926,1,0.0315,0.462,0.00000987,0.136,0.215,139.673,4
spotify:track:1yxLzhNXgm3SwyjbrBudcu,"Sai Da Frente","Sai Da Frente","Juliette",2023-05-26,167445,25,false,nicmf,2024-08-15T02:20:50Z,"pop nacional,nova mpb,forró tradicional,forró","Virgin Music Label And Artist Services (S&D)",0.862,0.816,5,-3.098,0,0.153,0.122,0.00000359,0.12,0.888,134.974,4
spotify:track:1MPulKrmSK9EW5IrawhdRs,"Normal Thing","The Secret of Us","Gracie Abrams",2024-06-21,242480,55,false,nicmf,2024-08-15T02:30:30Z,"","Gracie Abrams, under exclusive license to Interscope Records",0.471,0.573,11,-10.308,1,0.183,0.79,0.000116,0.269,0.393,135.835,4
spotify:track:3MLtopC0uho28PxZN7Zecy,"Fake You Out","Vessel","Twenty One Pilots",2013-01-08,231320,68,false,nicmf,2024-08-15T02:30:44Z,"","Fueled By Ramen",0.84,0.608,6,-6.176,1,0.0458,0.248,0.00000125,0.0874,0.727,115.012,4
spotify:track:0QXtw4rDLQtpzqPS4uJbZJ,"Give Me All Your Luvin'","MDNA","Madonna;Nicki Minaj;M.I.A.",2012-01-01,202760,2,false,nicmf,2024-08-15T02:32:31Z,"","Interscope",0.68,0.885,11,-4.345,1,0.0382,0.00563,0.000756,0.379,0.877,144.998,4
spotify:track:2bZMOs3RjmhhGca6MEzjyl,"Bitch I'm Madonna","Rebel Heart (Deluxe)","Madonna;Nicki Minaj",2015-03-06,227480,4,true,nicmf,2024-08-15T02:32:46Z,"","Interscope",0.722,0.63,3,-5.784,0,0.132,0.0485,0.000294,0.179,0.519,150.023,4
spotify:track:6epn3r7S14KUqlReYr77hA,"Baby","My World 2.0","Justin Bieber;Ludacris",2010-01-01,214240,92,false,nicmf,2024-08-15T02:35:39Z,"southern hip hop","RBMG/Def Jam",0.728,0.859,5,-5.237,0,0.137,0.0401,0,0.111,0.535,65.043,4
spotify:track:4Ni2mtHVH4yvlVRM3KlKfd,"Mass Destruction","ペルソナ3 オリジナル･サウンドトラック","Lotus Juice",2006-07-19,208800,55,false,raphaelfr17,2024-08-15T02:36:08Z,"vgm japonesa","アニプレックス",0.779,0.904,1,-8.314,1,0.0925,0.0211,0.00159,0.342,0.901,118.995,4
spotify:track:6naxalmIoLFWR0siv8dnQQ,"Oops!...I Did It Again","Oops!... I Did It Again","Britney Spears",2000-05-16,211160,88,false,nicmf,2024-08-15T02:38:12Z,"pop","Jive",0.751,0.834,1,-5.444,0,0.0437,0.3,0.0000177,0.355,0.894,95.053,4
spotify:track:3LSjYk6sFQaLi0MjtWcm8P,"Make It Right","MAP OF THE SOUL : PERSONA","BTS",2019-04-12,226321,74,false,nicmf,2024-08-15T02:41:52Z,"k-pop","BIGHIT MUSIC",0.639,0.706,7,-7.874,1,0.448,0.0104,0,0.132,0.259,105.782,4
spotify:track:33uKUpu9ZXsHhcxRLoxnWI,"I know it won't work","Good Riddance (Deluxe)","Gracie Abrams",2023-06-16,245629,76,false,nicmf,2024-08-15T02:46:57Z,"","Gracie Abrams, under exclusive license to Interscope Records",0.654,0.584,5,-8.95,0,0.0557,0.536,0.0000337,0.136,0.468,119.896,4
spotify:track:5HKhwpvlIPHLex0gouOQtA,"everything","everything","John K",2021-06-11,172792,34,false,nicmf,2024-08-15T02:48:48Z,"","Epic",0.528,0.613,1,-7.535,1,0.111,0.391,0.0000614,0.0796,0.293,139.261,3
spotify:track:1iWHabUgUuuKLBa0TzTHfk,"A Whole New World (End Title) - From ""Aladdin""","A Whole New World (End Title) [From ""Aladdin""]","ZAYN;Zhavia",2019-05-09,242956,66,false,nicmf,2024-08-15T02:49:06Z,"","Walt Disney Records",0.302,0.414,2,-8.16,1,0.0319,0.0575,0,0.0861,0.105,110.508,4
spotify:track:6uW5fyyosEMBKfg2W1ye1l,"Strangers","hopeless fountain kingdom (Deluxe Plus)","Halsey;Lauren Jauregui",2017-06-02,221205,61,false,nicmf,2024-08-15T02:49:20Z,"","Astralwerks (ASW)",0.69,0.784,11,-4.724,1,0.056,0.01,0.0000408,0.22,0.284,109.969,4
spotify:track:4sJqSKPc5fZ5OZ8JiVI44N,"Stranger Things (feat. OneRepublic)","Kids in Love","Kygo;OneRepublic",2017-11-03,221440,63,false,nicmf,2024-08-15T02:49:34Z,"tropical house","Kygo",0.604,0.661,0,-5.914,1,0.0375,0.234,0,0.0951,0.506,107.016,4
spotify:track:0kwuKfWntoGh0EWyYb7Mpf,"Stranger Things","Stranger Things, Vol. 1 (A Netflix Original Series Soundtrack)","Kyle Dixon & Michael Stein",2016-08-12,67520,62,false,raphaelfr17,2024-08-15T02:49:39Z,"trilha sonora,trilha sonora original,synthwave","Lakeshore Records",0.352,0.551,4,-16.545,0,0.0362,0.779,0.902,0.167,0.103,168.022,4
spotify:track:0rOYqGZFzJzVGcZyXrN3fO,"Estranho - Ao Vivo | Acústico","Marília Mendonça - Perfil (Ao Vivo)","Marília Mendonça",2016,157930,70,false,nicmf,2024-08-15T02:50:43Z,"sertanejo,sertanejo universitário,arrocha,forró","Som Livre",0.739,0.504,2,-5.925,1,0.0576,0.493,0,0.0956,0.391,155.876,4
spotify:track:0sY6ZUTh4yoctD8VIXz339,"champagne problems","evermore","Taylor Swift",2020-12-11,244000,77,true,nicmf,2024-08-15T02:58:05Z,"","Taylor Swift",0.462,0.24,0,-12.077,1,0.0377,0.92,0,0.113,0.32,171.319,4
spotify:track:6jyXQ8HGI7ikECGA0670uo,"Fabulous","High School Musical 2 (Original Soundtrack)","Sharpay Evans;Lucas Grabeel;Disney",2007-01-01,180693,66,false,nicmf,2024-08-15T02:58:13Z,"","Walt Disney Records",0.827,0.761,8,-5.185,1,0.138,0.233,0,0.0453,0.703,131.996,4
spotify:track:2mCF8L0brIs88eH6Kf2h9p,"Fast Car","Fast Car","Jonas Blue;Dakota",2015-12-04,212424,71,false,nicmf,2024-08-15T02:59:10Z,"tropical house","Positiva",0.644,0.57,9,-6.994,1,0.052,0.484,0,0.299,0.527,113.945,4
spotify:track:4e6ZN0EcEqYx74BTC5xQzy,"The Man","Lift Your Spirit","Aloe Blacc",2013-01-01,255906,71,false,nicmf,2024-08-15T03:00:06Z,"","Interscope",0.533,0.755,11,-7.25,0,0.0419,0.0332,0,0.233,0.472,86.034,4
spotify:track:6dlpABcXrQKRU9G00i6Zba,"Back To Sleep","Royalty (Deluxe Version)","Chris Brown",2015-12-18,201265,71,true,nicmf,2024-08-15T03:06:05Z,"r&b","RCA Records Label",0.647,0.646,9,-5.483,0,0.243,0.0424,0,0.0888,0.721,92.981,4
spotify:track:3LUWWox8YYykohBbHUrrxd,"We R Who We R","Cannibal (Expanded Edition)","Kesha",2010-11-19,204760,82,false,nicmf,2024-08-15T03:06:21Z,"","RCA Records Label",0.736,0.817,8,-4.9,1,0.0407,0.00987,0.00167,0.117,0.653,119.95,4
spotify:track:3CisGh5CyKBDnGtjmsszSo,"Butterfly","Smile","SMiLE.dk",1998-07-13,177453,71,false,raphaelfr17,2024-08-15T03:18:37Z,"europop,eurodance","Parlophone Denmark",0.703,0.985,11,-5.105,1,0.0352,0.214,0.917,0.139,0.776,134.909,4
spotify:track:0zy7QRNwtxAGm2zpnWRy3r,"Dress Like A Pirate","Dress Like A Pirate","Elio Mei",2022-09-16,159000,43,false,raphaelfr17,2024-08-15T03:19:06Z,"","sign my sock studios",0.618,0.403,10,-10.068,1,0.106,0.61,0,0.0681,0.739,129.959,4
spotify:track:0tf2VNO7BR4zqQxkfdzlj7,"Troco","Essa Fada","Lexa",2023-12-15,147272,19,false,nicmf,2024-08-15T03:19:27Z,"funk,funk pop,pop nacional,funk carioca,brega funk","Som Livre",0.865,0.719,11,-6.07,0,0.21,0.0946,0.000065,0.116,0.666,131.978,4
spotify:track:4KULAymBBJcPRpk1yO4dOG,"I Remember Everything (feat. Kacey Musgraves)","Zach Bryan","Zach Bryan;Kacey Musgraves",2023-08-25,227195,89,false,nicmf,2024-08-15T03:20:17Z,"country,red dirt","Warner Records",0.429,0.453,0,-7.746,1,0.0459,0.554,0.000002,0.102,0.155,77.639,4
spotify:track:1dzQoRqT5ucxXVaAhTcT0J,"Just Dance","The Fame","Lady Gaga;Colby O'Donis",2008-01-01,241933,88,false,nicmf,2024-08-15T03:21:00Z,"art pop,pop","Streamline/Interscope",0.822,0.739,1,-4.541,0,0.0311,0.0264,0.0000428,0.181,0.745,118.99,4
spotify:track:7FeivbaxkIW0M9GAPYAVGM,"The Wrong Direction","All the Little Lights (Deluxe)","Passenger",2013-11-29,221240,43,false,nicmf,2024-08-15T03:22:56Z,"folk pop","Black Crow Records",0.678,0.668,5,-6.411,1,0.0434,0.383,0,0.0895,0.845,127.971,4
spotify:track:3hUxzQpSfdDqwM3ZTFQY0K,"august","folklore","Taylor Swift",2020-07-24,261922,90,false,raphaelfr17,2024-08-15T03:23:58Z,"","Taylor Swift",0.532,0.623,5,-9.208,1,0.0331,0.538,0.0000728,0.0925,0.403,89.937,4
spotify:track:2Iug43iQrHN8CbGsUd2tEt,"Start Over","Evolve","Imagine Dragons",2017-06-23,186080,57,false,nicmf,2024-08-15T03:24:40Z,"","Kid Ina Korner / Interscope",0.698,0.928,1,-5.051,0,0.0705,0.00534,0.0001,0.153,0.759,98.042,3
spotify:track:7rBJG1BewE3VE7NRbrOhFj,"yes girl","yes girl","Bea Miller",2016-05-20,231390,49,false,nicmf,2024-08-15T03:33:17Z,"","Hollywood Records",0.549,0.729,5,-4.997,0,0.0318,0.0618,0,0.193,0.241,98.933,4
spotify:track:3G7XYAwtxtoGK7fAm4IlD9,"Classic Man (feat. Roman GianArthur)","Classic Man (feat. Roman GianArthur)","Jidenna;Roman GianArthur",2015-02-03,222925,61,true,nicmf,2024-08-15T03:35:32Z,"neo soul","Wondaland Records/Epic",0.79,0.585,8,-6.058,1,0.0348,0.185,0,0.292,0.585,94.072,4
spotify:track:6hmhG1b4LEyNuashVvuIAo,"Never Forget You","So Good","Zara Larsson;MNEK",2017-03-17,212574,81,false,nicmf,2024-08-15T03:46:35Z,"","Epic/Record Company TEN",0.583,0.732,11,-5.729,0,0.0459,0.00315,0.00000957,0.269,0.277,146.005,4
spotify:track:1apXXuj7HqseS24d5tZCSk,"Desperate Girls & Stupid Boys","Without Regret","Kimberly Caldwell",2011-01-01,206986,17,false,nicmf,2024-08-15T04:02:17Z,"","Vanguard Records",0.62,0.927,5,-2.677,1,0.0355,0.0000592,0,0.286,0.601,140.029,4
spotify:track:5HOpkTTVcmZHnthgyxrIL8,"The Fox (What Does the Fox Say?)","The Fox (What Does the Fox Say?)","Ylvis",2013-09-02,213708,72,false,nicmf,2024-08-15T04:11:39Z,"","WM Norway",0.703,0.867,6,-4.292,1,0.0453,0.107,0,0.119,0.546,128.008,4
spotify:track:5LOgoGZQf26eY74DGdYy0u,"Errada Ela Não Tá","Errada Ela Não Tá","MC JottaPê;MC Kevinho;Arón Piper",2021-06-18,178461,43,false,nicmf,2024-08-15T04:11:51Z,"funk,brega funk,agronejo,funk pop,trap chileno,reggaeton chileno","KondZilla",0.76,0.585,4,-6.967,0,0.0476,0.432,0,0.0785,0.875,155.933,4
spotify:track:7KokYm8cMIXCsGVmUvKtqf,"Karma","Midnights","Taylor Swift",2022-10-21,204852,78,true,nicmf,2024-08-15T04:13:35Z,"","Taylor Swift",0.64,0.619,8,-7.108,1,0.065,0.062,0,0.475,0.121,90.008,4
spotify:track:64pGB9FHgZsu60aNC3mK9s,"OMG","OMG","Suki Waterhouse",2024-01-11,178569,52,false,nicmf,2024-08-15T04:15:08Z,"","Sub Pop Records",0.547,0.693,6,-4.946,0,0.0282,0.0364,0.0000376,0.073,0.296,105.904,4
spotify:track:2NELtMgQ8HSdrGrYQPLnC3,"Piece by Piece","Piece By Piece (Deluxe Version)","Kelly Clarkson",2015-02-27,257747,58,false,nicmf,2024-08-15T04:19:26Z,"natal","RCA Records Label",0.59,0.808,1,-6.728,1,0.0408,0.000953,0.00000153,0.0918,0.601,106.029,4
spotify:track:52A0oY4u5ufxrHC85JGf4x,"Why Why Why","Shawn","Shawn Mendes",2024-08-08,169041,5,true,nicmf,2024-08-15T04:24:59Z,"","Shawn Mendes LP4-5 PS/ Island",0.576,0.735,7,-6.75,1,0.091,0.00662,0.00000268,0.475,0.455,104.992,4
spotify:track:1OAh8uOEOvTDqkKFsKksCi,"Wild Thoughts (feat. Rihanna & Bryson Tiller)","Grateful","DJ Khaled;Rihanna;Bryson Tiller",2017-06-22,204173,81,true,raphaelfr17,2024-08-15T04:26:24Z,"trap soul,r&b","Epic/We The Best",0.671,0.672,0,-3.094,0,0.0688,0.0329,0,0.118,0.632,97.979,4
spotify:track:1tLBXifMqnSqLZrk1Rsl8n,"Portugal","Portugal","Kawe;Ananda;Original Quality",2019-07-03,216642,69,false,nicmf,2024-08-16T01:54:20Z,"trap brasileiro,hip hop brasileiro,trap funk,trap,pop nacional","OriginalQuality",0.846,0.441,9,-9.539,0,0.0796,0.784,0,0.111,0.598,113.018,4
spotify:track:3lDSWvR0FXWGXo7mhDUs3v,"Bam Bam (feat. Ed Sheeran)","Familia","Camila Cabello;Ed Sheeran",2022-04-08,205604,65,false,raphaelfr17,2024-08-16T02:25:06Z,"o lado suave do pop","Epic",0.756,0.697,8,-6.377,1,0.0401,0.182,0,0.333,0.956,94.996,4
spotify:track:6PtXobrqImYfnpIxNsJApa,"Bad (feat. Vassy) - Radio Edit","Bad (feat. Vassy) [Radio Edit]","David Guetta;Showtek;VASSY",2014-04-06,170625,70,false,raphaelfr17,2024-08-16T02:40:37Z,"edm,hardstyle,big room,eletrônica","Parlophone (France)",0.614,0.972,5,-3.927,0,0.088,0.00125,0.0186,0.328,0.411,127.966,4
spotify:track:4EivmOT13NMpNSfTKn9p4s,"Like That (feat. Gucci Mane)","Hot Pink","Doja Cat;Gucci Mane",2019-11-07,163167,79,true,nicmf,2024-08-16T02:45:53Z,"southern hip hop,rap,trap","Kemosabe Records/RCA Records",0.879,0.498,4,-6.027,0,0.18,0.239,0,0.0967,0.405,106.044,4
spotify:track:2fHttjIlcNo8rGCUZVMY1B,"Distant","Distant","Tate McRae;Sean Lew",2018-06-08,199266,51,false,nicmf,2024-08-16T02:46:35Z,"","Nettwerk Music Group",0.678,0.494,7,-8.217,1,0.0381,0.438,0,0.123,0.389,119.947,4
spotify:track:0czRI0qwOQDe1tIIrsvkaK,"Distant Dreamer","Rockferry","Duffy",2008,305666,53,false,raphaelfr17,2024-08-16T02:47:27Z,"","Polydor Records",0.399,0.604,2,-4.325,1,0.0288,0.00426,0.00126,0.386,0.146,94.962,4
spotify:track:4ssTFuVeNJG8py5dr2P2pV,"Não Recomendo - Ao Vivo","Não Recomendo (Ao Vivo)","Matheus & Kauan",2023-11-28,141216,54,false,nicmf,2024-08-16T02:50:18Z,"sertanejo,sertanejo universitário,arrocha,agronejo","Universal Music Ltda (S&D)",0.5,0.857,2,-3.582,1,0.0974,0.266,0,0.732,0.816,158.074,1
spotify:track:5BckPAYcKEJuYs1eV1BHHe,"Take A Chance On Me","The Album","ABBA",1977,243933,81,false,nicmf,2024-08-16T03:02:42Z,"","Polar Music International AB",0.684,0.675,11,-8.123,1,0.0257,0.163,0,0.242,0.924,107.064,4
spotify:track:1uz6Dn7js13smmiT32vq1i,"Secretaria","Secretaria","Amado Batista",2001,256789,60,false,nicmf,2024-08-16T03:12:15Z,"brega,seresta,sertanejo tradicional,sertanejo","AB Music",0.604,0.656,4,-4.571,1,0.0274,0.744,0,0.425,0.742,142.058,4
spotify:track:3nef5W8jTkXrOKgCu4kmq7,"Dangerous Woman","Dangerous Woman","Ariana Grande",2016-04-01,235946,86,false,nicmf,2024-08-16T04:01:31Z,"pop","Universal Records",0.664,0.602,4,-5.369,0,0.0412,0.0529,0,0.356,0.289,134.049,3
spotify:track:5Z3GHaZ6ec9bsiI5BenrbY,"Young Dumb & Broke","American Teen","Khalid",2017-04-27,202534,89,false,nicmf,2024-08-16T04:12:55Z,"","Right Hand Music Group, LLC/RCA Records",0.799,0.539,1,-6.351,1,0.0421,0.199,0.0000166,0.165,0.394,136.948,4
spotify:track:0gIxF0RR0miqWLs2fPQGBu,"stupid","all the things i never said","Tate McRae",2020-01-24,173836,69,false,nicmf,2024-08-16T04:14:20Z,"","Not specified",0.673,0.58,0,-6.029,0,0.0416,0.0692,0.0000852,0.182,0.257,95.989,4
spotify:track:79esEXlqqmq0GPz0xQSZTV,"Lost In Japan","Shawn Mendes","Shawn Mendes",2018-05-25,201200,76,false,nicmf,2024-08-16T16:34:28Z,"","Island Records",0.71,0.737,10,-6.781,1,0.367,0.255,0,0.106,0.42,104.961,4
spotify:track:4fHDlIntTsRGSyTg5UYZYC,"Banana Boat (Day-O)","Calypso","Harry Belafonte",1956,189468,70,false,nicmf,2024-08-19T03:15:45Z,"","RCA Records Label",0.797,0.105,1,-16.881,1,0.0969,0.885,0.000116,0.108,0.419,122.545,4
spotify:track:0r2Bul2NuCViraT2zX1l5j,"Get Low","Kings Of Crunk","Lil Jon & The East Side Boyz;Ying Yang Twins",2002-10-29,334066,83,true,nicmf,2024-08-19T03:17:55Z,"crunk,southern hip hop","The Orchard",0.521,0.625,1,-7.47,1,0.067,0.0301,0,0.121,0.136,101.019,4
spotify:track:5A32buYzWvtkJizBkX8OCQ,"GAS GAS GAS - EXTENDED MIX","GAS GAS GAS","Manuel",2019-06-12,261040,64,false,raphaelfr17,2024-08-19T03:18:16Z,"","avex trax",0.454,0.945,8,-4.939,0,0.0462,0.00151,0.0000309,0.344,0.737,153.967,4
spotify:track:3JMSGjar7iHSGHQQQdAjrH,"Olha o Gás","Olha o Gás","Mc Vitão;Dennis DJ",2017-01-09,157013,41,false,nicmf,2024-08-19T03:18:37Z,"funk","MKZ Produções",0.807,0.856,5,-6.473,1,0.0903,0.863,0.000718,0.0584,0.289,129.925,4
spotify:track:2w6JXokk0F8i241Y8C0Mn6,"Honey, Honey","Waterloo","ABBA",1974,175000,70,false,nicmf,2024-08-19T03:33:28Z,"","Polar Music International AB",0.474,0.804,5,-7.763,1,0.0473,0.309,0.00000181,0.552,0.757,140.507,4
spotify:track:6P4XyViJkq9QGEHtzfMIrH,"Honey, Honey - From 'Mamma Mia!' Original Motion Picture Soundtrack","Mamma Mia! The Movie Soundtrack","Amanda Seyfried;Ashley Lilley;Rachel McDowall",2008-01-01,187360,74,false,nicmf,2024-08-19T03:34:16Z,"musicais","Polydor Records",0.506,0.895,4,-4.069,1,0.0363,0.0417,0.00000547,0.252,0.806,140.044,4
spotify:track:70Vdd1gx5tn84jkAU31ASv,"Sexy And I Know It","Sorry For Party Rocking","LMFAO",2011-01-01,199480,77,false,nicmf,2024-08-19T03:37:27Z,"","Will I Am / A&M",0.708,0.861,7,-4.225,1,0.316,0.1,0,0.191,0.795,130.043,4
spotify:track:2yexaJabgZ6OBOeYSr6JSy,"Is It Right","Gallery","Elaiza",2014-03-28,234987,40,false,raphaelfr17,2024-08-19T03:40:49Z,"","Heart of Berlin",0.751,0.738,7,-6.263,0,0.0679,0.175,0,0.311,0.772,128.001,4
spotify:track:7IdFdRlCjUi6kkhbPoRfnw,"99 Problems","The Black Album","JAŸ-Z",2003-11-14,234626,56,true,nicmf,2024-08-19T03:51:44Z,"hip hop,east coast hip hop,rap","Roc Nation / Jay-Z",0.493,0.887,6,-4.297,0,0.4,0.00661,0,0.103,0.551,89.157,4
spotify:track:3WkibOpDF7cQ5xntM1epyf,"It Wasn't Me","Hot Shot","Shaggy;Rik Rok",2000-08-08,227600,87,false,nicmf,2024-08-19T04:03:06Z,"reggae,riddim,dancehall,ragga,lovers rock","Geffen",0.853,0.606,0,-4.596,1,0.072,0.0561,0,0.313,0.653,94.753,4
spotify:track:18AJRdgUoO9EYn11N7xzaT,"Habits (Stay High)","Queen Of The Clouds","Tove Lo",2014-09-24,209160,84,false,nicmf,2024-08-19T04:20:43Z,"","Universal Music AB",0.733,0.65,5,-3.539,1,0.0315,0.0703,0.0000659,0.0829,0.348,110.003,4
spotify:track:4DgY3GxfWsizKimiZkGe9V,"Kids of the Future","Meet the Robinsons (Original Motion Picture Soundtrack)","Jonas Brothers",2007-03-27,198213,38,false,nicmf,2024-08-19T04:30:11Z,"","Walt Disney Records",0.474,0.8,0,-10.405,1,0.0457,0.00924,0,0.402,0.765,174.037,4
spotify:track:3eR3lWuvQqOzhTn91nbRCa,"Something That I Want","Tangled","Grace Potter",2010-01-01,163280,66,false,nicmf,2024-08-19T04:30:25Z,"","Walt Disney Records",0.554,0.824,5,-5.886,1,0.0496,0.0128,0.000802,0.451,0.963,168.956,4
spotify:track:1Fid2jjqsHViMX6xNH70hE,"Atlantis","Tell Me It's Real (Expanded Edition)","Seafret",2016-01-29,229613,86,false,raphaelfr17,2024-08-19T04:30:43Z,"","Sweet Jane Recordings",0.4,0.479,8,-7.989,0,0.0308,0.0529,0.00000214,0.115,0.213,166.159,4
spotify:track:4Y8vb1uy9IjM2V1hqvrAid,"You'll Be In My Heart","Tarzan (Original Motion Picture Soundtrack)","Phil Collins",1999-05-18,256733,75,false,nicmf,2024-08-19T04:31:57Z,"soft rock","Walt Disney Records",0.568,0.748,8,-6.538,1,0.0299,0.0627,0.00000213,0.0947,0.647,96.588,4
spotify:track:0jdny0dhgjUwoIp5GkqEaA,"Praying","Rainbow","Kesha",2017-08-11,230269,72,false,nicmf,2024-08-20T00:47:35Z,"","Kemosabe Records/RCA Records",0.543,0.39,10,-7.202,1,0.0322,0.489,0,0.111,0.303,73.415,4
spotify:track:736B63TZx939yQZUXl7TMa,"October","This Summer","Alessia Cara",2019-09-06,240906,52,false,nicmf,2024-08-20T02:39:51Z,"","Def Jam Recordings",0.735,0.531,0,-7.845,1,0.0293,0.342,0.00000624,0.0867,0.642,106.985,4
spotify:track:0AjcdGri5vhJsmZnduCEqd,"October Passed Me By","October Passed Me By","girl in red",2022-10-14,165746,69,false,nicmf,2024-08-20T02:39:56Z,"bedroom pop","Columbia",0.513,0.372,4,-13.005,0,0.042,0.747,0.0572,0.102,0.218,78.036,4
spotify:track:600KGEz307WMNJT7R915o8,"Notice Me","Notice Me","Alli Simpson",2013-11-19,239312,40,false,nicmf,2024-08-20T02:47:58Z,"","So Alli Records",0.664,0.75,11,-4.149,0,0.0326,0.0313,0,0.0994,0.536,105.978,4
spotify:track:2hns6Dv29Yrg68AVTJiAyA,"Who Knew - Edit","I'm Not Dead","P!nk",2006-04-04,208493,81,false,nicmf,2024-08-20T03:17:22Z,"","LaFace/Legacy",0.688,0.734,9,-4.569,1,0.0274,0.00462,0,0.0756,0.46,140.004,4
spotify:track:1PzKBUHhyD035EQM9GNMfV,"Army","Delirium (Deluxe)","Ellie Goulding",2015-11-06,237408,51,true,nicmf,2024-08-23T01:45:07Z,"","Polydor Records",0.425,0.635,11,-7.384,1,0.0859,0.0888,0.00000647,0.141,0.223,173.86,4
spotify:track:4LwU4Vp6od3Sb08CsP99GC,"The Next Episode","2001","Dr. Dre;Snoop Dogg",1999-11-16,161506,85,true,raphaelfr17,2024-08-23T01:45:36Z,"hip hop old school,g-funk,gangster rap,west coast hip hop,hip hop,rap","Aftermath",0.922,0.909,10,-2.429,0,0.27,0.0281,0,0.0856,0.309,95.295,4
spotify:track:4s7HDBfWKvfTsG9IE8cw83,"Codes","Delirium (Deluxe)","Ellie Goulding",2015-11-06,196212,41,false,nicmf,2024-08-23T02:22:38Z,"","Polydor Records",0.512,0.701,5,-7.317,1,0.126,0.0238,0.0000252,0.105,0.32,184.043,4
spotify:track:6dOtVTDdiauQNBQEDOtlAB,"BIRDS OF A FEATHER","HIT ME HARD AND SOFT","Billie Eilish",2024-05-17,210373,96,false,nicmf,2024-08-23T04:06:35Z,"","Darkroom/Interscope Records",0.747,0.507,2,-10.171,1,0.0358,0.2,0.0608,0.117,0.438,104.978,4
spotify:track:1Xmjr9Cft2ZdiGVZPxhqCs,"On Purpose","EVOLution","Sabrina Carpenter",2016-10-14,238133,61,false,nicmf,2024-08-23T04:07:45Z,"pop","Hollywood Records",0.603,0.781,2,-4.221,0,0.0412,0.0294,0,0.0905,0.252,99.966,4
spotify:track:3FUAyLqqxUMHzKJc4fNEBU,"Lentes","Rogério","Supercombo;Negra Li",2016-07-29,197693,38,false,nicmf,2024-08-23T18:27:02Z,"rock brasileiro,nova mpb,mpb,hip hop brasileiro,pop nacional","Elemess",0.449,0.658,11,-7.891,0,0.0614,0.0384,0,0.12,0.759,205.233,4
spotify:track:3LcMLFApeU9uCT8VCWEVjr,"Memories (with WILLOW)","Memories (with WILLOW)","YUNGBLUD;WILLOW",2022-05-06,155919,48,true,nicmf,2024-08-23T18:54:16Z,"","Locomotion Recordings/ Interscope Records",0.434,0.921,7,-4.656,1,0.0679,0.000314,0,0.89,0.626,181.99,4
spotify:track:51PkXBKlCT5NBwly8II5r5,"Zoey 101 (From ""Zoey 101"")","Zoey 101 (From ""Zoey 101"")","Geek Music",2020-06-27,114023,41,false,nicmf,2024-08-23T18:57:26Z,"anime","Geek Music",0.766,0.634,0,-8.955,1,0.0323,0.00161,0.0618,0.319,0.951,118.085,4
spotify:track:285pBltuF7vW8TeWk8hdRR,"Lucid Dreams","Goodbye & Good Riddance","Juice WRLD",2018-12-10,239835,87,true,nicmf,2024-08-23T19:57:16Z,"rap melódico,rap emo","Juice WRLD Mixtape / ISR P&D",0.511,0.566,6,-7.23,0,0.2,0.349,0,0.34,0.218,83.903,4
spotify:track:2JzZzZUQj3Qff7wapcbKjc,"See You Again (feat. Charlie Puth)","See You Again (feat. Charlie Puth)","Wiz Khalifa;Charlie Puth",2015,229525,89,false,raphaelfr17,2024-08-27T01:35:57Z,"o lado suave do pop","Atlantic Records",0.689,0.481,10,-7.503,1,0.0815,0.369,0.00000103,0.0649,0.283,80.025,4
spotify:track:1QKIHW3pThogOnO6WXM9Po,"I Stand Alone","Training Hits: Workout Music","Theophilus London",2020-04-13,202653,0,false,nicmf,2024-08-27T03:40:00Z,"","Warner Music Group - X5 Music Group",0.616,0.819,2,-6.136,0,0.0548,0.061,0.00441,0.453,0.676,160.074,4
spotify:track:0MC7aaYm9G2sGZ8B0uxPtw,"Amor de Chocolate","Fundamental - Naldo Benny","Naldo Benny",2013,218773,1,false,nicmf,2024-08-28T19:55:18Z,"funk melody","Deckdisc",0.859,0.901,6,-5.736,0,0.196,0.0245,0.00000215,0.065,0.928,130.038,4
spotify:track:5iEEpVPlnH41wyAsYcON7w,"Burguesinha","America Brasil","Seu Jorge",2007-01-01,258186,1,false,nicmf,2024-08-28T19:56:37Z,"mpb,samba,pagode","seu jorge",0.682,0.949,2,-5.401,1,0.0422,0.563,0.00403,0.337,0.96,101.976,4
spotify:track:1ntP5FEZ7Qxi603D8do4ld,"Vento na Cara","Violeta","Terno Rei",2019-02-01,208000,48,false,nicmf,2024-08-28T20:08:36Z,"nova mpb","Balaclava Records",0.533,0.486,2,-9.324,0,0.0341,0.423,0.0245,0.204,0.0826,131.881,4
spotify:track:1z6CcHAbPpw2R23jDJmW1T,"A Sweeter Place (feat. Kid Cudi)","Rare (Deluxe)","Selena Gomez;Kid Cudi",2020-04-09,263305,42,false,nicmf,2024-08-28T20:42:34Z,"","Interscope Records",0.585,0.777,10,-6.991,0,0.18,0.109,0.000498,0.108,0.312,190.068,4
spotify:track:4muZ1PUxmss4cVmYnpLrvs,"Refém","O Cara Certo","Dilsinho",2016-06-10,223546,69,false,nicmf,2024-08-29T02:12:19Z,"pagode,samba,sertanejo","Sony Music Entertainment",0.648,0.542,3,-6.292,1,0.036,0.692,0,0.0923,0.835,147.861,4
spotify:track:14uKsvPJ0quzQvdB6f7Dur,"Call on Me - Ryan Riback Remix","Call on Me (Remixes)","Starley;Ryan Riback",2016-09-23,222040,3,false,nicmf,2024-08-29T02:13:16Z,"melbourne bounce","Tinted Records",0.67,0.839,0,-4.023,1,0.036,0.0607,0.000764,0.159,0.726,105.002,4
spotify:track:0MC9g3xUfrHQBmTbXsjkU7,"Fun","Rare (Deluxe)","Selena Gomez",2020-04-09,189382,37,false,nicmf,2024-08-29T02:13:38Z,"","Interscope Records",0.863,0.418,11,-10.145,0,0.437,0.076,0.0000492,0.152,0.523,113.866,4
spotify:track:4jadi3XVifPdv5vzaoTll6,"Era uma Vez","Kell Smith","Kell Smith",2017-03-08,224000,51,false,nicmf,2024-08-29T02:37:47Z,"mpb,nova mpb,pop nacional","Midas Music",0.663,0.458,3,-6.757,1,0.0311,0.454,0,0.134,0.158,94.728,4
spotify:track:2LNDflccYzJaardeFvyntT,"Scared of Happy","7/27 (Deluxe)","Fifth Harmony",2016-05-27,203534,44,false,nicmf,2024-08-29T02:38:19Z,"","Syco Music/Epic",0.714,0.837,6,-3.252,1,0.0398,0.177,0.0000209,0.114,0.479,112.009,4
spotify:track:60nZcImufyMA1MKQY3dcCH,"Happy - From ""Despicable Me 2""","G I R L","Pharrell Williams",2014-03-03,233306,87,false,nicmf,2024-08-29T02:47:35Z,"","Columbia",0.647,0.822,5,-4.662,0,0.183,0.219,0,0.0908,0.962,160.019,4
spotify:track:6KJqZcs9XDgVck7Lg9QOTC,"seven","folklore","Taylor Swift",2020-07-24,208906,71,false,nicmf,2024-08-29T03:03:32Z,"","Taylor Swift",0.596,0.488,4,-10.769,1,0.0274,0.9,0.000027,0.091,0.415,94.922,4
spotify:track:1ZAyjvIk9YiD76yYy0TEG6,"Plug Walk","The World Is Yours","Rich The Kid",2018-03-30,175229,71,true,nicmf,2024-08-29T03:05:35Z,"trap","Rich The Kid / (TDE/ISR PS)",0.872,0.519,11,-6.531,1,0.177,0.203,0,0.108,0.154,95.006,4
spotify:track:7wZUrN8oemZfsEd1CGkbXE,"Bleeding Love","Spirit","Leona Lewis",2007,262466,85,false,nicmf,2024-08-29T03:05:44Z,"","Syco Music UK",0.638,0.656,5,-5.886,1,0.0357,0.188,0,0.146,0.225,104.036,4
spotify:track:5ZJ9wxMqAhIOekYLmukc2L,"Jennifer","Jennifer","Trinidad Cardona",2017-09-11,213539,74,true,nicmf,2024-08-29T03:17:59Z,"","Run It Up Records/Island",0.757,0.769,5,-6.291,0,0.0992,0.518,0,0.334,0.774,124.129,4
spotify:track:5ixqGGFu0hdHfErdp32QwT,"Jenifer","Jenifer","Gabriel Diniz",2018-09-21,160640,48,false,raphaelfr17,2024-08-29T03:18:08Z,"forró,sertanejo,sertanejo universitário,arrocha","Universal Music Ltda.",0.768,0.934,8,-2.533,1,0.0453,0.22,0.00000173,0.0854,0.916,160.108,4
spotify:track:2fZQIJew3nkNe99s2PKzul,"Bad Liar","Bad Liar","Selena Gomez",2017-05-18,214647,68,false,nicmf,2024-08-29T20:05:36Z,"","Selena Gomez PS",0.965,0.414,1,-6.408,1,0.0712,0.189,0,0.0767,0.729,121.032,4
spotify:track:285ieonEuLkll3zknYK2TY,"The Last of Us","The Last of Us","Gustavo Santaolalla",2013-06-07,183533,65,false,raphaelfr17,2024-08-30T02:12:13Z,"trilha sonora","Masterworks",0.587,0.467,4,-12.392,0,0.0306,0.867,0.928,0.098,0.353,154.636,3
spotify:track:4v0VS33GYfTje16Q0ArRx6,"Toy","Nana Banana / Toy / Bassa Sababa","Netta",2019-05-10,180230,46,false,raphaelfr17,2024-08-30T04:16:06Z,"","S-Curve Records",0.786,0.712,3,-5.349,0,0.0677,0.0696,0,0.236,0.795,130.144,4
spotify:track:1w0o2PLYzpFnnyEnOoD7qX,"Block me out","Good Riddance (Deluxe)","Gracie Abrams",2023-06-16,249494,64,false,nicmf,2024-09-04T02:00:04Z,"","Gracie Abrams, under exclusive license to Interscope Records",0.636,0.529,7,-7.46,0,0.0427,0.772,0.000001,0.128,0.22,127.964,4
spotify:track:0v1fLMHpMqsh6AiAGQ9Dam,"O Sol","Até Onde Vai","Jota Quest",2005-09-16,258680,69,false,nicmf,2024-08-30T17:02:12Z,"rock brasileiro,mpb,pop nacional,pop rock","Epic",0.531,0.916,9,-4.655,1,0.0403,0.0227,0,0.336,0.896,160.024,4
spotify:track:6vMpPxLV0F5Diwcs6awI1Z,"coffee","Wildheart (Deluxe Version)","Miguel",2015-06-26,286571,70,true,nicmf,2024-08-30T17:03:09Z,"r&b","ByStorm Entertainment/RCA Records",0.556,0.618,10,-7.471,0,0.0463,0.00558,0.000351,0.153,0.121,80.985,4
spotify:track:36Hgj5atzs02g05HAYCg1m,"Ring","Rare (Deluxe)","Selena Gomez",2020-04-09,148776,45,false,nicmf,2024-08-30T17:35:37Z,"","Interscope Records",0.873,0.508,3,-5.35,0,0.0656,0.564,0.00000365,0.0738,0.869,110.953,4
spotify:track:6zDdR5SUiRPmAhQIxnsbQU,"Alone in My Car","Alone in My Car","NIKI DEMAR",2020-07-23,193173,0,false,nicmf,2024-08-30T19:43:33Z,"","NIKI DEMAR",0.625,0.574,0,-7.343,1,0.0356,0.185,0.00405,0.159,0.305,92.089,4
spotify:track:1mMLMZYXkMueg65jRRWG1l,"When It Rains It Pours","This One's for You","Luke Combs",2017-06-02,242680,86,true,nicmf,2024-08-30T19:46:21Z,"country","River House Artists/Columbia Nashville",0.551,0.801,6,-5.069,1,0.0303,0.013,0.00000603,0.265,0.625,128.027,4
spotify:track:0sTlGEld0h8kIPZaKDYUf4,"Notion","Notion","The Rare Occasions",2021-12-02,195120,89,false,raphaelfr17,2024-08-30T20:33:46Z,"","Elektra (NEK)",0.309,0.883,9,-3.825,1,0.0808,0.0673,0.00111,0.0849,0.312,159.488,4
spotify:track:4PYiIgzcp4o5pEYji1xY9q,"Masterpiece","Sweet Talker (Deluxe Version)","Jessie J",2014-10-10,220653,65,false,nicmf,2024-09-03T18:13:12Z,"","Lava Music/Republic Records",0.661,0.733,0,-2.7,0,0.0434,0.0153,0,0.0982,0.612,143.932,4
spotify:track:6M6Tk58pQvABy6ru66dY3d,"No Money","The Aviary","Galantis",2017-09-15,191293,76,false,nicmf,2024-09-04T02:04:44Z,"","Big Beat Records",0.674,0.915,6,-3.999,0,0.0411,0.0282,0.00337,0.273,0.78,126.038,4
spotify:track:29FNeqjOV2kPWGS55qhtGB,"Money, Money, Money","ABBA Gold","ABBA",2008-01-01,186786,71,false,nicmf,2024-09-04T02:04:55Z,"","Polar Music International AB",0.756,0.741,9,-6.426,0,0.0364,0.43,0.00113,0.0807,0.691,120.445,4
spotify:track:7b35X3DrEKpAOYQJDZluMv,"Here Comes The Money (Shane McMahon)","WWE: Anthology - Now!, Vol. 3","WWE;Jim Johnston",2005-07-27,171586,13,false,raphaelfr17,2024-09-04T02:05:39Z,"","WWE, Inc.",0.834,0.837,1,-6.554,1,0.28,0.009,0,0.0315,0.812,90.616,4
spotify:track:0chnUaWM073cQdQJLSMkAB,"(I Wish I Knew How It Would Feel To Be) Free / One - Medley","Whatever Gets You Through The Day","Lighthouse Family",2001-01-01,316360,58,false,nicmf,2024-09-04T02:07:26Z,"","Polydor Records",0.672,0.558,1,-9.513,1,0.0249,0.354,0,0.111,0.376,98.28,4
spotify:track:0SGkqnVQo9KPytSri1H6cF,"Bounce Back","I Decided.","Big Sean",2017-02-03,222360,69,true,nicmf,2024-09-04T02:08:25Z,"","Getting Out Our Dreams Inc. (G.O.O.D.) Music / IDJ",0.785,0.575,1,-5.628,0,0.133,0.105,0,0.129,0.272,81.529,4
spotify:track:6PFoEnjp0PAe5siGswjH9i,"Dancing's Not a Crime","Pray for the Wicked","Panic! At The Disco",2018-06-22,219466,53,false,raphaelfr17,2024-09-04T02:35:51Z,"emo","DCD2 / Fueled By Ramen",0.526,0.891,6,-1.549,1,0.0482,0.0375,0,0.375,0.804,94.095,4
spotify:track:1di1BEgJYzPvXUuinsYJGP,"Everybody (Backstreet's Back) - Radio Edit","Backstreet's Back","Backstreet Boys",1997-08-12,225360,85,false,nicmf,2024-09-04T02:59:52Z,"","Jive",0.731,0.853,10,-4.219,0,0.0363,0.0352,0,0.268,0.605,108.016,4
spotify:track:7BFc7ffruhZ4Hecnqf5xju,"Long Live","Speak Now (Deluxe Package)","Taylor Swift",2010-01-01,317960,53,false,nicmf,2024-09-04T03:01:06Z,"","Taylor Swift",0.412,0.682,7,-4.319,1,0.0339,0.0426,0.0000747,0.106,0.146,203.959,4
spotify:track:24ZPOCtT4dswHVF2xnFvxc,"A História do Cocô","Có-Có-Coral, Vol. 2","A Turma do Cocoricó;Hélio Ziskind",2012,266840,0,false,raphaelfr17,2024-09-04T03:33:41Z,"canção de ninar,música infantil","MCD",0.703,0.382,9,-9.04,0,0.466,0.589,0,0.388,0.639,137.48,4
spotify:track:7x8dCjCr0x6x2lXKujYD34,"The Pretender","Echoes, Silence, Patience & Grace","Foo Fighters",2007-09-25,269306,84,false,raphaelfr17,2024-09-04T04:17:01Z,"post-grunge,rock,rock alternativo,grunge","RCA Records Label",0.433,0.959,9,-4.04,1,0.0431,0.000917,0,0.028,0.365,172.984,4
spotify:track:1gbL33KFHLu6DeyWDpjmwO,"Tårarnas spår","… men det gör jag egentligen","Hov1",2024-08-30,257558,0,true,raphaelfr17,2024-09-04T04:46:19Z,"pop sueco","Universal Music AB",0.566,0.374,2,-6.957,1,0.0504,0.64,0,0.347,0.459,170.024,4
spotify:track:49tdZnvKAnJP6Xb3PUucPD,"MALAVITA","MALAVITA","Coma_Cose",2024-04-26,166725,55,false,raphaelfr17,2024-09-04T04:48:07Z,"","Warner Music",0.655,0.887,9,-3.559,1,0.143,0.104,0,0.314,0.511,112.938,4
spotify:track:2RWs4c3ZJ74WwXlVC3QCQN,"What Now","Unapologetic (Deluxe)","Rihanna",2012-12-11,243093,65,true,nicmf,2024-09-04T04:55:23Z,"","Def Jam Recordings",0.402,0.696,8,-4.798,0,0.0448,0.0476,0,0.628,0.227,180.107,3
spotify:track:6YXG34IWbilypPwjBTOrUC,"Can I Have This Dance","High School Musical 3: Senior Year","High School Musical Cast;Vanessa Hudgens;Zac Efron;Disney",2008-01-01,243773,70,false,nicmf,2024-09-04T05:04:52Z,"musicais","Walt Disney Records",0.555,0.619,0,-5.246,1,0.0296,0.203,0,0.265,0.426,136.069,3
spotify:track:4exkbsVLr1BnyJPbClEyOG,"23","Snow Angel","Reneé Rapp",2023-08-18,202341,49,true,nicmf,2024-09-04T19:18:06Z,"","Interscope Records",0.361,0.187,11,-12.185,1,0.0349,0.827,0.0000814,0.108,0.171,80.565,4
spotify:track:2grjqo0Frpf2okIBiifQKs,"September","The Best Of Earth, Wind & Fire Vol. 1","Earth, Wind & Fire",1978-11-23,215005,80,false,nicmf,2024-09-04T19:36:37Z,"funk americano,disco","Columbia/Legacy",0.697,0.832,9,-7.264,1,0.0298,0.168,0.00131,0.269,0.979,125.926,4
spotify:track:2pwHxJa9jIokTHQIS01TzR,"Finally","The Dutchess","Fergie;John Legend",2006-09-13,292600,30,false,nicmf,2024-09-04T19:37:48Z,"o lado suave do pop,neo soul","Will I Am / Fergie LP1",0.379,0.348,5,-6.954,1,0.0336,0.933,0,0.111,0.2,112.777,4
spotify:track:4PRdeh2zIyM1pvY4x5luLe,"Everywhere, Everything (with Gracie Abrams)","Everywhere, Everything (with Gracie Abrams)","Noah Kahan;Gracie Abrams",2023-12-01,257668,71,false,nicmf,2024-09-04T19:38:17Z,"","Mercury Records/Republic Records",0.299,0.357,11,-9.731,1,0.0372,0.538,0,0.133,0.278,179.664,3
spotify:track:26W4BHzwDnVyLjaDpQtpsR,"Tudo Que Eu Sempre Sonhei","Tudo Que Eu Sempre Sonhei","Pullovers",2009-01-01,216967,0,false,nicmf,2024-09-05T01:27:01Z,"mpb","Pullovers [dist. Tratore]",0.634,0.734,7,-7.986,1,0.0437,0.461,0.000538,0.141,0.799,124.286,4
spotify:track:3LbzMtkyPGcHc6IzyKclFO,"Bailando - Spanish Version","SEX AND LOVE","Enrique Iglesias;Descemer Bueno;Gente De Zona",2014-01-01,242426,3,false,nicmf,2024-09-05T02:05:59Z,"pop latino,latino,dança latina","Universal Music Group International",0.699,0.79,7,-3.51,1,0.115,0.0501,0.00000181,0.0309,0.959,90.922,4
spotify:track:0Y4hwUppbGc8aIBmiTz30A,"Familiar","Familiar","Liam Payne;J Balvin",2018-04-20,196552,56,false,nicmf,2024-09-05T03:12:36Z,"reggaeton,latino","Capitol Records UK / EMI",0.636,0.805,9,-4.594,1,0.328,0.0161,0,0.0794,0.908,92.95,4
spotify:track:1koYnAB1p60WBpEIUgZTnU,"Oasis","When the Morning Comes","A Great Big World",2015-11-13,203798,35,false,nicmf,2024-09-05T03:14:01Z,"","Epic",0.584,0.699,5,-5.138,1,0.0341,0.0152,0,0.25,0.347,134.04,4
spotify:track:1u0l8zWpQeMYStFkc2mLD7,"Everywhere","The Spirit Room","Michelle Branch",2001-07-31,214826,75,false,nicmf,2024-09-05T18:13:56Z,"","Maverick",0.523,0.828,1,-4.696,1,0.0762,0.0136,0.000255,0.165,0.476,96.952,4
spotify:track:6umXzROy7UNOu7futjIe79,"vai, namora","vai, namora","Bia Jordão",2023-03-23,153885,13,false,nicmf,2024-09-05T18:55:45Z,"funk gospel,gospel,hip hop cristão,gospel brasileiro","Sony Music Entertainment",0.755,0.656,0,-7.355,1,0.233,0.654,0.000505,0.0967,0.574,78.018,4
spotify:track:2S2od3hT7ceytw7d1pTRuE,"Again (feat. XXXTENTACION)","Again (feat. XXXTENTACION)","Noah Cyrus;XXXTENTACION",2017-09-22,193961,86,false,nicmf,2024-09-05T18:57:32Z,"rap emo","Records Label, LLC",0.664,0.738,9,-4.095,0,0.0338,0.188,0.0000575,0.135,0.203,119.973,4
spotify:track:3gy21TwRSP40aUMwcY7Rtq,"Navigating","Clancy","Twenty One Pilots",2024-05-24,223106,73,false,raphaelfr17,2024-09-05T19:28:01Z,"","Fueled By Ramen",0.426,0.869,11,-4.361,0,0.14,0.00336,0,0.152,0.328,165.998,4
spotify:track:0K7wIocSvzcRISpssBUzfZ,"If I Were a Boy","I AM...SASHA FIERCE","Beyoncé",2008-11-12,249146,70,false,nicmf,2024-09-05T20:01:19Z,"","Music World Music/Columbia",0.632,0.518,6,-6.126,1,0.0313,0.107,0,0.354,0.427,90.007,4
spotify:track:0AH6WMe3OlAlUb5miXt2FQ,"Only Girl (In The World)","Loud","Rihanna",2010-11-16,235493,79,false,nicmf,2024-09-06T16:34:18Z,"","Def Jam Recordings",0.789,0.716,11,-4.241,0,0.0432,0.129,0.0000107,0.069,0.611,125.906,4
spotify:track:2Ua0LbHaSRmtvEsRHr9WR8,"Atom Bomb Baby","Atom Bomb Baby","The Five Stars",2015-12-02,136727,49,false,raphaelfr17,2024-09-06T16:34:43Z,"chaabi marroquino","O.L.D Ltd",0.49,0.615,7,-6.041,1,0.0327,0.578,0,0.298,0.913,80.459,4
spotify:track:0RteYQqW1AOq3JNL0yMWYt,"You Got It","The Essential Roy Orbison","Roy Orbison",2006-03-28,211226,61,false,nicmf,2024-09-06T17:39:54Z,"rockabilly","Monument/Orbison Records/Legacy",0.652,0.634,9,-9.914,1,0.0261,0.566,0.00000108,0.15,0.674,114.681,4
spotify:track:5fKTWlpV4hT7ujXV45WbtN,"Sacrifice","Better Mistakes","Bebe Rexha",2021-05-07,160871,56,false,nicmf,2024-09-06T17:40:22Z,"","Warner Records",0.659,0.877,11,-5.089,0,0.0288,0.0878,0,0.094,0.471,119.992,4
spotify:track:2bl81llf715VEEbAx03yvB,"Close To You","The Secret of Us","Gracie Abrams",2024-06-21,225973,71,false,nicmf,2024-09-06T17:58:13Z,"","Gracie Abrams, under exclusive license to Interscope Records",0.59,0.727,6,-7.955,1,0.0706,0.0259,0.0000648,0.0827,0.356,121.966,4
spotify:track:2xRyucSeonJTOAK8EBKFuC,"LOKKO","LOKKO","GIULIA BE",2021-06-10,163031,42,false,nicmf,2024-09-08T04:21:07Z,"pop nacional","WM Brazil",0.617,0.832,0,-5.402,0,0.0697,0.113,0,0.126,0.28,159.869,4
spotify:track:0abrd2vT2W3JZBDNezUY7r,"Deixa Tudo Como Tá - Ao Vivo","VIBE (Ao Vivo)","Thiaguinho",2019-09-06,217784,58,false,nicmf,2024-09-08T04:24:08Z,"pagode,samba","Som Livre",0.691,0.516,4,-9.437,1,0.156,0.397,0,0.711,0.56,142.848,4
spotify:track:2INVCOSqtTxIHmUmd702Bw,"Água Parada - Ao Vivo","Funk Superação (Ao Vivo)","MC Hariel",2024-08-29,145458,48,false,nicmf,2024-09-08T04:42:59Z,"funk,funk consciente,trap funk","WM Brazil",0.553,0.855,4,-2.905,0,0.34,0.583,0,0.502,0.36,140.167,4
spotify:track:7gUgDucWxwsrnNGN43MZcu,"No Seu Lugar - Ao Vivo","Acústico (Live)","Kid Abelha",2002,219853,55,false,nicmf,2024-09-09T18:19:16Z,"rock brasileiro,mpb,pop nacional","Universal Music Ltda.",0.619,0.754,5,-6.509,1,0.0303,0.106,0.000068,0.703,0.629,132.975,4
spotify:track:0WIv5qV41y6YjjB9V1biuC,"Made For Me","Made For Me","Muni Long",2023-09-15,188000,72,false,nicmf,2024-09-11T01:05:39Z,"","Supergiant Records, LLC / Def Jam Recordings",0.796,0.468,7,-6.375,0,0.0324,0.122,0,0.118,0.0677,119.98,4
spotify:track:2M9ULmQwTaTGmAdXaXpfz5,"Billionaire (feat. Bruno Mars)","Billionaire (feat. Bruno Mars)","Travie McCoy;Bruno Mars",2010-03-09,211160,76,true,raphaelfr17,2024-09-10T18:05:47Z,"","Decaydance/Fueled By Ramen",0.633,0.673,6,-6.403,0,0.258,0.297,0,0.206,0.659,86.776,4
spotify:track:0bSLDuIIIGla6l9C9DIXqP,"Choose","8 Letters","Why Don't We",2018-08-31,173053,46,false,nicmf,2024-09-10T19:00:11Z,"","Atlantic Records",0.663,0.715,5,-4.536,0,0.07,0.0211,0.000026,0.85,0.607,77.024,4
spotify:track:6EDO9iiTtwNv6waLwa1UUq,"POPSTAR (feat. Drake)","POPSTAR (feat. Drake)","DJ Khaled;Drake",2020-07-17,200221,71,true,nicmf,2024-09-10T19:18:42Z,"rap","OVO/We The Best/Epic",0.8,0.56,5,-4.818,0,0.261,0.057,0,0.134,0.45,163.071,4
spotify:track:4Iy73U3ZqfhF1cxPDRSMKp,"Audi.","Deadstar","Smokepurpp",2017-09-29,159521,55,true,nicmf,2024-09-10T19:21:00Z,"","Alamo",0.793,0.366,7,-10.051,1,0.136,0.0214,0,0.0964,0.278,122.991,4
spotify:track:7sapKrjDij2fpDVj0GxP66,"She Will Be Loved","Songs About Jane","Maroon 5",2002-06-25,257133,79,false,nicmf,2024-09-10T19:25:06Z,"pop","Interscope Records*",0.706,0.713,0,-5.512,0,0.0301,0.0596,0,0.132,0.544,102.032,4
spotify:track:4Z2i41GDQyu3KRpBavEnyR,"Solteiro Forçado - Boiadeira Internacional","Solteiro Forçado (Boiadeira Internacional)","Ana Castela",2023-07-07,194582,63,false,nicmf,2024-09-10T19:45:27Z,"sertanejo,agronejo,sertanejo universitário,piseiro","AgroPlay do Brasil",0.655,0.669,6,-4.047,1,0.0275,0.636,0,0.245,0.436,139.975,4
spotify:track:2H8LPaY3NSjmOFMH2Rygnz,"Running Out","Running Out","Matoma;Astrid S",2015-12-01,211200,52,false,nicmf,2024-09-10T20:43:50Z,"tropical house,pop norueguês","FFRR",0.601,0.682,10,-5.905,1,0.0338,0.0856,0.00384,0.132,0.17,94.999,4
spotify:track:725NSbIej5lP3GfhLC7So3,"115","Call of Duty: Black Ops – Zombies (Original Game Soundtrack)","Elena Siegman;Kevin Sherwood",2011-01-25,228160,72,false,raphaelfr17,2024-09-10T20:50:10Z,"","Activision",0.363,0.933,8,-3.808,1,0.175,0.000105,0.00000209,0.102,0.676,200.215,4
spotify:track:18zXw7VA97aovBwbxSpPqH,"Vagalumes","Vim pra Dominar o Mundo","POLLO;Ivo Mozart",2012-12-11,170766,72,false,nicmf,2024-09-10T21:03:19Z,"mpb","Pollo",0.703,0.736,11,-4.818,1,0.283,0.214,0,0.142,0.727,176.057,4
spotify:track:3e9XffW1RGxZUwwc9VHEuD,"Só Você","Sutis Diferenças","Vinicius Cantuaria",1984-01-09,192133,55,false,nicmf,2024-09-10T21:18:43Z,"rock brasileiro,mpb,pop nacional","EMI Music Brasil Ltda",0.791,0.744,11,-7.97,0,0.0376,0.042,0.000015,0.0653,0.969,123.021,4
spotify:track:5fz1rfGFT3npQUmNnu998w,"For Cryin' Out Loud!","For Cryin' Out Loud!","FINNEAS",2024-08-08,217232,0,false,nicmf,2024-09-11T01:12:57Z,"","OYOY, Inc.under exclusive license to Interscope Records",0.76,0.554,8,-6.831,1,0.0329,0.147,0.000159,0.0695,0.686,92.999,4
spotify:track:1OkIpW255qLxswGyjgUL5x,"I feel bad","everything means nothing","blackbear",2020-08-21,175066,51,true,nicmf,2024-09-11T01:14:17Z,"","Alamo",0.637,0.785,9,-3.382,0,0.0512,0.0201,0,0.333,0.923,144.053,4
spotify:track:7hcagAQDiI0TgUOv337NIr,"Orquestra Maldita","Orquestra Maldita","TRASHXRL;Mc Delux",2023-06-15,119777,64,true,nicmf,2024-09-11T01:15:06Z,"phonk,phonk brasileiro,funk","TRASHXRL",0.641,0.988,10,0.427,1,0.0615,0.243,0.327,0.0893,0.849,130.073,4
spotify:track:0k4d5YPDr1r7FX77VdqWez,"You Right","Planet Her","Doja Cat;The Weeknd",2021-06-25,186173,84,true,nicmf,2024-09-11T01:18:37Z,"","Kemosabe Records/RCA Records",0.828,0.621,8,-6.414,1,0.0565,0.0164,0.00233,0.0845,0.436,128.986,4
spotify:track:4yNk9iz9WVJikRFle3XEvn,"golden hour","this is what falling in love feels like (554Hz)","JVKE",2022-10-03,209259,80,false,nicmf,2024-09-11T01:20:47Z,"","JVKE",0.515,0.593,4,-4.801,1,0.0322,0.653,0.162,0.25,0.153,94.467,3
spotify:track:4Y3WqmBWmG23thvU9xEhMv,"Easy","Angel Dust (Deluxe Edition)","Faith No More",1992,186960,70,false,nicmf,2024-09-11T01:55:07Z,"funk rock,metal alternativo,rap metal,grunge","WM UK",0.506,0.554,10,-6.743,0,0.0339,0.339,0.000355,0.112,0.375,124.724,4
spotify:track:4ptlAXjTGJgjrxGQ7EGn4W,"Get It","New Glow","Matt and Kim",2015-04-03,181466,42,false,nicmf,2024-09-11T02:22:57Z,"","Matt & Kim",0.715,0.739,5,-5.706,1,0.0455,0.0136,0.00162,0.373,0.117,92.931,4
spotify:track:5gRYrtvyVyaCRvLt56OfuV,"I Wish You Would","1989 (Deluxe)","Taylor Swift",2014-01-01,207440,59,false,nicmf,2024-09-11T06:01:52Z,"","Taylor Swift",0.653,0.893,0,-5.966,1,0.0538,0.0158,0.0000495,0.102,0.513,118.035,4
spotify:track:42JNab8NPeCADJ9D3Cl5wS,"Barulho Do Foguete - Ao Vivo","Escolhas, Vol. 2 (Ao Vivo)","Zé Neto & Cristiano",2023-06-22,133546,31,false,nicmf,2024-09-11T18:26:23Z,"sertanejo,sertanejo universitário,agronejo,arrocha","Som Livre",0.646,0.871,4,-6.195,1,0.219,0.172,0,0.765,0.624,79.994,4
spotify:track:5qYp1Wf3gh0lGWdIS5lIrX,"Trust Nobody (feat. Selena Gomez & Tory Lanez)","9","Cashmere Cat;Selena Gomez;Tory Lanez",2017-04-28,215670,52,true,nicmf,2024-09-11T20:02:47Z,"","Benny Blanco Major",0.49,0.625,10,-7.248,1,0.185,0.497,0,0.118,0.748,78.762,5
spotify:track:2E66FuVVk9gWz0ERws0vcA,"Tô cansado","Cabeça Dinossauro","Titãs",1986-06-25,140333,40,false,nicmf,2024-09-11T20:02:57Z,"rock brasileiro,mpb,pop nacional","WM Brazil",0.463,0.935,8,-12.485,0,0.0435,0.00179,0.242,0.41,0.838,91.437,4
spotify:track:0KoiMHhqKLoL4xM54rcWYY,"Taki Taki (feat. Selena Gomez, Ozuna & Cardi B)","Carte Blanche","DJ Snake;Selena Gomez;Ozuna;Cardi B",2019-07-25,212500,80,true,nicmf,2024-09-11T20:03:38Z,"reggaeton,trap latino,latino,urbano latino","DJ Snake Music Productions Limited",0.843,0.802,1,-4.167,0,0.228,0.158,0.000005,0.0642,0.618,95.881,4
spotify:track:2Kmnl2HePPPejOeethzWmY,"Guerra","Guerra","MC Hariel",2023-07-28,143043,31,false,nicmf,2024-09-11T20:10:18Z,"funk,funk consciente,trap funk","WM Brazil",0.702,0.727,2,-5.17,1,0.243,0.276,0,0.827,0.525,137.801,4
spotify:track:386RUes7n1uM1yfzgeUuwp,"The Lazy Song","Doo-Wops & Hooligans","Bruno Mars",2010-05-11,189109,86,false,nicmf,2024-09-11T20:10:26Z,"","Elektra (NEK)",0.794,0.711,8,-5.124,0,0.0699,0.3,0,0.0955,0.955,174.915,4
spotify:track:3UMrglJeju5yWyYIW6o99b,"The Great War","Midnights (3am Edition)","Taylor Swift",2022-10-22,240355,69,false,nicmf,2024-09-11T20:10:40Z,"","Taylor Swift",0.57,0.747,5,-8.93,1,0.0342,0.199,0.0000232,0.0854,0.574,96.016,4
spotify:track:59RjIhWIpthNpwrlChUvXm,"The News","This Is Why","Paramore",2023-02-10,187696,58,false,raphaelfr17,2024-09-11T20:11:10Z,"pop punk,emo","Atlantic Records",0.559,0.94,4,-5.065,0,0.105,0.000259,0.0000231,0.424,0.743,157.899,4
spotify:track:3rMsX63C0IZVnOT5LGYoTH,"Russian Roulette","Rated R","Rihanna",2009-11-20,227533,71,true,nicmf,2024-09-12T02:40:48Z,"","Def Jam Recordings",0.48,0.486,6,-5.754,0,0.0447,0.0469,0,0.107,0.265,80.051,4
spotify:track:3VrzcnYO6ITMKFl2HImfvU,"When The Sun Goes Down","When The Sun Goes Down","Selena Gomez & The Scene",2011-01-01,196173,43,false,nicmf,2024-09-12T03:16:03Z,"","Hollywood Records",0.68,0.799,1,-3.829,1,0.0767,0.0892,0,0.0353,0.89,122.021,4
spotify:track:1X95pCQG939KCbJL6yVQgw,"Evidências","Do Tamanho do Nosso Amor","Chitãozinho & Xororó",2013-09-25,279293,74,false,nicmf,2024-09-12T18:39:20Z,"sertanejo tradicional,sertanejo,agronejo","Onda Musical",0.513,0.901,2,-3.089,1,0.0479,0.249,0,0.934,0.371,98.926,4
spotify:track:42ojLX3UYsp4XhaX0sx29E,"Blue Moon","The Best Of The Marcels","The Marcels",1990-06-11,138360,48,false,nicmf,2024-09-12T18:56:06Z,"doo-wop","Parlophone UK",0.624,0.432,7,-11.132,1,0.0344,0.656,0,0.0785,0.935,127.69,4
spotify:track:0JP9xo3adEtGSdUEISiszL,"Moonlight","?","XXXTENTACION",2018-03-16,135090,89,true,nicmf,2024-09-12T18:56:21Z,"rap emo","Bad Vibes Forever, LLC",0.921,0.537,9,-5.723,0,0.0804,0.556,0.00404,0.102,0.711,128.009,4
spotify:track:5FCPN8g30PRH7lLgxDh9LQ,"Big Bang Theory Theme","Hits from Yesterday & the Day Before","Barenaked Ladies",2011-09-23,105266,53,false,raphaelfr17,2024-09-12T18:56:28Z,"","Rhino/Warner Records",0.488,0.901,7,-3.701,1,0.101,0.0654,0,0.359,0.827,161.285,4
spotify:track:0lUSd7TCG8srh6HpIAEIWL,"Power","Glory Days (Expanded Edition)","Little Mix",2016-11-18,247840,76,false,nicmf,2024-09-12T18:57:21Z,"","Syco Music",0.566,0.855,7,-4.016,1,0.211,0.0372,0.000157,0.181,0.517,172.966,4
spotify:track:3jNiVFxWIaeVwGKFCW9RtP,"Summer's Not Hot","A Year Without Rain","Selena Gomez & The Scene",2010-01-01,185613,37,false,nicmf,2024-09-12T19:16:53Z,"","Hollywood Records",0.577,0.93,5,-4.475,1,0.0419,0.00653,0,0.069,0.851,148.947,4
spotify:track:4h9wh7iOZ0GGn8QVp4RAOB,"I Ain't Worried","I Ain’t Worried (Music From The Motion Picture ""Top Gun: Maverick"")","OneRepublic",2022-05-13,148485,85,false,nicmf,2024-09-12T19:19:34Z,"","Interscope Records",0.704,0.797,0,-5.927,1,0.0475,0.0826,0.000745,0.0546,0.825,139.994,4
spotify:track:2bPtwnrpFNEe8N7Q85kLHw,"Combatchy (feat. MC Rebecca)","Combatchy (feat. MC Rebecca)","Anitta;Lexa;Luísa Sonza;Rebecca",2019-11-20,157600,63,false,nicmf,2024-09-12T19:30:38Z,"pop nacional,funk pop,funk,funk carioca,brega funk","WM Brazil",0.826,0.73,1,-3.032,1,0.0809,0.383,0.000374,0.0197,0.605,150.134,4
,"undefined","undefined","undefined",,,,,nicmf,2024-09-12T19:32:46Z,"","undefined",,,,,,,,,,,,
spotify:track:2MwhDjXMoV2PueWmaRkCir,"Olha Só, Olha Lá","Olha Só, Olha Lá","DJ KR3;MC Digu;Mc Neguinho do ITR",2018-04-19,135034,24,true,nicmf,2024-09-12T19:35:27Z,"funk,funk carioca","GREE CASSUA",0.858,0.536,8,-0.891,1,0.236,0.136,0,0.0394,0.694,86.616,5
spotify:track:736XrOvsUtOpuyLmPdjuG3,"Told You So","War & Leisure","Miguel",2017-12-01,190094,47,false,nicmf,2024-09-12T19:35:57Z,"r&b","ByStorm Entertainment/RCA Records",0.781,0.654,1,-4.514,1,0.0386,0.124,0,0.0759,0.707,118.037,4
spotify:track:5XLXrm5JVMdOus1fWmTOFw,"Beneath the Mask","PERSONA5 ORIGINAL SOUNDTRACK","Lyn;アトラスサウンドチーム;ATLUS GAME MUSIC",2017-01-17,277880,68,false,raphaelfr17,2024-09-12T19:36:33Z,"vgm japonesa,trilha sonora","ATLUS",0.717,0.466,5,-12.434,1,0.0259,0.403,0.105,0.161,0.644,147.966,4
spotify:track:0gZGUAO42F1HmzZWHNPGAu,"Risk","The Secret of Us","Gracie Abrams",2024-06-21,191586,67,false,nicmf,2024-09-12T19:37:17Z,"","Gracie Abrams, under exclusive license to Interscope Records",0.716,0.496,3,-5.989,0,0.0588,0.514,0,0.109,0.559,113.015,4
spotify:track:6SKwQghsR8AISlxhcwyA9R,"Marry You","Doo-Wops & Hooligans","Bruno Mars",2010-05-11,230192,86,false,nicmf,2024-09-12T19:40:27Z,"","Elektra (NEK)",0.621,0.82,10,-4.865,1,0.0367,0.332,0,0.104,0.452,144.905,4
spotify:track:0OWZFobGSIW9GrSlQ9C5pc,"Marry Me","Life Changes","Thomas Rhett",2017-09-08,205453,68,false,nicmf,2024-09-12T19:40:34Z,"country,country acústico,pop country","The Valory Music Co.",0.583,0.412,3,-8.633,1,0.0238,0.0976,0,0.113,0.499,84.952,4
spotify:track:2kHcMUgIqU3t87wjoGhrd6,"It Is What It Is","Broken Memories","Jamie Miller",2022-04-29,125746,68,false,raphaelfr17,2024-09-12T19:40:39Z,"","Atlantic Records",0.691,0.741,4,-5.617,1,0.288,0.0868,0,0.109,0.318,161.917,4
spotify:track:0Vua3a4EZaEiGTfbUGImXf,"Finish Line","Finish Line","Rita Ora",2022-05-20,216820,28,false,nicmf,2024-09-12T19:40:48Z,"","Hollywood Records",0.646,0.807,5,-5.303,1,0.0467,0.049,0,0.125,0.726,86.982,4
spotify:track:3MrRksHupTVEQ7YbA0FsZK,"The Final Countdown","The Final Countdown (Expanded Edition)","Europe",1986,310333,83,false,raphaelfr17,2024-09-12T19:41:53Z,"glam metal","Portrait/Epic/Legacy",0.529,0.843,6,-6.908,0,0.0616,0.0628,0.000827,0.0608,0.188,117.662,4
spotify:track:5YznIISFtUiQUUffVxe8XF,"curiosidade","BURBURINHO","Clara Valverde",2022-10-14,151265,0,false,nicmf,2024-09-12T19:47:37Z,"nova mpb,pop nacional","BAILA",0.703,0.779,10,-6.818,1,0.0589,0.312,0.0000163,0.171,0.563,168.02,4
spotify:track:0BxfFnk0YzONqvmrkO0QrB,"Don't Cha","PCD","The Pussycat Dolls;Busta Rhymes",2005-01-01,272080,78,false,nicmf,2024-09-12T19:47:49Z,"east coast hip hop,hip hop old school,hip hop","Pussycat Dolls",0.875,0.63,1,-3.475,1,0.0994,0.00546,0.00000247,0.127,0.548,120.016,4
spotify:track:0IRQkXY4szWA1RNBeV6lu1,"Madalena","Ela","Elis Regina",1971,157640,57,false,nicmf,2024-09-13T05:31:47Z,"mpb,bossa nova,jazz brasileiro","Universal Music Ltda.",0.529,0.548,11,-12.534,0,0.0512,0.19,0,0.141,0.933,88.631,4
spotify:track:1syj5noYd0GUqHflMH6zda,"A Bomba","20 Super Sucessos","Braga Boys",2004-01-01,121800,29,false,raphaelfr17,2024-09-12T21:56:54Z,"axé","Mauricio World Music",0.908,0.761,1,-7.398,1,0.06,0.452,0,0.0535,0.967,94.34,4
spotify:track:7pKfPomDEeI4TPT6EOYjn9,"Imagine - Remastered 2010","Imagine","John Lennon",1971-09-09,187866,82,false,nicmf,2024-09-12T19:50:14Z,"natal","EMI Catalogue",0.547,0.257,0,-12.358,1,0.0252,0.907,0.183,0.0935,0.169,75.752,4
spotify:track:4k3HBeh98WWN2ybGHC0WQI,"Beijinho no Ombro","Beijinho no Ombro","Valesca Popozuda",2013-07-22,164615,60,false,nicmf,2024-09-12T21:57:13Z,"funk,funk pop,pop nacional,funk carioca","Berger Mobile",0.864,0.734,6,-4.357,0,0.178,0.173,0,0.21,0.807,132.094,4
spotify:track:7G7tgVYORlDuVprcYHuFJh,"Don't Dream It's Over","Crowded House","Crowded House",1986-01-01,236933,88,false,nicmf,2024-09-13T03:17:29Z,"","Capitol Records",0.439,0.421,8,-17.227,1,0.0411,0.0148,0.0000488,0.0697,0.551,81.833,4
spotify:track:5hx7w26Zi3zafMgvMTUqF6,"SNAP","SNAP","Rosa Linn",2022-03-19,179551,86,false,nicmf,2024-09-13T03:24:22Z,"","Nvak Collective",0.565,0.636,0,-8.198,1,0.0622,0.107,0.0000099,0.447,0.526,170.027,4
spotify:track:1bmtVglfmSQWfKjgPyERJ8,"Move","Salute (Expanded Edition)","Little Mix",2013-11-11,224333,60,false,nicmf,2024-09-13T04:22:35Z,"","Syco Music",0.85,0.741,6,-4.572,0,0.092,0.00441,0.00000316,0.549,0.766,121.17,4
spotify:track:6jdOi5U5LBzQrc4c1VT983,"Hold On, We're Going Home","Nothing Was The Same (Deluxe)","Drake;Majid Jordan",2013-01-01,227880,86,false,nicmf,2024-09-13T05:23:54Z,"rap","Cash Money Records/Young Money Ent./Universal Rec.",0.773,0.414,6,-7.436,0,0.0961,0.00411,0.000034,0.0733,0.289,99.993,4
spotify:track:13Gc6reK8zGqrOPDFViQDH,"Hate This Feeling","Bittersweet EP","J.Y.N.",2023-11-17,210874,0,false,nicmf,2024-09-13T05:36:38Z,"","Classick Studios",0.706,0.632,2,-5.108,1,0.0297,0.0216,0.0000504,0.122,0.706,115.004,4
spotify:track:7djKVQ0JFLroQfnOGtPaxo,"Cobaia - Ao Vivo","Verdade (Ao Vivo / Deluxe)","Lauana Prado",2019-06-28,223242,52,false,nicmf,2024-09-13T16:13:20Z,"sertanejo,sertanejo universitário","Universal Music Ltda.",0.708,0.837,8,-2.457,1,0.0434,0.455,0,0.35,0.395,114.047,4
spotify:track:4NxUuupOGPquDhy1yFIZK3,"The Lotto","The Lotto","Ingrid Michaelson;AJR",2016-09-30,193695,56,false,raphaelfr17,2024-09-13T16:54:58Z,"","Ingrid Michaelson (Spirit Music)",0.687,0.748,3,-4.54,1,0.0785,0.24,0,0.373,0.872,88.944,4
spotify:track:3yOlyBJuViE2YSGn3nVE1K,"My Oh My (feat. DaBaby)","Romance","Camila Cabello;DaBaby",2019-12-06,171375,78,false,nicmf,2024-09-13T16:54:58Z,"","Syco Music/Epic",0.724,0.491,8,-6.024,1,0.0296,0.018,0.0000129,0.0887,0.383,105.046,4
spotify:track:3C3cr2JQwXIhqAHqOardVO,"Holding on to You","Vessel","Twenty One Pilots",2013-01-08,263733,71,false,nicmf,2024-09-13T17:39:18Z,"","Fueled By Ramen",0.608,0.776,11,-3.635,1,0.0511,0.241,0,0.0713,0.814,89.996,4
spotify:track:2C0hTkdEoikhKzDCJl32QZ,"Crowded Room (feat. 6LACK)","Rare","Selena Gomez;6LACK",2020-01-10,186459,52,false,nicmf,2024-09-13T17:40:21Z,"","Interscope Records",0.726,0.415,7,-8.407,0,0.0522,0.762,0.00000243,0.103,0.327,90.052,4
spotify:track:4wLWMbVA8PIQYkmIqIqMZH,"Agro Meração","Agro Meração","Antony & Gabriel",2021-09-24,154940,38,false,nicmf,2024-09-13T17:41:10Z,"agronejo,sertanejo,sertanejo universitário","Antony e Gabriel",0.706,0.925,7,-3.664,1,0.0885,0.141,0,0.409,0.678,130.109,4
spotify:track:4cG7HUWYHBV6R6tHn1gxrl,"Friday (feat. Mufasa & Hypeman) - Dopamine Re-Edit","Friday (feat. Mufasa & Hypeman) [Dopamine Re-Edit]","Riton;Nightcrawlers;Mufasa & Hypeman;Mufasa;Dopamine",2021-01-15,169153,83,false,nicmf,2024-09-13T18:27:18Z,"house","Ministry of Sound Recordings",0.824,0.862,2,-3.424,1,0.126,0.0076,0.000132,0.303,0.801,122.98,4
spotify:track:2wIcebwzceIwgonsDICx6P,"guilty conscience","THINK LATER","Tate McRae",2023-12-08,152049,75,true,nicmf,2024-09-13T18:32:43Z,"","RCA Records Label",0.763,0.73,8,-3.666,1,0.0371,0.268,0,0.0681,0.749,98.018,4
spotify:track:12G0KiYRpmpDOrube9GCa5,"Fronteira - Ao Vivo","Boiadeira Internacional: Vol. 3 (Ao Vivo)","Ana Castela;Gustavo Mioto",2023-11-17,166189,55,false,nicmf,2024-09-13T18:57:22Z,"sertanejo,agronejo,sertanejo universitário,piseiro,arrocha","AgroPlay",0.701,0.664,5,-4.42,1,0.0284,0.691,0,0.324,0.437,104.073,4
spotify:track:1V8AZk8VG8qksb9mKgxTuR,"Glamorous","The Dutchess","Fergie;Ludacris",2006-09-19,246600,44,false,raphaelfr17,2024-09-14T00:22:27Z,"southern hip hop","Will I Am / Fergie LP1",0.812,0.759,0,-6.469,1,0.231,0.303,0,0.103,0.568,131.014,4
spotify:track:1EaKU4dMbesXXd3BrLCtYG,"ELEMENT.","DAMN.","Kendrick Lamar",2017-04-14,208733,71,true,nicmf,2024-09-14T00:32:43Z,"hip hop,west coast hip hop","Aftermath",0.748,0.705,4,-4.547,0,0.485,0.204,0,0.246,0.483,189.891,4
spotify:track:7MJQ9Nfxzh8LPZ9e9u68Fq,"Lose Yourself","SHADYXV","Eminem",2014-11-24,320626,72,true,raphaelfr17,2024-09-14T01:15:50Z,"rap,hip hop","Shady Records",0.689,0.735,2,-4.545,1,0.267,0.00922,0.00072,0.365,0.059,171.403,4
spotify:track:1aThn8Pk8zRzGGPClZe9Oq,"Free Now","The Secret of Us","Gracie Abrams",2024-06-21,214080,66,false,nicmf,2024-09-14T13:27:51Z,"","Gracie Abrams, under exclusive license to Interscope Records",0.557,0.387,0,-8.566,1,0.0998,0.411,0,0.197,0.337,149.899,4
spotify:track:340UVheS8z3ncW9TTUhAbc,"Nightmare","Nightmare","Halsey",2019-05-17,231998,3,true,nicmf,2024-09-14T14:15:36Z,"","Capitol Records",0.607,0.622,9,-5.075,0,0.0756,0.0187,0,0.359,0.537,146.105,4
spotify:track:7KxhSJOYiqCDclXDBNlFSZ,"Kill Em With Kindness","Revival (Deluxe)","Selena Gomez",2015-10-09,217906,66,false,nicmf,2024-09-18T00:36:46Z,"","Selena Gomez PS",0.757,0.884,10,-5.488,0,0.0404,0.00789,0.0000587,0.0973,0.399,120.013,4
spotify:track:799KrpEbhZp0MHeiA8YK9P,"Guilty as Sin?","THE TORTURED POETS DEPARTMENT: THE ANTHOLOGY","Taylor Swift",2024-04-19,254365,76,false,nicmf,2024-09-18T04:11:29Z,"","Taylor Swift",0.626,0.428,2,-8.374,1,0.0261,0.607,0,0.0921,0.487,94.95,3
spotify:track:3Bme1C5dZQLdOMAZPdiejt,"Castaway","Beach Music","Zac Brown Band",2019-07-19,188053,20,false,nicmf,2024-09-18T04:49:15Z,"country,country acústico","UMG Recordings, Inc.",0.611,0.782,8,-4.989,1,0.0475,0.149,0,0.115,0.915,101.313,4
spotify:track:7yIwT8zSR8dzl0rWXbW2jm,"MTG - VINGANÇA","MTG - VINGANÇA","DJ FKU",2024-01-26,75692,56,false,raphaelfr17,2024-09-18T04:50:33Z,"phonk,phonk brasileiro","Tribal Trap",0.789,0.985,0,-1.568,1,0.0588,0.0583,0.888,0.281,0.898,129.996,4
spotify:track:660JUD1xQLB4XR1dMxUK4x,"Dope","7/27 (Deluxe)","Fifth Harmony",2016-05-27,212623,44,true,nicmf,2024-09-18T04:55:39Z,"","Syco Music/Epic",0.719,0.519,0,-6.545,1,0.0494,0.13,0,0.0833,0.122,90.995,4
spotify:track:1x5sYLZiu9r5E43kMlt9f8,"Symphony (feat. Zara Larsson)","Symphony (feat. Zara Larsson)","Clean Bandit;Zara Larsson",2017-03-16,212459,79,false,nicmf,2024-09-18T05:08:06Z,"","Atlantic Records UK",0.707,0.629,0,-4.581,0,0.0563,0.259,0.000016,0.138,0.457,122.863,4
spotify:track:2ThaHV10xrAcL2WfqXyLnp,"Symphony","Mercury - Acts 1 & 2","Imagine Dragons",2022-07-01,175833,64,false,raphaelfr17,2024-09-18T05:09:50Z,"","Kid Ina Korner / Interscope",0.662,0.64,7,-5.223,1,0.0742,0.0227,0,0.142,0.921,90.002,4
spotify:track:5CLrEjpbnLl0cHaSBQprlC,"Stargazing (feat. Bergen Philharmonic Orchestra) - Orchestral Version","Stargazing (feat. Bergen Philharmonic Orchestra) [Orchestral Version]","Kygo;Justin Jesso;Bergen Philharmonic Orchestra",2017-12-07,230457,40,false,nicmf,2024-09-18T05:10:17Z,"tropical house,balé,música clássica,orquestral,expressionismo","Kygo",0.541,0.322,5,-13.628,1,0.0333,0.287,0,0.103,0.348,95.407,4
spotify:track:2J4P46vCFm1rPkNkp9pZWX,"Ice Cream (with Selena Gomez)","Ice Cream (with Selena Gomez)","BLACKPINK;Selena Gomez",2020-08-28,175813,65,false,nicmf,2024-09-19T02:31:47Z,"k-pop","YG Entertainment/Interscope Records",0.79,0.729,9,-3.843,1,0.334,0.0342,0.0000931,0.0411,0.904,159.989,4
spotify:track:5eidQ2a9PjtJYi3ihWch5u,"Aqui no mar","A Pequena Sereia (Trilha Sonora Original em Português)","Alan Menken;André Filho",2022-04-22,195146,49,false,nicmf,2024-09-19T03:10:46Z,"","Walt Disney Records",0.688,0.542,5,-9.967,1,0.17,0.747,0,0.0813,0.879,99.95,4
spotify:track:3rHUpjfq9JjrfaTsEAmQBC,"Choose Your Battles","PRISM (Deluxe)","Katy Perry",2013-10-18,267311,43,false,nicmf,2024-09-19T16:18:27Z,"pop","Capitol Records (CAP)",0.713,0.838,7,-5.915,1,0.0865,0.0248,0.00000106,0.0646,0.285,104.012,3
spotify:track:0S9JEbBKzkPOqMgEgZxXXh,"Iphone Fourteen","Só pra Tu Lembrar de Mim","MC Teteu;2Click;Dj Serpinha",2023-02-17,150480,58,true,nicmf,2024-09-20T01:40:17Z,"funk","2click Produções",0.72,0.661,2,-5.663,0,0.245,0.686,0,0.33,0.759,130.143,4
spotify:track:1s9xuJxhYM0LdVqksjegcg,"Fairly Local","Blurryface","Twenty One Pilots",2015-05-15,207160,67,false,nicmf,2024-09-20T01:47:09Z,"","Fueled By Ramen",0.715,0.723,6,-5.993,0,0.0569,0.0396,0.0000857,0.084,0.479,114.985,4
spotify:track:7dZ1Odmx9jWIweQSatnRqo,"Million Reasons","Joanne (Deluxe)","Lady Gaga",2016-10-21,205280,78,false,nicmf,2024-09-20T02:09:10Z,"art pop,pop","Interscope",0.666,0.423,0,-8.012,1,0.0429,0.494,0,0.106,0.154,129.893,4
spotify:track:1x3W8RZxW94lrVGhP95qA6,"You Are The Reason - Duet Version","Only Human (Special Edition)","Calum Scott;Leona Lewis",2018-11-30,190760,73,false,nicmf,2024-09-20T02:09:38Z,"o lado suave do pop","Capitol Records",0.395,0.356,10,-7.547,1,0.0299,0.38,0,0.148,0.15,171.431,3
spotify:track:3lzUeaCbcCDB5IXYfqWRlF,"Silent Hill","Mr. Morale & The Big Steppers","Kendrick Lamar;Kodak Black",2022-05-13,220779,67,true,nicmf,2024-09-20T02:32:40Z,"hip hop,west coast hip hop","pgLang/Top Dawg Entertainment/Aftermath/Interscope Records",0.907,0.577,1,-6.737,0,0.0767,0.438,0.0000319,0.137,0.801,140.07,4
spotify:track:4pAl7FkDMNBsjykPXo91B3,"Needed Me","ANTI (Deluxe)","Rihanna",2016-01-28,191600,86,true,nicmf,2024-09-20T02:40:27Z,"","Roc Nation / Rihanna",0.697,0.315,5,-8.091,0,0.234,0.11,0,0.0825,0.298,110.872,4
spotify:track:4Oyl6oYSNeeZZP0OAxPVaU,"Message Man","Blurryface","Twenty One Pilots",2015-05-15,240080,68,false,nicmf,2024-09-20T02:43:41Z,"","Fueled By Ramen",0.715,0.838,2,-6.077,0,0.118,0.0897,0,0.15,0.497,120.007,4
spotify:track:3l9CW99AHtExIRV4hW2N5m,"Misery Business","Riot!","Paramore",2007-06-12,211520,82,false,raphaelfr17,2024-09-20T02:49:06Z,"pop punk,emo","Atlantic Records UK",0.517,0.906,1,-3.677,1,0.0735,0.00272,0.00000926,0.113,0.731,172.977,4
spotify:track:0RZyUsKfiC7MtiGKatCtGc,"Misery","Hands All Over (Revised International Standard version)","Maroon 5",2010,216200,72,false,nicmf,2024-09-20T02:49:27Z,"pop","Interscope Records*",0.703,0.81,4,-4.874,0,0.0425,0.000315,0,0.216,0.726,102.981,4
spotify:track:1WIGGd7w3ecJWvNnaXgm1B,"aff...","aff...","Elana Dara",2021-04-09,164471,46,false,nicmf,2024-09-20T02:59:47Z,"pop nacional","WM Brazil",0.659,0.53,2,-7.751,0,0.0462,0.0255,0,0.183,0.383,98.045,4
spotify:track:4j3X4KX8rURekAVIFUhI23,"Perfect","No Pads, No Helmets...Just Balls (15th Anniversary Tour Edition)","Simple Plan",2002-03-19,277026,77,false,nicmf,2024-09-20T03:22:54Z,"pop punk,punk,emo","Rhino Atlantic",0.494,0.672,3,-4.877,1,0.0405,0.0273,0,0.105,0.557,156.208,4
spotify:track:1xtw1krCR6Dw2KwkXw5z63,"The Smallest Man Who Ever Lived","THE TORTURED POETS DEPARTMENT: THE ANTHOLOGY","Taylor Swift",2024-04-19,245541,73,true,raphaelfr17,2024-09-20T03:44:07Z,"","Taylor Swift",0.426,0.41,10,-9.083,1,0.0581,0.52,0,0.338,0.263,142.377,1
spotify:track:0QnONzv3TvHAWk294h6DaQ,"Last Kiss","Last Kiss + Soldier of Love","Pearl Jam",1999,195466,80,false,raphaelfr17,2024-09-20T03:56:53Z,"grunge,rock,post-grunge","Epic",0.622,0.692,7,-6.97,1,0.0276,0.363,0.000158,0.193,0.774,112.053,4
spotify:track:7tU2wWq28P5ytOZ9diWnMy,"Kinda Crazy","Rare (Deluxe)","Selena Gomez",2020-04-09,212436,39,false,nicmf,2024-09-20T03:59:09Z,"","Interscope Records",0.69,0.446,11,-10.313,0,0.0477,0.483,0.00503,0.183,0.52,93.03,4
spotify:track:3JGtEMktx8XnEVjVUYgU0M,"I Knew It, I Know You","The Secret of Us","Gracie Abrams",2024-06-21,252920,60,false,nicmf,2024-09-20T04:26:57Z,"","Gracie Abrams, under exclusive license to Interscope Records",0.316,0.441,3,-6.68,1,0.0315,0.743,0,0.12,0.331,80.563,4
spotify:track:1Wbq7dDw7Ag2qgMpFy38Mo,"Los Peces en el Rio","The Essential Gipsy Kings","Gipsy Kings",2012-08-27,198893,28,false,nicmf,2024-09-20T04:53:56Z,"flamenco","Sony Music CG",0.449,0.791,11,-9.417,1,0.0861,0.293,0,0.0758,0.388,119.891,4
spotify:track:5MUZhMWlbypeWFeRY4sE2l,"Adiós","Revelación - EP","Selena Gomez",2021-03-12,130143,51,false,nicmf,2024-09-20T04:54:52Z,"","Selena Gomez Latin Project",0.816,0.686,1,-5.344,1,0.0697,0.0768,0.0119,0.123,0.587,90.998,4
spotify:track:5XKI4NsHro5B7NLj1h9xFr,"Kiss & Tell","Kiss & Tell","Selena Gomez & The Scene",2009-01-01,197120,38,false,nicmf,2024-09-20T04:55:25Z,"","Hollywood Records",0.493,0.923,2,-3.526,1,0.109,0.000125,0,0.38,0.667,100.081,4
spotify:track:6cuHkcRUqtQhtJ4sWCkd1q,"Jokerman","Infidels","Bob Dylan",1983-11-01,378398,54,false,nicmf,2024-09-20T04:56:08Z,"folk rock,folk,cantor e compositor,rock raiz","Columbia",0.664,0.65,10,-11.168,1,0.0444,0.234,0.000282,0.16,0.775,134.986,4
spotify:track:4y4spB9m0Q6026KfkAvy9Q,"Lonely (with benny blanco)","Lonely (with benny blanco)","Justin Bieber;benny blanco",2020-10-16,149297,72,true,nicmf,2024-09-20T05:08:15Z,"","Friends Keep Secrets/Def Jam Recordings/Interscope Records",0.631,0.239,11,-7.071,0,0.0398,0.864,0,0.116,0.0927,79.859,4
spotify:track:4v7DCN09hgXkKazefkznDQ,"Lonely","Trouble Deluxe Edition","Akon",2005-01-01,235800,86,true,nicmf,2024-09-20T05:08:47Z,"","SRC Records",0.634,0.526,5,-7.881,0,0.0333,0.339,0,0.257,0.623,90.087,4
spotify:track:3fThJeLP5BpIxhnChJgojw,"La Fille aux Cheveux de Lin (From 24 Preludes, L. 117)","Study: 111 Peças De Música Clássica Para Estudar (Portuguese)","Claude Debussy;Albrecht Mayer;Academy of St. Martin in the Fields;Mathias Mönius",2013-01-01,158864,37,false,nicmf,2024-09-20T05:10:27Z,"impressionismo,música clássica,piano clássico,barroco,concerto,música de câmara,orquestral","Decca (UMO)",0.138,0.0475,10,-24.866,1,0.0469,0.987,0.942,0.0724,0.0382,68.195,3
spotify:track:1nl13AcSpiCKdbkhtvJoo7,"Maria Maria","Clube Da Esquina 2","Milton Nascimento",1978-01-02,184466,61,false,nicmf,2024-09-21T21:13:51Z,"mpb,bossa nova,jazz brasileiro","EMI Music Brasil Ltda",0.468,0.612,8,-8.168,1,0.0382,0.61,0.00000123,0.0672,0.767,128.693,4
spotify:track:4tqOaLJdXjWi4OaFSKIT2R,"Maria","Radical Optimism","Dua Lipa",2024-05-03,187682,64,false,nicmf,2024-09-21T21:14:02Z,"pop","Warner Records",0.707,0.575,1,-7.098,0,0.0376,0.13,0,0.271,0.366,127.009,4
spotify:track:0ByMNEPAPpOR5H69DVrTNy,"Don't Stop The Music","Good Girl Gone Bad: Reloaded","Rihanna",2008-06-02,267080,91,false,nicmf,2024-09-21T21:27:29Z,"","Def Jam Recordings",0.834,0.669,6,-5.582,0,0.0637,0.0341,0.0000718,0.0535,0.547,122.669,4
spotify:track:0pg4ptWsO9eMH6nEhrM9fD,"Stop And Stare","Dreaming Out Loud","OneRepublic",2007-11-20,223853,70,false,nicmf,2024-09-21T21:28:01Z,"","Mosley / Interscope",0.492,0.859,4,-4.274,1,0.0332,0.067,0,0.0756,0.251,92.474,4
spotify:track:7MKHjs2QBeFrfCso2YWuy8,"Isso","A Melhor Banda De Todos Os Tempos Da Última Semana","Titãs",2001-04-04,160466,56,false,nicmf,2024-09-21T21:29:51Z,"rock brasileiro,mpb,pop nacional","Ariola",0.623,0.794,4,-5.773,1,0.0268,0.0312,0,0.294,0.57,99.873,4
spotify:track:3C0nOe05EIt1390bVABLyN,"On The Floor","Love?","Jennifer Lopez;Pitbull",2011-04-29,284866,93,false,nicmf,2024-09-21T21:31:56Z,"","Nuyorican Productions / IDJ",0.73,0.777,3,-5.194,0,0.0496,0.105,0.000486,0.0691,0.575,130.003,4
spotify:track:094RugjgLW6CdPLOJctBZ3,"Boom Clap","SUCKER","Charli xcx",2015-02-09,169866,67,false,nicmf,2024-09-21T21:42:55Z,"hyperpop,art pop","Asylum",0.659,0.911,4,-2.28,1,0.0786,0.154,0.000304,0.191,0.576,91.999,4
spotify:track:1jN0ysNJ2d9VZwVdlgspjr,"De 10 Mulher 11 É Maluca","De 10 Mulher 11 É Maluca","MC Saci;MC Fahah;DJ Sammer;Dj Lc",2023-10-18,115384,65,true,nicmf,2024-09-21T21:46:07Z,"funk de bh,funk","eumcsaci",0.675,0.565,1,-3.303,1,0.433,0.491,0.0000333,0.0595,0.802,122.094,4
spotify:track:03rhu2vIylSFLUagt7wi5D,"I Will Never Let You Down","I Will Never Let You Down","Rita Ora",2014-03-31,203466,70,false,nicmf,2024-09-21T21:48:02Z,"","Roc Nation Records, LLC",0.754,0.801,4,-3.215,1,0.0297,0.404,0,0.128,0.794,128.004,4
spotify:track:5GHY1DFWKz3Prg2V0Iodqo,"Nothing Compares 2 U","I Do Not Want What I Haven't Got","Sinéad O'Connor",1990-07-01,280040,81,false,nicmf,2024-09-21T21:56:09Z,"","Chrysalis Records",0.512,0.574,5,-7.016,1,0.0273,0.0425,0.0000231,0.105,0.161,119.917,4
spotify:track:3ZffCQKLFLUvYM59XKLbVm,"Wake Me up When September Ends","American Idiot","Green Day",2004-09-21,285653,83,false,nicmf,2024-09-21T22:03:18Z,"punk,pop punk","Reprise",0.546,0.814,7,-5.146,1,0.0314,0.023,0,0.0972,0.146,104.98,4
spotify:track:2PFMuPLfNUm9ICFOcv1MhC,"Daddy Issues","Tell Me You Love Me","Demi Lovato",2017-09-29,189933,47,true,nicmf,2024-09-21T22:04:57Z,"","Island Records",0.614,0.772,9,-6.811,1,0.0802,0.0194,0.00000149,0.243,0.243,100.018,4
spotify:track:5U3MkUWTpzj37A33GboDtv,"Singin' In The Rain","Singin' in the Rain (Original Motion Picture Soundtrack)","Gene Kelly",1952-04-11,294066,58,false,raphaelfr17,2024-09-21T22:05:08Z,"musicais","WaterTower Music",0.354,0.241,5,-13.811,1,0.0334,0.889,0.000274,0.165,0.408,135.646,4
spotify:track:5aeoM8FvMyrMuQW3RgshPa,"Rain and Memories","Hits Brasil","Dave Maclean",2006-07-02,203023,25,false,nicmf,2024-09-21T22:06:19Z,"","Central Park Records [dist. Tratore]",0.278,0.561,2,-8.451,1,0.0475,0.787,0.00616,0.166,0.395,152.366,4
spotify:track:6jHvX8ZnHKC1PnrPMJ0Emt,"Cigarette Daydreams","Melophobia","Cage The Elephant",2013-10-08,208760,78,false,nicmf,2024-09-21T22:08:28Z,"","UMC (Universal Music Catalogue)",0.636,0.676,2,-3.442,1,0.0263,0.0807,0,0.0831,0.273,113.98,4
spotify:track:4435IXzAIDxcaZaUUKBDx6,"Disco Inferno","What's Love Got to Do with It?","Tina Turner",1993,245466,50,false,nicmf,2024-09-21T22:09:31Z,"","Parlophone UK",0.736,0.733,1,-9.098,1,0.0306,0.162,0.0000874,0.308,0.965,131.212,4
spotify:track:5XN9jwDlXAZ8j5nMcK7S1d,"Now","War & Leisure","Miguel",2017-12-01,249633,52,false,nicmf,2024-09-21T22:24:28Z,"r&b","ByStorm Entertainment/RCA Records",0.451,0.518,0,-9.149,1,0.116,0.716,0,0.102,0.411,111.827,4
spotify:track:7wBUQJRmiESmwyheKmmsPW,"Sofridas por Minuto - Ao Vivo","Sofridas por Minuto","Vitor e Luan;Marília Mendonça",2019,154323,3,false,nicmf,2024-09-21T22:33:19Z,"sertanejo,sertanejo universitário,piseiro,arrocha,agronejo,forró","Vitor & Luan",0.68,0.585,10,-4.227,0,0.0284,0.733,0,0.76,0.654,116.097,4
spotify:track:10D4f2Eiqb5Dxl2tfeh3O4,"Repeating Days","Sometime Last Night (Special Edition)","R5",2015-01-01,340360,32,false,nicmf,2024-09-21T22:46:27Z,"","Hollywood Records",0.456,0.524,4,-6.834,0,0.0614,0.114,0.00000211,0.11,0.0694,93.987,3
spotify:track:0GveBAWrZhjP0BN2FpFuhC,"She - She / English Version 1 - Theme from the TV Series ""Seven faces of Woman""","A Tapestry Of Dreams","Charles Aznavour",1974-01-01,155026,63,false,nicmf,2024-09-21T23:35:03Z,"chanson,variété française,jazz francês","Universal Music Division Barclay",0.359,0.493,1,-5.439,1,0.0293,0.371,0,0.105,0.332,128.238,4
spotify:track:2iw8eoMJGCteCgxtRE6OgO,"Let's Split - EP Version","In Love With A Boy EP","Kaya Stewart",2015-07-10,165013,7,false,nicmf,2024-09-21T23:45:53Z,"","Warner Records",0.69,0.811,7,-4.929,1,0.0272,0.219,0,0.163,0.595,94.039,4
spotify:track:1k3PzDNjg38cWqOvL4M9vq,"Invisible","Taylor Swift (Deluxe Edition)","Taylor Swift",2006-10-24,203226,55,false,nicmf,2024-09-21T23:51:00Z,"","Taylor Swift",0.612,0.394,7,-5.723,1,0.0243,0.637,0,0.147,0.233,96.001,4
spotify:track:7BHPGtpuuWWsvE7cCaMuEU,"Naive","Inside In / Inside Out","The Kooks",2006-01-01,203506,81,false,nicmf,2024-09-21T23:51:18Z,"indie,indie rock","Virgin Records",0.394,0.808,8,-6.209,0,0.0853,0.0759,0,0.149,0.736,100.649,4
spotify:track:2Y0iGXY6m6immVb2ktbseM,"Little Dark Age","Little Dark Age","MGMT",2018-02-09,299933,82,false,nicmf,2024-09-22T00:04:11Z,"indie","Columbia",0.705,0.712,6,-6.156,1,0.0385,0.0102,0.000855,0.1,0.62,97.512,4
spotify:track:3YuaBvuZqcwN3CEAyyoaei,"Like a Stone","Audioslave","Audioslave",2002-11-17,293960,86,false,raphaelfr17,2024-09-22T00:33:47Z,"grunge,post-grunge,metal alternativo","Epic/Interscope",0.614,0.568,7,-5.477,0,0.0276,0.00797,0,0.0997,0.516,107.849,4
spotify:track:7kC97zPE0PxrcItXyGdk8P,"Paper Thin","Lianne La Havas","Lianne La Havas",2020-07-17,298720,57,false,nicmf,2024-09-22T00:34:05Z,"r&b alternativo,soul,pop soul","Warner Records",0.714,0.243,0,-13.513,1,0.0478,0.646,0.212,0.11,0.504,125.834,4
spotify:track:0sXvjZV7p4uvyPN4uQo3FH,"Neon Gravestones","Trench","Twenty One Pilots",2018-10-05,240266,64,false,nicmf,2024-09-22T01:29:45Z,"","Fueled By Ramen",0.73,0.427,11,-9.834,0,0.138,0.379,0.000309,0.0893,0.392,149.45,3
spotify:track:2K9kZpwD2CzTa6iiSYYOoO,"Leão","Decretos Reais, Vol. 2","Marília Mendonça",2022-12-09,166774,71,false,nicmf,2024-09-22T01:33:33Z,"sertanejo,sertanejo universitário,arrocha,forró","Som Livre",0.743,0.865,6,-3.897,1,0.0315,0.449,0.00000305,0.297,0.794,129.999,4
spotify:track:38MpAndIjGAyVdcC6npX95,"Infiel - Ao Vivo","Marília Mendonça (Ao Vivo)","Marília Mendonça",2016-03-04,201904,74,false,nicmf,2024-09-22T01:33:43Z,"sertanejo,sertanejo universitário,arrocha,forró","Som Livre",0.852,0.684,4,-5.915,0,0.0377,0.686,0.0000176,0.145,0.616,126.08,4
spotify:track:3QDMOnNZKEUrKNniv3LNmz,"Kiss On My List","The Very Best of Daryl Hall / John Oates","Daryl Hall & John Oates",2001-01-23,263306,47,false,nicmf,2024-09-22T01:49:49Z,"yacht rock,soft rock","RCA Records Label",0.804,0.74,0,-9.491,1,0.029,0.201,0.0122,0.063,0.968,121.72,4
spotify:track:0UvCh63URrLFcPkKt99hHd,"Don't Look Back in Anger - Remastered","(What's The Story) Morning Glory? [Remastered]","Oasis",1995-10-02,289560,82,false,nicmf,2024-09-22T01:50:41Z,"britpop","Big Brother",0.327,0.938,0,-3.237,1,0.0636,0.0707,0.00000379,0.148,0.327,162.933,4
spotify:track:48lxT5qJF0yYyf2z4wB4xW,"Pedro","Pedro","Jaxomy;Agatino Romero;Raffaella Carrà",2024-03-29,144562,77,false,raphaelfr17,2024-09-22T01:56:43Z,"","Columbia/B1 Recordings/Ultra Records",0.788,0.936,9,-6.294,1,0.301,0.0229,0.0000013,0.311,0.844,151.019,4
spotify:track:19QGIdhhRCB303eGVUQyZM,"Auto-reverse","Nunca Tem Fim (Standard)","O Rappa",2013-08-15,285066,76,false,nicmf,2024-09-22T02:01:17Z,"rock brasileiro,mpb,pop nacional,hip hop brasileiro,reggae","WM Brazil",0.668,0.848,6,-3.94,0,0.0435,0.0363,0.0000568,0.071,0.773,95.494,4
spotify:track:1VCJ7vk3Y2DoJIAEOXe3V8,"Last Kiss","Speak Now (Deluxe Package)","Taylor Swift",2010-01-01,367146,52,false,nicmf,2024-09-22T02:02:20Z,"","Taylor Swift",0.359,0.329,10,-9.531,1,0.0293,0.581,0.0000375,0.0979,0.208,84.358,3
spotify:track:3B5UbSndRz907IZhhmUfLi,"Count on Me","Doo-Wops & Hooligans","Bruno Mars",2010-05-11,197469,78,false,nicmf,2024-09-22T02:03:35Z,"","Elektra (NEK)",0.589,0.389,0,-5.972,1,0.028,0.851,0,0.0772,0.501,89.1,4
spotify:track:0aASUtDb1N96NJDwmWj5Gf,"Anna Júlia","Los Hermanos","Los Hermanos",1999-06-05,212200,73,false,nicmf,2024-09-22T02:08:07Z,"rock brasileiro,mpb,nova mpb,pop nacional","Ariola",0.427,0.817,3,-5.196,1,0.0385,0.0445,0.0000167,0.0801,0.458,148.234,4
spotify:track:0xmjwnQ3FNE6HuWCt2nHdZ,"Where Is The Love?","Elephunk","Black Eyed Peas",2003-06-24,272533,88,false,nicmf,2024-09-22T02:12:48Z,"","A&M",0.834,0.699,5,-3.222,1,0.178,0.111,0,0.131,0.809,94.086,4
spotify:track:6rKr29yPKnQNhOxXMYvE9Y,"Ruin","Illuminate","Shawn Mendes",2017-04-20,241893,59,false,nicmf,2024-09-22T02:46:00Z,"","Island Records",0.687,0.382,2,-6.68,1,0.0314,0.383,0,0.109,0.528,124.987,3
spotify:track:5SehvGGC53A7SZKCLXQcyt,"Nico and the Niners","Trench","Twenty One Pilots",2018-10-05,225040,71,false,nicmf,2024-09-22T02:48:05Z,"","Fueled By Ramen",0.728,0.602,9,-7.748,0,0.185,0.0699,0.00000701,0.318,0.328,140.081,4
spotify:track:2VhwmatY3oeJI5IOjeIUmr,"Amigos (con Maria Becerra)","La cuarta hoja (Extended Version)","Pablo Alborán;Maria Becerra",2023-01-31,233755,31,false,nicmf,2024-09-22T02:50:10Z,"pop latino,trap argentino","WM Spain",0.721,0.814,11,-3.459,0,0.045,0.28,0,0.0531,0.944,157.002,4
spotify:track:2tGvwE8GcFKwNdAXMnlbfl,"happier","SOUR","Olivia Rodrigo",2021-05-21,175933,87,true,nicmf,2024-09-22T02:53:23Z,"","Olivia Rodrigo PS",0.395,0.443,6,-9.72,1,0.133,0.765,0.00000967,0.0839,0.338,168.924,3
spotify:track:2RttW7RAu5nOAfq6YFvApB,"Happier","÷ (Deluxe)","Ed Sheeran",2017-03-03,207520,79,false,nicmf,2024-09-22T02:53:57Z,"o lado suave do pop","Atlantic Records UK",0.522,0.385,0,-7.355,1,0.0288,0.536,0,0.135,0.236,89.792,4
spotify:track:0x0WRiku91kc8XM9c8iEaD,"Alegria, Alegria","Caetano (Série Grandes Nomes Vol. 1)","Caetano Veloso",1995-01-01,168533,44,false,nicmf,2024-09-22T02:55:12Z,"mpb,bossa nova,samba","Universal Music Ltda.",0.33,0.468,6,-9.419,1,0.0279,0.252,0,0.15,0.76,100.815,4
spotify:track:2psRActEWsTlYYd7EDoyVR,"Those Eyes","Based On A True Story...","New West",2023-10-20,220750,86,false,nicmf,2024-09-22T02:57:00Z,"","Republic Records",0.594,0.348,4,-8.297,1,0.0285,0.709,0.0000212,0.317,0.248,120.048,3
spotify:track:6oeH43PTfJ9GUe6y4prH0m,"recaída","solta","GIULIA BE",2020-05-15,124560,48,false,nicmf,2024-09-22T02:58:11Z,"pop nacional","WM Brazil",0.692,0.636,8,-6.522,0,0.102,0.308,0,0.101,0.921,94.097,4
spotify:track:6DsFZITJMPnh8z5XewfVmL,"Raging (feat. Kodaline)","Raging (feat. Kodaline)","Kygo;Kodaline",2016-04-01,224486,59,false,nicmf,2024-09-22T03:02:06Z,"tropical house","Kygo",0.55,0.689,3,-7.76,0,0.094,0.0498,0,0.207,0.408,99.904,4
spotify:track:6Q5wVfCWCn5xVtcaAezqsV,"I'm The Map!","Dora The Explorer","Dora The Explorer",2004-09-28,30826,29,false,raphaelfr17,2024-09-22T03:05:37Z,"música infantil","Nick Records",0.79,0.642,4,-9.359,1,0.0825,0.689,0.248,0.0779,0.943,67.503,3
spotify:track:7AS9YnTmsHJ9oe39MpHBdZ,"Skibidi Bop Yes Yes Yes","Skibidi Bop Yes Yes Yes","ELEPS",2023-02-06,216000,22,false,raphaelfr17,2024-09-22T03:19:57Z,"dubstep,deathstep,drumstep,riddim","ELEPS",0.507,0.886,6,-4.455,0,0.125,0.000214,0.769,0.145,0.153,112.595,1
spotify:track:3SQnlHuE183bM4NJKpEky7,"Symbolism","turi ip ip ip","Electro-Light",2022-06-23,293300,0,false,nicmf,2024-09-22T03:21:08Z,"","NCS",0.555,0.782,4,-7.967,1,0.0469,0.171,0.806,0.0703,0.419,169.966,4
spotify:track:0mBKv9DkYfQHjdMcw2jdyI,"Chunky","24K Magic","Bruno Mars",2016-11-18,186973,77,false,raphaelfr17,2024-09-22T03:27:48Z,"","Atlantic Records",0.571,0.539,5,-4.446,0,0.116,0.0208,0,0.125,0.727,202.103,4
spotify:track:0nyKIW8tfXLMZRR8rMMu4s,"Hino Nacional Brasileiro","Hinos do Nosso Brasil","Orquestra de Música Popular do Corpo de Bombeiros",2001-07-15,215899,0,false,nicmf,2024-09-22T03:31:53Z,"","CID",0.487,0.307,5,-11.248,1,0.0363,0.718,0,0.262,0.68,122.203,4
spotify:track:2ygMBIctKIAfbEBcT9065L,"Pump It","Monkey Business","Black Eyed Peas",2005-01-01,213066,88,true,raphaelfr17,2024-09-22T03:42:24Z,"","Interscope",0.648,0.931,1,-3.15,0,0.181,0.00937,0,0.752,0.744,153.649,4
spotify:track:0EMAzKGOFxJgG9vHsm7ciF,"Eu Vou Machucar Só um Pouquinho X Catucando Gostosinho","Eu Vou Machucar Só um Pouquinho X Catucando Gostosinho","JC NO BEAT;MC Teteu;DJ F7",2022-01-14,173538,0,true,nicmf,2024-09-22T03:47:23Z,"funk,funk bruxaria","TRATTO ENTRETENIMENTOS / LOVE FUNK & 2CLICK PRODUÇÕES",0.717,0.655,1,-5.187,1,0.473,0.0531,0,0.272,0.151,129.911,4
spotify:track:2AjPFi6CcjGXlvt1rkrDRD,"Chave Cópia","Clube Do Araújo (Vol. 1)","Felipe Araújo;Grupo Menos É Mais",2021-10-29,155504,53,false,nicmf,2024-09-22T03:53:45Z,"sertanejo,sertanejo universitário,pagode,arrocha,samba","Universal Music Ltda.",0.625,0.79,8,-4.864,1,0.0385,0.653,0,0.196,0.544,138.089,4
spotify:track:2CEgGE6aESpnmtfiZwYlbV,"Dynamite","The Rokstarr Hits Collection","Taio Cruz",2010-01-01,202613,79,false,nicmf,2024-09-22T04:02:24Z,"","Universal-Island Records Ltd.",0.751,0.781,4,-3.724,1,0.0862,0.0039,0,0.036,0.814,119.977,4
spotify:track:0bPP5cDG1ZnbAVCEa3ZbQ1,"Só Fé","É o Grelo","Grelo",2024-07-19,203337,65,false,nicmf,2024-09-22T04:04:54Z,"seresta,arrocha,piseiro,forró,brega,sertanejo","Henrique & Juliano",0.872,0.696,7,-8.565,0,0.0357,0.511,0.000386,0.195,0.62,138.004,4
spotify:track:2NnSYdNhqye00il4nRB4tj,"Nocaute","Os Anjos Cantam","Jorge & Mateus",2015-03-23,167240,75,false,nicmf,2024-09-22T04:06:10Z,"sertanejo,sertanejo universitário,arrocha,agronejo","Som Livre",0.692,0.502,0,-8.817,1,0.0444,0.359,0,0.0811,0.757,93.498,4
spotify:track:4UPcXTh26ilb7owtuyHqNI,"Keep Holding On","The Best Damn Thing (Expanded Edition)","Avril Lavigne",2007-04-17,239906,67,false,nicmf,2024-09-22T17:43:50Z,"","RCA Records Label",0.162,0.786,7,-2.353,1,0.038,0.0374,0,0.143,0.138,161.192,3
spotify:track:1dxqk42KIlMyrSawZ5YjBE,"KEEP IT UP","WHO CARES?","Rex Orange County",2022-03-11,183000,58,false,raphaelfr17,2024-09-22T17:41:06Z,"bedroom pop","Rex Orange County",0.708,0.477,8,-7.297,1,0.0565,0.292,0.00000175,0.255,0.733,149.929,4
spotify:track:3OXpdrHLT4IqM76RajgM6Q,"drugs","i think you think too much of me","EDEN",2016-08-19,338333,60,true,nicmf,2024-09-22T17:55:56Z,"","MCMXCV (EDEN)",0.484,0.444,4,-6.935,0,0.0636,0.601,0,0.238,0.226,144.21,4
spotify:track:14tKBoKXxGakkoEmYuFfor,"The Perfect Drug","Lost Highway","Nine Inch Nails",1997-02-18,315440,58,false,raphaelfr17,2024-09-22T17:56:23Z,"rock industrial,industrial,metal industrial,metal alternativo,nu metal","Interscope",0.627,0.883,5,-8.988,0,0.0946,0.0207,0.00364,0.323,0.252,149.024,4
spotify:track:2epbL7s3RFV81K5UhTgZje,"Lemon Tree","Dish of the Day","Fools Garden",1995-01-01,191026,81,false,raphaelfr17,2024-09-22T17:56:32Z,"","BMG Rights Management GmbH",0.663,0.477,1,-8.839,1,0.0414,0.644,0,0.122,0.643,143.173,4
spotify:track:6vc2Jq2vaGu8z326kSrw92,"Your Love Is My Drug","Animal (Expanded Edition)","Kesha",2010-01-01,187133,82,false,nicmf,2024-09-22T17:56:39Z,"","RCA Records Label",0.826,0.612,1,-3.891,1,0.0982,0.00681,0,0.0889,0.756,120.057,4
spotify:track:10I09MLZCY4pK37XxAfkw0,"True - 2003 Remaster","True (Special Edition)","Spandau Ballet",1983-02-25,393386,76,false,nicmf,2024-09-23T00:20:16Z,"new wave,synthpop","Parlophone UK",0.777,0.521,0,-8.443,1,0.0277,0.359,0.11,0.0594,0.335,97.623,4
spotify:track:0NIIKjRSjFVfjkgcgWlgQu,"John Doe (feat. Priscilla)","Underground Luxury","B.o.B;Priscilla",2013-12-16,212005,41,false,nicmf,2024-09-23T00:25:25Z,"bossa nova","Rebel Rock/Grand Hustle/Atlantic",0.722,0.697,10,-7.083,1,0.0404,0.239,0,0.062,0.487,120.132,4
spotify:track:1rPCgtaIF0CyKRgAwhtpbF,"Adore","Adore","Amy Shark",2016-11-04,184999,50,false,nicmf,2024-09-23T00:41:41Z,"","Wonderlick",0.592,0.438,1,-10.054,1,0.0391,0.193,0,0.0564,0.259,67.445,4
spotify:track:75JFxkI2RXiU7L9VXzMkle,"The Scientist","A Rush of Blood to the Head","Coldplay",2002-08-27,309600,91,false,raphaelfr17,2024-09-23T00:46:17Z,"","Parlophone Records Limited",0.557,0.442,5,-7.224,1,0.0243,0.731,0.0000146,0.11,0.213,146.277,4
spotify:track:42ldaCJSwLjmuPQXXyycbM,"Mamma Maria (Mamma Maria)","Back To New Wave - Vol. 1","Grafite",1995-05-01,189826,53,false,nicmf,2024-09-23T00:56:06Z,"rock brasileiro,pop nacional","Columbia",0.883,0.514,4,-13.693,0,0.0409,0.0528,0.00000614,0.125,0.904,135.85,4
spotify:track:5QDLhrAOJJdNAmCTJ8xMyW,"Dynamite","BE","BTS",2020-11-20,199053,86,false,nicmf,2024-09-23T00:57:32Z,"k-pop","BIGHIT MUSIC",0.746,0.765,6,-4.41,0,0.0993,0.0112,0,0.0936,0.737,114.044,4
spotify:track:6LteLVcW0oWLjuW6nePyWb,"The Fault in Our Stars","The Fault in Our Stars","Troye Sivan",2013-05-05,187194,50,false,nicmf,2024-09-23T01:00:11Z,"","Troye Sivan Records",0.481,0.179,3,-21.424,1,0.109,0.613,0.0000284,0.145,0.405,74.85,4
spotify:track:6rsMGJv5piqYpZwA0xhh1h,"Fita Adesiva","Fita Adesiva","Banda Novo Som MT",2023-12-28,213969,0,false,nicmf,2024-09-23T01:31:30Z,"","Banda Novo som mt",0.638,0.742,1,-8.057,1,0.138,0.707,0,0.145,0.513,128.891,4
spotify:track:01VATSJaCq2JZneLFkIKBN,"Frances","Kansas Anymore","ROLE MODEL",2024-07-19,232360,60,false,nicmf,2024-09-23T01:33:52Z,"","Interscope Records",0.565,0.288,9,-9.291,1,0.0303,0.758,0,0.251,0.334,75.647,4
spotify:track:76FZM38RC8XaAjJ77CVTNe,"Into You","Dangerous Woman","Ariana Grande",2016-04-01,244453,89,false,nicmf,2024-09-23T01:45:47Z,"pop","Universal Records",0.623,0.734,9,-5.948,1,0.107,0.0162,0.00000175,0.145,0.37,107.853,4
spotify:track:10M2Ex445zw585Ducldzkw,"In Case You Didn't Know","Brett Young","Brett Young",2017-02-10,224853,78,false,nicmf,2024-09-23T02:21:39Z,"country","Big Machine Label Group, LLC",0.607,0.536,10,-7.306,1,0.0302,0.386,0,0.102,0.436,147.992,4
spotify:track:39cmB3ZoTOLwOTq7tMNqKa,"Hear Me Now","Hear Me Now (feat. Zeeba)","Alok;Zeeba;Bruno Martini",2016-10-21,194840,82,false,nicmf,2024-09-23T02:35:02Z,"brazilian bass,eletronic,slap house,eletrohouse,pop nacional","Spinnin' Records",0.778,0.463,11,-7.603,1,0.0389,0.546,0.00289,0.0731,0.496,121.999,4
spotify:track:2Ep5yZhBqHfwg0Lj4BlNKb,"English Love Affair","5 Seconds Of Summer","5 Seconds of Summer",2014-06-27,180922,65,false,nicmf,2024-09-23T02:35:42Z,"","Capitol",0.529,0.86,8,-4.517,1,0.115,0.0127,0,0.346,0.869,150.003,4
spotify:track:1j5N75y26nH2l0uPa9JlKe,"O Sol","Adrenalizou","Vitor Kley",2018-10-18,211447,68,false,nicmf,2024-09-23T02:37:16Z,"pop nacional,mpb,nova mpb","Midas Music",0.62,0.694,6,-4.253,0,0.0261,0.0303,0,0.117,0.631,97.483,4
spotify:track:0FDzzruyVECATHXKHFs9eJ,"A Sky Full of Stars","Ghost Stories","Coldplay",2014-05-16,267866,92,false,nicmf,2024-09-23T02:53:29Z,"","Parlophone UK",0.545,0.675,6,-6.474,1,0.0279,0.00617,0.00197,0.209,0.162,124.97,4
spotify:track:0pQskrTITgmCMyr85tb9qq,"Starman - 2012 Remaster","The Rise and Fall of Ziggy Stardust and the Spiders from Mars (2012 Remaster)","David Bowie",1972-06-06,254293,84,false,raphaelfr17,2024-09-23T02:53:57Z,"glam rock,art rock","Parlophone UK",0.486,0.449,5,-10.298,1,0.0267,0.166,0.00000223,0.54,0.549,100.456,4
spotify:track:3kdMzXOcrDIdSWLdONHNK5,"The Sky Is A Neighborhood","Concrete and Gold","Foo Fighters",2017-09-15,244570,66,false,nicmf,2024-09-23T02:53:57Z,"post-grunge,rock,rock alternativo,grunge","RCA Records Label",0.357,0.549,11,-7.843,0,0.0698,0.000798,0.00485,0.22,0.531,130.749,4
spotify:track:5zbutV48aKhYIUOdAuGAuX,"O Astronauta de Mármore (Starman)","Cardume","Nenhum De Nós",1987-02-17,195533,71,false,nicmf,2024-09-23T02:54:59Z,"rock brasileiro,pop nacional,mpb,pop rock","Sony BMG Music Entertainment",0.644,0.637,5,-5.75,1,0.0284,0.65,0,0.181,0.575,107.333,4
spotify:track:3sP3c86WFjOzHHnbhhZcLA,"Give Your Heart a Break","Unbroken","Demi Lovato",2011-01-01,205346,79,false,nicmf,2024-09-23T02:57:56Z,"","Hollywood Records",0.651,0.695,6,-3.218,1,0.0487,0.23,0,0.144,0.569,123.008,4
spotify:track:2sEk5R8ErGIFxbZ7rX6S2S,"How to Be a Heartbreaker","Electra Heart (Deluxe)","MARINA",2012-04-27,221493,74,false,nicmf,2024-09-23T02:58:18Z,"","Atlantic Records UK",0.69,0.897,11,-4.696,0,0.0506,0.0142,0,0.108,0.849,140.05,4
spotify:track:5K6Ssv4Z3zRvxt0P6EKUAP,"Heartbreak Anthem (with David Guetta & Little Mix)","Heartbreak Anthem (with David Guetta & Little Mix)","Galantis;David Guetta;Little Mix",2021-05-20,183725,68,false,raphaelfr17,2024-09-23T02:58:23Z,"edm","Big Beat Records",0.595,0.784,1,-4.878,1,0.102,0.216,0,0.0608,0.479,124.111,4
spotify:track:1V6gIisPpYqgFeWbMLI0bA,"Heart Attack","Demi","Demi Lovato",2013-01-01,210840,86,false,nicmf,2024-09-23T02:59:15Z,"","Hollywood Records",0.504,0.785,8,-4.802,1,0.104,0.0738,0,0.239,0.502,173.968,4
spotify:track:5rWIO1uP0GwAoU45RTBJ2F,"Gotta Go My Own Way","High School Musical 2 (Original Soundtrack)","Zac Efron;Vanessa Hudgens;Disney",2007-01-01,222360,72,false,nicmf,2024-09-23T03:00:57Z,"musicais","Walt Disney Records",0.555,0.692,9,-4.767,1,0.0277,0.0864,0.0000325,0.232,0.313,88.995,4
spotify:track:0WFBj3ipeiY76wuP2aHhcd,"Loud","Louder","R5",2013-01-01,206813,44,false,nicmf,2024-09-23T03:07:53Z,"","Hollywood Records",0.616,0.841,1,-4.161,0,0.0463,0.0306,0.00000266,0.289,0.466,89.949,4
spotify:track:6YAm8QE7F8ARY4WerEnkK1,"A Galinha D'Angola","Arca De Noe 2","Ney Matogrosso",2009-01-01,158933,22,false,nicmf,2024-09-23T03:18:13Z,"mpb,samba","Universal Music Ltda.",0.749,0.767,7,-9.178,1,0.0684,0.607,0.00176,0.325,0.781,108.509,4
spotify:track:3QgiaaUjAG9GZ3Gqew7O3D,"Here I Am","Camp Rock","Renee Sandstrom",2008-01-01,224960,56,false,nicmf,2024-09-23T04:33:39Z,"","Walt Disney Records",0.475,0.8,3,-3.455,1,0.0336,0.134,0,0.187,0.431,143.091,4
spotify:track:58XWGx7KNNkKneHdprcprX,"Rock You Like A Hurricane","Love At First Sting","Scorpions",1984-03-27,252493,78,false,raphaelfr17,2024-09-23T04:35:27Z,"hard rock,glam metal,rock","Mercury Records",0.482,0.617,4,-12.931,0,0.0458,0.00543,0.000146,0.284,0.718,125.697,4
spotify:track:4kSMjkuDsXkrEqTPXQ3qlG,"Falei Nada","Falei Nada","Mc 2k",2016,163683,43,false,nicmf,2024-09-23T04:49:42Z,"funk","Produtora X",0.933,0.537,8,-7.274,1,0.463,0.0858,0.0138,0.0934,0.502,132.031,4
spotify:track:2xebCnKCjYWBhJ4Ai8hO5E,"Set dos Casados","Set dos Casados","Mc Davi;Mc Kevin;Mc Don Juan;MC Hariel;MC Marks;MC G15;Mc Phe Cachorrera;Gaab;MC Menor da VG;MC Ryan SP;MC Kapela;Perera DJ;Veiga no Beat",2021-09-17,643200,73,true,nicmf,2024-09-23T05:12:51Z,"funk,funk consciente,trap funk,pagode","GR6 Music",0.581,0.384,4,-7.618,0,0.295,0.325,0,0.0953,0.149,199.884,4
spotify:track:1u3wTtKBqcmmqN9zjZq5Py,"Watching You","Watching You - EP","Robinson and The Romantics",2020-02-21,190650,38,false,nicmf,2024-09-24T00:35:53Z,"","Ministry of Sound Recordings",0.709,0.466,6,-7.305,1,0.0382,0.124,0,0.133,0.22,110.021,4
spotify:track:3TFoEJe5zNuHZStRboWPxg,"People Watching","Superache","Conan Gray",2022-06-24,158536,73,false,raphaelfr17,2024-09-24T00:36:00Z,"","Republic Records",0.53,0.592,5,-7.281,1,0.0534,0.381,0,0.294,0.544,125.721,4
spotify:track:0DiDStADDVh3SvAsoJAFMk,"Only Human","Happiness Begins","Jonas Brothers",2019-06-07,183000,76,false,nicmf,2024-09-24T01:44:07Z,"","Jonas Brothers Recording",0.795,0.496,0,-5.883,1,0.0721,0.107,0,0.0645,0.873,94.01,4
spotify:track:44FCnmXPGrEYBxrQrbD5pT,"Clifford The Big Red Dog - Main Theme","Clifford The Big Red Dog - Main Theme","Geek Music",2019-03-06,143507,35,false,nicmf,2024-09-24T01:48:11Z,"anime","Geek Music",0.86,0.591,9,-10.861,1,0.041,0.637,0.000442,0.12,0.805,133.935,4
spotify:track:4IqcDJPzDL8Hq8KwAX4jUE,"human","head or heart","Christina Perri",2014-03-28,250706,72,false,nicmf,2024-09-24T01:50:15Z,"o lado suave do pop","Atlantic Records",0.439,0.489,8,-6.286,1,0.0368,0.132,0.000643,0.114,0.253,143.808,4
spotify:track:5hnocGPZifLgu8DUMcbyaY,"Hakuna Matata","O Rei Leão (Trilha Sonora Original em Português)","Ivan Parente;Glauco Marques;João Vitor Mafra;Ícaro Silva",2019-07-10,251520,60,false,nicmf,2024-09-24T01:51:22Z,"canção de ninar","Walt Disney Records",0.566,0.549,0,-10.423,1,0.176,0.429,0.00000271,0.202,0.563,167.016,4
spotify:track:1CmUZGtH29Kx36C1Hleqlz,"Thrift Shop (feat. Wanz)","Thrift Shop (feat. Wanz)","Macklemore & Ryan Lewis;Macklemore;Ryan Lewis;Wanz",2013-01-14,235613,71,true,nicmf,2024-09-24T01:52:41Z,"g-funk,west coast hip hop","Macklemore",0.781,0.526,6,-6.985,0,0.293,0.0619,0,0.0457,0.662,94.992,4
spotify:track:1ue7zm5TVVvmoQV8lK6K2H,"Pretty Girl","Pretty Girl","Maggie Lindemann",2016-09-30,219428,66,true,nicmf,2024-09-24T02:10:19Z,"","300 Entertainment",0.456,0.764,10,-3.584,1,0.148,0.298,0,0.229,0.383,124.971,5
spotify:track:5rgy6ghBq1eRApCkeUdJXf,"We Are Young (feat. Janelle Monáe)","Some Nights","fun.;Janelle Monáe",2012-02-14,250626,87,false,nicmf,2024-09-24T02:52:01Z,"r&b alternativo","Fueled By Ramen",0.378,0.638,10,-5.576,1,0.075,0.02,0.0000766,0.0849,0.735,184.086,4
spotify:track:4rTPLtqJxa4UtCBkdMwSp6,"Whatever","KYGO","Kygo;Ava Max",2024-06-21,178273,74,false,raphaelfr17,2024-09-24T02:54:57Z,"tropical house","Kygo/RCA Records",0.58,0.77,0,-5.724,0,0.0579,0.117,0,0.334,0.624,108,4
spotify:track:3DGar7krWlmrXRFHBcQF6z,"Whenever (feat. Conor Maynard)","Whenever (feat. Conor Maynard)","Kris Kross Amsterdam;The Boy Next Door;Conor Maynard",2018-06-22,163636,60,true,nicmf,2024-09-24T02:55:46Z,"música holandesa","Spinnin' Records",0.734,0.765,7,-5.562,1,0.0621,0.151,0,0.231,0.518,109.989,4
spotify:track:2QjOHCTQ1Jl3zawyYOpxh6,"Sweater Weather","I Love You.","The Neighbourhood",2013-04-22,240400,96,false,raphaelfr17,2024-09-24T03:11:34Z,"","Columbia",0.612,0.807,10,-2.81,1,0.0336,0.0495,0.0177,0.101,0.398,124.053,4
spotify:track:05GsNucq8Bngd9fnd4fRa0,"Begin Again (Taylor's Version)","Red (Taylor's Version)","Taylor Swift",2021-11-12,238866,73,false,nicmf,2024-09-24T03:45:01Z,"","Taylor Swift",0.519,0.527,7,-7.673,1,0.0274,0.075,0,0.132,0.267,78.915,4
spotify:track:5wANPM4fQCJwkGd4rN57mH,"drivers license","SOUR","Olivia Rodrigo",2021-05-21,242013,89,true,raphaelfr17,2024-09-24T03:48:09Z,"","Olivia Rodrigo PS",0.561,0.431,10,-8.81,1,0.0578,0.768,0.0000142,0.106,0.137,143.875,4
spotify:track:7fJFDK6XjYsXcMKNHESbot,"Fun (feat. Tove Lo)","A Head Full of Dreams","Coldplay",2015-12-04,267533,60,false,raphaelfr17,2024-09-24T03:52:47Z,"","Parlophone UK",0.485,0.735,0,-5.125,1,0.0354,0.271,0.00000749,0.0853,0.216,134.021,4
spotify:track:1TEjSXPdAakDotj2Wji3PU,"Hot N Cold","One Of The Boys","Katy Perry",2008-06-17,220226,81,false,nicmf,2024-09-24T04:11:06Z,"pop","Capitol Records",0.706,0.842,7,-3.956,1,0.0417,0.0000773,0,0.0688,0.861,132.032,4
spotify:track:6GqesoY3jZD9BqT1v4UEmk,"I Believe","Desire, I Want To Turn Into You","Caroline Polachek",2023-02-14,247375,50,false,nicmf,2024-09-24T04:14:52Z,"art pop","Perpetual Novice",0.673,0.625,2,-8.281,1,0.0294,0.0964,0.00376,0.141,0.406,129.965,4
spotify:track:3iof6EclqePezHDibBiykI,"Oceano","Djavan","Djavan",1989-03-25,296106,75,false,nicmf,2024-09-26T23:58:40Z,"mpb","Columbia",0.666,0.479,7,-9.286,1,0.0247,0.546,0.000609,0.286,0.151,92.865,3
spotify:track:6eJnLYAzvJQaMGN4WshgcO,"Devil Trigger v","Devil Trigger v","Edward Archives",2010-09-19,405288,0,true,raphaelfr17,2024-09-27T00:20:45Z,"","CAPCOMA",0.497,0.952,6,-5.939,1,0.372,0.000198,0.35,0.11,0.239,159.929,4
spotify:track:5vSyBKGgP8DwErMptrUmL7,"Com Mais De 30","Jesus Cristo","Claudya",1971-01-01,162933,50,false,nicmf,2024-09-27T00:58:20Z,"","EMI Brazil",0.665,0.747,0,-6.745,1,0.0309,0.126,0,0.0721,0.669,90.628,4
spotify:track:3z6XUommYDWPHeFhmhhT6j,"Message In A Bottle (Taylor's Version) (From The Vault)","Red (Taylor's Version)","Taylor Swift",2021-11-12,225960,75,false,raphaelfr17,2024-09-27T01:43:54Z,"","Taylor Swift",0.622,0.791,7,-6.106,1,0.0535,0.00188,0.00000372,0.083,0.494,115.915,4
spotify:track:5OCJzvD7sykQEKHH7qAC3C,"God is a woman","Sweetener","Ariana Grande",2018-08-17,197546,85,true,nicmf,2024-09-27T01:46:55Z,"pop","Republic Records",0.602,0.658,1,-5.934,1,0.0558,0.0233,0.00006,0.237,0.268,145.031,4
spotify:track:2lz3zjQ5QCVXiyOzIk02vW,"Die For You","Die For You","VALORANT;Grabbitz",2021-11-22,212926,5,false,raphaelfr17,2024-09-27T01:48:24Z,"dubstep","Riot Games",0.598,0.705,11,-5.462,1,0.0333,0.0826,0.000018,0.133,0.104,95.018,4
spotify:track:1ZLtE9tSJdaUiIJ9YoKHQe,"Decode","Decode","Paramore",2008-11-04,261959,83,false,raphaelfr17,2024-09-27T01:51:10Z,"pop punk,emo","Atlantic Records",0.28,0.87,10,-4.219,0,0.0592,0.000686,0.00608,0.101,0.284,164.057,4
spotify:track:5rohUzwEoRsUvAA1Bf3DLo,"Dos Oruguitas","Encanto (Original Motion Picture Soundtrack)","Sebastian Yatra",2021-11-19,214613,72,false,nicmf,2024-09-27T01:51:40Z,"pop colombiano,reggaeton","Walt Disney Records",0.423,0.355,0,-10.565,1,0.0454,0.761,0,0.0915,0.465,93.788,4
spotify:track:6ufP2MQuUZ2s3PFXVGE6Bd,"À Sua Maneira (De Música Ligeira)","Rosas e Vinho Tinto","Capital Inicial",2002,301466,71,false,nicmf,2024-09-27T01:57:00Z,"rock brasileiro,mpb,pop nacional,pop rock","Ariola",0.628,0.762,11,-6.017,0,0.0264,0.00581,0.0000684,0.39,0.247,110.01,4
spotify:track:5TXDeTFVRVY7Cvt0Dw4vWW,"Revenge","17","XXXTENTACION",2017-08-25,120026,83,true,raphaelfr17,2024-09-27T01:58:22Z,"rap emo","Bad Vibes Forever / EMPIRE",0.746,0.251,11,-16.169,0,0.259,0.782,0.00203,0.106,0.18,139.999,4
spotify:track:4uzUuDjoufcBXYZ27CsLIF,"Roses","Illuminate (Deluxe)","Shawn Mendes",2017-04-20,232200,59,false,nicmf,2024-09-27T01:58:43Z,"","Island Records",0.568,0.489,0,-6.771,1,0.0369,0.4,0,0.117,0.268,78.763,4
spotify:track:6khDguAo8XXW1h0u7xofYk,"I Can Only. (feat. Alessia Cara)","Mad Love. (Deluxe)","JoJo;Alessia Cara",2016-10-14,200760,39,false,nicmf,2024-09-27T01:59:18Z,"","Atlantic Records",0.641,0.878,7,-4.605,0,0.0505,0.0181,0,0.115,0.335,114.075,4
spotify:track:3X003bO0MMxXEsJJxidiig,"How Long Will I Love You","Halcyon Nights","Ellie Goulding",2012-10-12,154440,69,false,nicmf,2024-09-27T02:08:43Z,"","UMC (Universal Music Catalogue)",0.509,0.299,0,-9.26,1,0.0321,0.289,0.00109,0.117,0.174,125.754,5
spotify:track:7gHs73wELdeycvS48JfIos,"Faded","Faded","Alan Walker",2015-12-04,212626,78,false,nicmf,2024-09-27T02:40:49Z,"","Kreatell Music",0.589,0.651,6,-5.097,1,0.0306,0.0291,0.0000032,0.111,0.166,90.011,4
spotify:track:2glGP8kEfACgJdZ86kWxhN,"Are You With Me - Radio Edit","Less Is More","Lost Frequencies",2016-10-21,138013,4,false,raphaelfr17,2024-09-27T02:46:42Z,"tropical house","Ultra Records, LLC",0.763,0.608,5,-8.1,0,0.035,0.262,0.000025,0.12,0.393,121.02,4
spotify:track:5Nm9ERjJZ5oyfXZTECKmRt,"Stay With Me","In The Lonely Hour","Sam Smith",2014-05-26,172723,85,false,nicmf,2024-09-27T02:46:50Z,"o lado suave do pop","PLG - Capitol",0.413,0.42,0,-6.444,1,0.0416,0.588,0.0000639,0.11,0.185,84.126,4
spotify:track:0TAmnCzOtqRfvA38DDLTjj,"Little Things","Take Me Home (Expanded Edition)","One Direction",2012-11-12,219040,75,false,nicmf,2024-09-27T03:02:55Z,"","Syco Music",0.709,0.22,7,-11.856,1,0.0327,0.811,0,0.175,0.53,110.076,4
spotify:track:36Fxu8OfgUiUohixW29gTZ,"Cup Of Tea","Pageant Material","Kacey Musgraves",2015-06-23,160026,40,false,nicmf,2024-09-27T03:03:04Z,"","Lost Highway/IGA",0.646,0.501,11,-9.409,1,0.0335,0.422,0.000164,0.132,0.607,114.948,4
spotify:track:51mbch71RGppuz0LTX5Gnu,"Ta Tendo Disputa pra Botar na Pipokinha","Ta Tendo Disputa pra Botar na Pipokinha","MC Pipokinha;DJ PAVANELLO",2023-01-19,196480,9,true,nicmf,2024-09-27T03:04:38Z,"funk","Mansão Mandela Oficial",0.941,0.721,7,-3.782,1,0.273,0.64,0.00468,0.15,0.753,129.951,4
spotify:track:4ASA1PZyWGbuc4d9N8OAcF,"Eu Gosto Assim - Ao Vivo","Eu Gosto Assim (Ao Vivo)","Gustavo Mioto;Mari Fernandez",2022-09-16,148800,67,false,nicmf,2024-09-27T03:18:45Z,"sertanejo,sertanejo universitário,arrocha,agronejo,piseiro,forró","Universal Music Ltda.",0.636,0.909,0,-3.685,1,0.0439,0.149,0,0.719,0.61,154.189,4
spotify:track:01lCLYjMmA6ixKpmpPxOBU,"Alo, Alo","That Is!","Carmen Miranda",1929-12-17,164720,2,false,nicmf,2024-09-27T03:25:28Z,"","Universal Digital Enterprises",0.636,0.466,2,-14.38,0,0.043,0.909,0.31,0.149,0.827,121.219,4
spotify:track:3lSDIJ2abCrOdDJ6pshUap,"Close","Last Year Was Complicated","Nick Jonas;Tove Lo",2016-06-10,234213,73,false,nicmf,2024-09-27T03:44:01Z,"","Safehouse Records / Island Records",0.654,0.623,6,-5.273,0,0.082,0.253,0,0.144,0.401,123.996,4
spotify:track:1AdYZ6X00nXmO613Y7GJOl,"I Miss You","blink-182","blink-182",2003-11-01,227250,74,false,nicmf,2024-09-27T23:37:42Z,"pop punk,punk,skate punk,rock,emo","Geffen",0.423,0.714,11,-8.295,1,0.045,0.00113,0.00000628,0.0855,0.593,110.017,4
spotify:track:7JPQnsEfbXDNf1fo4djmZF,"Like A Rolling Stone - Edit","The Rolling Stones Singles Box Set (1971-2006) [Sampler]","The Rolling Stones",2011-01-01,261226,49,false,nicmf,2024-09-28T00:31:41Z,"rock clássico,rock","Polydor Records",0.207,0.919,0,-4.39,1,0.0846,0.0119,0.0000744,0.293,0.424,204.555,4
spotify:track:2yR2sziCF4WEs3klW1F38d,"KEEP UP","KEEP UP // FROSTBITE","Odetari",2024-07-17,133226,78,true,raphaelfr17,2024-09-28T00:40:08Z,"hyperpop","APG, Inc. - Odetari II",0.476,0.829,10,-3.806,0,0.0658,0.0172,0.00916,0.167,0.505,139.198,4
spotify:track:0nCfCedKIf6EjWFt55AXum,"Clouds (with Sabrina Carpenter)","CLOUDS (Music From The Disney+ Original Movie)","Fin Argus;Sabrina Carpenter",2020-10-16,185687,48,false,nicmf,2024-09-28T01:05:59Z,"pop","Wayfarer Studios/Interscope Records",0.583,0.633,2,-7.662,1,0.0279,0.571,0.000816,0.156,0.379,95.037,4
spotify:track:0pwYLVXVknPSGUQb39cePC,"As Long As You Love Me","Believe (Deluxe Edition)","Justin Bieber;Big Sean",2012-06-15,229466,74,false,nicmf,2024-09-28T01:19:26Z,"","RBMG/Def Jam",0.571,0.873,0,-3.382,0,0.1,0.0811,0,0.361,0.613,139.691,4
spotify:track:3WGsYiBXmaT8XyY4Fmry2v,"Big Jet Plane","Down the Way","Angus & Julia Stone",2010-03-30,239146,27,false,nicmf,2024-09-28T01:43:25Z,"","Nettwerk",0.762,0.387,10,-8.643,0,0.0277,0.239,0.00756,0.13,0.274,109.959,4
spotify:track:5oIVNm56t6OIf9ZjdEG3ud,"Coincidence","Short n' Sweet","Sabrina Carpenter",2024-08-23,164202,74,false,nicmf,2024-09-28T01:43:41Z,"pop","Island Records",0.418,0.815,9,-6.216,1,0.125,0.362,0,0.125,0.758,77.862,4
spotify:track:6w0z1xJrJZoAwx76tuP3JW,"Anjos de Plantão","Ivo Mozart","Ivo Mozart;Doncesão",2013-09-04,200175,48,false,nicmf,2024-09-28T01:59:10Z,"mpb,hip hop brasileiro,boom bap","Ivo Mozart",0.702,0.921,7,-4.647,0,0.0554,0.269,0,0.137,0.629,89.993,4
spotify:track:17VP4tofJ3evJbtY8Tk1Qi,"il vento d'oro","JOJO'S BIZARRE ADVENTURE -Golden Wind O.S.T vol.1 Overture","Yugo Kanno",2018-12-19,295575,68,false,raphaelfr17,2024-09-28T02:25:21Z,"anime","ワーナー ブラザース ジャパン",0.491,0.915,11,-4.834,1,0.143,0.00652,0.125,0.0906,0.582,134.947,4
spotify:track:4wD26eXkRWjtldvPhjAEgx,"Georgia (2023 Remaster)","Silk Degrees (2023 Remaster)","Boz Scaggs",1976-02-18,236790,55,false,nicmf,2024-09-28T02:25:37Z,"yacht rock,aor","Columbia/Legacy",0.448,0.645,0,-11.011,1,0.0301,0.115,0.0585,0.275,0.712,135.718,4
spotify:track:6Fha6tXHkL3r9m9nNqQG8p,"Georgia","Dream Your Life Away","Vance Joy",2014-09-08,230506,59,false,nicmf,2024-09-28T02:26:41Z,"folk pop","F-Stop Records/Atlantic",0.388,0.66,11,-7.372,1,0.0308,0.312,0.000307,0.0943,0.401,143.554,4
spotify:track:7bXlUbUvMs1kKr6ynIISCd,"Sola","Sola","Becky G",2016-06-24,235066,56,false,nicmf,2024-09-28T02:27:44Z,"reggaeton,latino","Kemosabe Records/RCA Records/Sony Music Latin",0.685,0.779,4,-3.912,0,0.0571,0.111,0.000104,0.421,0.513,95.021,4
spotify:track:1Y3LN4zO1Edc2EluIoSPJN,"Until I Found You (with Em Beihold) - Em Beihold Version","Until I Found You (Em Beihold Version)","Stephen Sanchez;Em Beihold",2022-04-22,176440,80,false,raphaelfr17,2024-09-28T02:27:59Z,"","Republic Records",0.551,0.55,10,-5.339,1,0.0286,0.777,0,0.202,0.342,101.19,3
spotify:track:0WCiI0ddWiu5F2kSHgfw5S,"Take It Off","Animal (Expanded Edition)","Kesha",2010-01-01,215200,79,false,nicmf,2024-09-28T02:28:25Z,"","RCA Records Label",0.729,0.675,5,-5.292,0,0.0286,0.0000414,0.00126,0.0867,0.74,125.036,4
spotify:track:3fgehc497TFqKH1zBL2YNK,"Heavy Is the Crown","Heavy Is the Crown","Linkin Park",2024-09-24,167012,75,false,raphaelfr17,2024-09-28T02:29:23Z,"nu metal,rap metal,rock,metal alternativo","Warner Records",0.571,0.928,4,-3.725,0,0.0453,0.00932,0,0.297,0.489,127.939,4
spotify:track:0w3ijrVQ2Q4U0guO2WhKaE,"Someday","Greatest Hits","Michael Learns To Rock",2010-02-19,245773,50,false,nicmf,2024-09-28T02:30:27Z,"","Parlophone Denmark",0.527,0.902,2,-5.346,1,0.035,0.0218,0.00000197,0.113,0.677,82.014,4
spotify:track:3XF5xLJHOQQRbWya6hBp7d,"you should see me in a crown","WHEN WE ALL FALL ASLEEP, WHERE DO WE GO?","Billie Eilish",2019-03-29,180952,78,false,nicmf,2024-09-28T02:30:55Z,"","Darkroom/Interscope Records",0.678,0.533,4,-10.485,1,0.186,0.462,0.219,0.139,0.323,150.455,4
spotify:track:37Q5anxoGWYdRsyeXkkNoI,"Heaven Is A Place On Earth","Greatest Vol.1 - Belinda Carlisle","Belinda Carlisle",1987,246520,11,false,nicmf,2024-09-28T02:31:44Z,"","Crimson",0.64,0.852,1,-8.119,0,0.0345,0.0243,0.00000182,0.0497,0.793,122.902,4
spotify:track:0WHi11uzahqpEtPGYCW6oQ,"If I Killed Someone For You","Narrated For You","Alec Benjamin",2018-11-16,185122,73,false,nicmf,2024-09-28T02:46:31Z,"","2018",0.514,0.605,7,-5.363,1,0.0337,0.774,0.00000291,0.121,0.409,120.894,4
spotify:track:0IWx0635a2mVHCLazQFKlj,"Minha Versão","Minha Versão","Iuri Ribeiro;João Neto & Frederico",2023-01-13,157060,3,false,nicmf,2024-09-28T02:47:07Z,"sertanejo,sertanejo universitário,sertanejo tradicional,agronejo,arrocha","WSTF",0.625,0.913,11,-3.533,0,0.0735,0.511,0,0.095,0.879,163.961,4
spotify:track:43JngJ3vMsaTL8SiRwEYQp,"Too Old To Die Young","Quentin Tarantino’s Django Unchained Original Motion Picture Soundtrack","Brother Dege",2012-01-01,223213,50,false,nicmf,2024-09-28T02:49:49Z,"gótico do sul,country blues,blues rock","Loma Vista",0.735,0.578,2,-6.329,0,0.0292,0.0477,0.00023,0.231,0.736,111.99,4
spotify:track:7GgWAITsYJaRM3r50rfh5w,"When We Were Young","25","Adele",2015-11-20,290900,76,false,nicmf,2024-09-28T02:50:04Z,"o lado suave do pop","XL Recordings",0.376,0.595,3,-5.936,1,0.0496,0.303,0,0.095,0.265,144.361,4
spotify:track:7EQGXaVSyEDsCWKmUcfpLk,"Die Young","Warrior (Expanded Edition)","Kesha",2012-11-30,211920,86,false,nicmf,2024-09-28T02:51:35Z,"","Kemosabe Records/RCA Records",0.711,0.7,1,-4.805,0,0.046,0.00498,0.000125,0.215,0.801,128.001,4
spotify:track:6mB6JCafQPA5RgpIcPNkxQ,"Ela é demais","Mil Vezes Cantarei","Rick & Renner;Continental",1998-04-14,216000,68,false,nicmf,2024-09-28T02:53:54Z,"sertanejo tradicional,sertanejo,brega","WM Brazil",0.655,0.564,5,-6.355,1,0.0303,0.799,0,0.197,0.415,140.053,4
spotify:track:1CYGnHaB4MbYIIfUuh9uOe,"Beijos, Blues E Poesia","K-Sis","Cassis",2005-01-01,200400,46,false,raphaelfr17,2024-09-28T02:54:31Z,"pop nacional,rock brasileiro","EMI Brazil",0.679,0.647,8,-4.792,1,0.0262,0.423,0.00000334,0.121,0.236,117.937,4
spotify:track:5yZvaUVyuXfSVUaMumFi6l,"Runnin' (Lose It All)","Runnin' (Lose It All)","Naughty Boy;Beyoncé;Arrow Benjamin",2015-09-17,213019,71,false,nicmf,2024-09-28T02:57:42Z,"","Virgin Records Ltd",0.319,0.846,6,-6.109,1,0.0796,0.0103,0.0000411,0.475,0.0784,139.163,4
spotify:track:4tKGFmENO69tZR9ahgZu48,"Murder On The Dancefloor","Read My Lips (Deluxe Version)","Sophie Ellis-Bextor",2002-06-06,230013,84,false,nicmf,2024-09-28T02:58:41Z,"","Polydor Records",0.73,0.849,1,-5.281,0,0.0299,0.00234,0.0000257,0.312,0.887,117.308,4
spotify:track:6O20JhBJPePEkBdrB5sqRx,"Diamonds","Unapologetic (Deluxe)","Rihanna",2012-12-11,225146,81,false,nicmf,2024-09-28T03:08:00Z,"","Def Jam Recordings",0.562,0.709,11,-4.92,0,0.0424,0.00124,0,0.109,0.401,91.958,4
spotify:track:57yeWyaoeTt26p0dlEZukQ,"Spectrum (Say My Name) - Calvin Harris Remix","Ceremonials","Florence + The Machine;Calvin Harris",2011,218190,75,false,nicmf,2024-09-28T03:12:04Z,"pop barroco,edm","Universal-Island Records Ltd.",0.579,0.946,11,-3.85,0,0.0482,0.00225,0.00412,0.0966,0.588,126.088,4
spotify:track:2u96akbqgCRtkjfLMYrgZo,"Don't You (Forget About Me) - Remastered 2001","Celebrate (Greatest Hits / Expanded Edition)","Simple Minds",2013-03-25,260773,5,false,nicmf,2024-09-28T03:27:09Z,"new wave","Virgin Catalogue",0.666,0.788,2,-7.02,1,0.0276,0.0884,0.0628,0.298,0.675,111.257,4
spotify:track:5QTxFnGygVM4jFQiBovmRo,"(Don't Fear) The Reaper","Agents Of Fortune","Blue Öyster Cult",1976,308123,82,false,raphaelfr17,2024-09-28T03:27:35Z,"rock clássico,hard rock","Columbia",0.333,0.927,9,-8.55,0,0.0733,0.0029,0.000208,0.297,0.385,141.466,4
spotify:track:0WbMK4wrZ1wFSty9F7FCgu,"Good Luck, Babe!","Good Luck, Babe!","Chappell Roan",2024-04-05,218423,92,false,nicmf,2024-09-28T03:44:06Z,"","Chappell Roan PS/ Island",0.7,0.582,11,-5.96,0,0.0356,0.0502,0,0.0881,0.785,116.712,4
spotify:track:4mWahKerLaVddUjb8d1Q4Q,"The Man Who Sold the World - 2015 Remaster","The Man Who Sold the World (2015 Remaster)","David Bowie",1970-11-04,241346,71,false,raphaelfr17,2024-10-02T01:59:30Z,"glam rock,art rock","Parlophone UK",0.474,0.387,2,-14.416,0,0.0305,0.642,0.00557,0.143,0.545,118.486,4
spotify:track:4lLtanYk6tkMvooU0tWzG8,"Grenade","Doo-Wops & Hooligans","Bruno Mars",2010-05-11,222091,85,false,raphaelfr17,2024-10-02T21:39:39Z,"","Elektra (NEK)",0.704,0.558,2,-7.273,0,0.0542,0.148,0,0.107,0.245,110.444,4
spotify:track:4ZVdUrCuEr6cB3UrotAI8x,"Lei Maria da Moda","Lei Maria da Moda","Markim WF;Mano Julin",2021-08-10,142478,21,true,nicmf,2024-10-02T23:23:13Z,"funk,funk de bh","A2M Produtora",0.889,0.909,6,-3.578,1,0.0966,0.187,0,0.183,0.963,130.086,4
spotify:track:4nHSECgh13DeUEtpw0axFC,"Rebeca","Rebeca","Mc Livinho;Gerex;Maejor",2018-03-02,202000,51,false,nicmf,2024-10-02T23:23:27Z,"funk,funk carioca,zouk","GR6 Music",0.6,0.534,6,-7.12,0,0.0432,0.0448,0,0.617,0.154,144.981,4
spotify:track:2YpeDb67231RjR0MgVLzsG,"Old Town Road (feat. Billy Ray Cyrus) - Remix","7","Lil Nas X;Billy Ray Cyrus",2019-06-21,157066,83,false,nicmf,2024-10-09T16:18:26Z,"","Columbia",0.878,0.619,6,-5.56,1,0.102,0.0533,0,0.113,0.639,136.041,4
spotify:track:6kPJZM97LwdG9QIsT7khp6,"Solo (feat. Demi Lovato)","Solo (feat. Demi Lovato)","Clean Bandit;Demi Lovato",2018-05-17,222653,77,false,nicmf,2024-10-04T17:59:31Z,"","Atlantic Records UK",0.737,0.636,11,-4.546,0,0.0437,0.0441,0.0000666,0.35,0.565,105.005,4
spotify:track:754zNJgoWQaGETFzSYVlmC,"Is It Just Me? (feat. JP Cooper)","Is It Just Me?","Emily Burns;JP Cooper",2020-12-04,203300,54,true,nicmf,2024-10-04T18:05:10Z,"","Universal-Island Records Ltd.",0.478,0.339,4,-7.355,1,0.0544,0.688,0,0.104,0.288,145.441,4
spotify:track:4JSDMODQLLa35g8PsOM26o,"Only a Human","Staying at Tamara's","George Ezra",2018-03-23,214474,43,true,raphaelfr17,2024-10-04T19:56:01Z,"","Columbia",0.53,0.371,7,-6.617,0,0.0276,0.765,0,0.14,0.389,76.031,1
spotify:track:1sTsuZTdANkiFd7T34H3nb,"Human","Day & Age (Bonus Tracks)","The Killers",2008-11-18,245373,81,false,raphaelfr17,2024-10-04T19:57:49Z,"rock alternativo","Island Records",0.557,0.8,10,-8.477,1,0.0601,0.00132,0.0012,0.0906,0.582,135.47,4
spotify:track:7MXlTgQeo3IVlMpLnZuhxc,"It's Time","Night Visions","Imagine Dragons",2012-09-04,240306,78,false,raphaelfr17,2024-10-04T20:05:59Z,"","Kid Ina Korner / Interscope",0.656,0.884,2,-4.748,1,0.0372,0.016,0,0.144,0.858,105.009,4
spotify:track:6BOgN046AFobs2sZV7YlRy,"Wake Up","LOOM","Imagine Dragons",2024-06-28,166706,71,false,raphaelfr17,2024-10-09T16:22:09Z,"","KIDinaKORNER/Interscope Records",0.772,0.724,1,-3.965,1,0.0391,0.0115,0.000253,0.122,0.69,108.982,4
spotify:track:3OEer2dQj1eWhSqxatGiru,"Revenge (feat. Eminem)","Beautiful Trauma","P!nk;Eminem",2017-10-13,226159,57,true,nicmf,2024-10-09T17:10:26Z,"rap,hip hop","RCA Records Label",0.725,0.749,10,-7.474,0,0.356,0.0452,0,0.175,0.761,87.03,4
spotify:track:062dM8PV1qTh14i6Z2lK0O,"I'm Your GPU (From ""Astro's Playroom"" Soundtrack)","Astro's Playroom (Original Video Game Soundtrack)","Kenneth C M Young",2021-03-12,270476,39,false,raphaelfr17,2024-10-09T19:25:24Z,"","Sony Classical",0.666,0.803,10,-10.292,0,0.0369,0.00787,0.235,0.192,0.744,125.99,4
spotify:track:5aw75LeCaYxFj38vpmCpnH,"Tasty","Tasty","Anarbor",2020-10-23,189954,22,false,nicmf,2024-10-09T20:11:16Z,"pop punk","Anarbor",0.638,0.742,6,-7.161,1,0.0498,0.0802,0,0.118,0.206,109.98,4
spotify:track:5G2f63n7IPVPPjfNIGih7Q,"Taste","Short n' Sweet","Sabrina Carpenter",2024-08-23,157279,88,false,nicmf,2024-10-09T20:11:24Z,"pop","Island Records",0.674,0.907,3,-4.086,1,0.064,0.101,0,0.297,0.721,112.964,4
spotify:track:6NqqSZOu3N3q1wmi4ALFIQ,"Canção Proerd","Canções Proerd","Diácono Adaildo Santos",2024-03-25,165511,22,true,raphaelfr17,2024-10-09T21:18:52Z,"","Diácono Adaildo Santos",0.768,0.827,8,-8.346,1,0.0433,0.688,0.00194,0.28,0.899,120.055,4
spotify:track:08DT31MI1LZJocO78D7oES,"The Marrow Song","The Billy Cotton Band Show","Billy Cotton & His Band",1900-01-29,173989,21,false,raphaelfr17,2024-10-09T21:48:57Z,"big band","Leverage",0.824,0.235,10,-19.522,1,0.199,0.856,0,0.347,0.936,128.848,4
spotify:track:2LNVLmk30brSlvNXHP3d6E,"Dear Winter","Neotheater","AJR",2019-04-26,168125,39,true,raphaelfr17,2024-10-09T21:57:26Z,"","Black Butter",0.633,0.217,5,-9.717,1,0.045,0.789,0,0.293,0.546,94.13,4
spotify:track:6IvOCyrwW7VuCjQFCD7h7r,"Make You Believe","A Cinderella Story: Once Upon A Song (Original Motion Picture Soundtrack)","Lucy Hale",2011-09-06,211666,56,false,nicmf,2024-10-09T22:14:11Z,"","WaterTower Music",0.732,0.837,8,-3.329,0,0.0615,0.0178,0,0.178,0.883,124.982,4
spotify:track:1beqtQO0aIc1dWsXr97Iji,"Let You Go","bloom (Deluxe)","mgk",2017-05-12,185000,66,false,nicmf,2024-10-10T02:14:36Z,"","Bad Boy / Interscope",0.601,0.819,10,-3.835,1,0.101,0.197,0,0.161,0.21,170.117,4
spotify:track:5aoZDuJkrnYJI0rFNH1mlO,"Alguma Coisa Acontece","A Bela e a Fera","Ju Cassou;Garcia Junior;Isaac Schneider;Ivon Curi;Miriam Peracchi",2012-01-18,139293,44,false,nicmf,2024-10-10T03:48:30Z,"","Walt Disney Records",0.58,0.18,1,-17.884,1,0.0372,0.842,0,0.105,0.638,126.313,4
spotify:track:5q0EXnBYyeCdXD72FzJxH0,"Illusion","Radical Optimism","Dua Lipa",2024-05-03,188143,78,false,nicmf,2024-10-10T03:50:13Z,"pop","Warner Records",0.679,0.772,8,-4.721,0,0.0472,0.0277,0.00000259,0.106,0.709,126.964,4
spotify:track:174xb9Tu9NticZvEXuzkCh,"Vamo Pula!","As Quatro Estações","Sandy e Junior",1999-01-11,204400,57,false,nicmf,2024-10-10T03:53:32Z,"pop nacional,mpb,canção de ninar","Universal Music Ltda.",0.451,0.863,7,-4.964,1,0.0388,0.161,0.000313,0.101,0.565,109.59,4
spotify:track:05ZVTnFGjDTnzQHMxK0Bir,"Please Don't Stop The Rain","Songs For You, Truths For Me (International Exclusive Bundle)","James Morrison",2008-01-01,234266,55,false,nicmf,2024-10-10T03:55:37Z,"","Polydor Records",0.5,0.819,0,-4.548,1,0.0729,0.0607,0,0.0709,0.679,160.125,4
spotify:track:2LawezPeJhN4AWuSB0GtAU,"Have You Ever Seen The Rain","Pendulum (Expanded Edition)","Creedence Clearwater Revival",1970-12-07,160133,92,false,nicmf,2024-10-10T03:55:44Z,"rock clássico,southern rock,country rock","Craft Recordings",0.741,0.697,0,-7.028,1,0.0277,0.0664,0.0000228,0.133,0.774,116.109,4
spotify:track:124NFj84ppZ5pAxTuVQYCQ,"Take Care","Take Care (Deluxe)","Drake;Rihanna",2011-11-15,277386,82,true,nicmf,2024-10-10T03:59:01Z,"rap","Cash Money Records/Young Money Ent./Universal Rec.",0.629,0.515,0,-10.358,0,0.265,0.0267,0.0000122,0.0888,0.299,121.845,4
spotify:track:158vokXzTAwI01ZHvHsVgi,"Let Me Out","Let Me Out","Ben's Brother",2007-01-01,241040,39,false,nicmf,2024-10-10T04:20:30Z,"","Relentless/Virgin",0.43,0.483,3,-7.939,1,0.0308,0.563,0,0.163,0.229,143.933,4
spotify:track:69Zl2MdeQE8twZdiMXJXxZ,"Ultimate - From ""Freaky Friday""/Soundtrack Version","Freaky Friday","Lindsay Lohan",2003-01-01,186866,58,false,nicmf,2024-10-11T02:26:52Z,"","Hollywood Records",0.487,0.807,1,-4.745,0,0.0383,0.00391,0,0.445,0.493,79.524,4
spotify:track:21B4gaTWnTkuSh77iWEXdS,"Juno","Short n' Sweet","Sabrina Carpenter",2024-08-23,223192,84,true,nicmf,2024-10-10T20:53:22Z,"pop","Island Records",0.633,0.725,5,-4.257,1,0.0427,0.0461,0,0.205,0.64,130.504,4
spotify:track:60uJdOohyohJqZhST7lij3,"ELA PIROU NA DODGE RAM","ELA PIROU NA DODGE RAM","Luan Pereira;MC Ryan SP",2023-03-17,179599,56,true,nicmf,2024-10-10T20:55:25Z,"agronejo,sertanejo,sertanejo universitário,piseiro,funk,funk consciente,trap funk","Som Livre",0.496,0.663,4,-3.146,0,0.31,0.311,0,0.0984,0.614,82.753,3
spotify:track:5M8rc7DOM5MW1F8eP0OX9a,"Caraca, Muleke!","Outro Dia, Outra História","Thiaguinho",2014-04-14,170120,51,false,nicmf,2024-10-10T21:31:37Z,"pagode,samba","Som Livre",0.778,0.786,0,-8.463,1,0.0491,0.157,0,0.349,0.883,96.038,4
spotify:track:1b0qrz3GCfvlpo05Dso8Re,"Pé Na Areia","Pé Na Areia (Ao Vivo)","Diogo Nogueira",2016-08-17,220866,68,false,raphaelfr17,2024-10-10T21:31:40Z,"samba,pagode","Universal Music Ltda.",0.687,0.635,2,-5.936,1,0.0495,0.647,0,0.127,0.717,158.011,4
spotify:track:60eAbsb4svFn3d62wfwEUe,"Break My Face","Neotheater","AJR",2019-04-26,226335,45,false,raphaelfr17,2024-10-11T02:27:20Z,"","Black Butter",0.451,0.661,10,-6.961,0,0.0976,0.00321,0,0.108,0.444,180.133,4
spotify:track:4gMgiXfqyzZLMhsksGmbQV,"Another Brick in the Wall, Pt. 2","The Wall","Pink Floyd",1979-11-30,238946,87,false,raphaelfr17,2024-10-11T02:53:04Z,"rock progressivo,rock psicodélico,rock clássico,art rock,rock","Pink Floyd Records",0.693,0.394,0,-15.882,1,0.0428,0.0782,0.000694,0.247,0.721,104.114,4
spotify:track:0P3k6Jipqv1UWX0a4GmUuj,"Vou Desafiar Você","Vou Desafiar Você","Mc Sapao;DJ Detonna",2014-12-02,242000,66,false,nicmf,2024-10-11T02:58:04Z,"funk melody,funk","DJ Detonna",0.644,0.898,8,-0.109,0,0.289,0.358,0.0000528,0.159,0.541,132.028,4
spotify:track:1AHa2iLVTyjMisXwg0oMh1,"Not Sad Anymore","Not Sad Anymore","Clara Mae",2021-06-18,195563,53,false,raphaelfr17,2024-10-11T03:23:49Z,"","Universal Music AB",0.675,0.523,1,-7.598,1,0.0444,0.761,0.00000317,0.109,0.376,94.025,4
spotify:track:0cqNGWvuukhCiKvEX7utys,"We're All In This Together","High School Musical","High School Musical Cast;Disney",2006-01-01,231426,72,false,nicmf,2024-10-11T03:28:54Z,"","Walt Disney Records",0.76,0.941,1,-6.356,1,0.0688,0.0451,0,0.649,0.805,116.013,4
spotify:track:1EzrEOXmMH3G43AXT1y7pA,"I'm Yours","We Sing. We Dance. We Steal Things.","Jason Mraz",2008-05-01,242946,88,false,nicmf,2024-10-15T01:12:59Z,"o lado suave do pop,pop acústico","Atlantic Records/ATG",0.703,0.444,11,-9.331,1,0.0417,0.559,0,0.0973,0.712,150.96,4
spotify:track:6c6W25YoDGjTq3qSPOga5t,"Ink","Ghost Stories","Coldplay",2014-05-16,228373,65,false,nicmf,2024-10-15T01:53:35Z,"","Parlophone UK",0.688,0.705,6,-7.311,1,0.0323,0.0647,0.124,0.118,0.696,112.019,4
spotify:track:1y8ooe9Zr1PMIxrOwNeeOi,"I Won't","I Won't","AJR",2022-07-29,168426,49,true,raphaelfr17,2024-10-15T02:14:47Z,"","Mercury Records / Republic Records",0.387,0.745,9,-6.226,0,0.184,0.0186,0,0.359,0.449,161.873,4
spotify:track:49S3znqBAQyPyMpEuKeyJ6,"feelslikeimfallinginlove","Moon Music","Coldplay",2024-10-04,236230,65,false,raphaelfr17,2024-10-15T02:18:09Z,"","Parlophone UK",0.626,0.522,0,-7.517,1,0.027,0.0495,0.00832,0.12,0.294,121.154,4
spotify:track:05wIrZSwuaVWhcv5FfqeH0,"Walking On Sunshine","Katrina & The Waves","Katrina & The Waves",1985,238733,83,false,raphaelfr17,2024-10-15T02:56:20Z,"","Capitol Records",0.597,0.87,10,-11.97,1,0.0371,0.0119,0.166,0.0678,0.944,109.901,4
spotify:track:1Jwc3ODLQxtbnS8M9TflSP,"Walk Like an Egyptian","The Essential Bangles","The Bangles",2004,204706,71,false,raphaelfr17,2024-10-15T02:56:30Z,"jangle pop","Columbia",0.724,0.891,11,-7.818,1,0.0995,0.00344,0.0000472,0.3,0.818,103.022,4
spotify:track:7K2IeEefMiK8sDL8RBvXw2,"London Bridge","The Dutchess","Fergie",2006-09-13,241306,68,true,nicmf,2024-10-15T02:58:13Z,"","Will I Am / Fergie LP1",0.77,0.609,1,-5.894,1,0.345,0.214,0,0.166,0.631,90.952,4
spotify:track:38o5lj4mbLK34vQkJUlMrg,"London","London","Mokita",2018-12-14,160225,53,false,raphaelfr17,2024-10-15T02:58:21Z,"","Armada Music",0.684,0.512,11,-8.715,1,0.0525,0.544,0,0.097,0.466,119.901,4
spotify:track:4ABYxlb92WBIjHu7TIKmml,"Castles Crumbling (feat. Hayley Williams) (Taylor’s Version) (From The Vault)","Speak Now (Taylor's Version)","Taylor Swift;Hayley Williams",2023-07-07,306062,66,false,raphaelfr17,2024-10-15T02:58:42Z,"art pop","Taylor Swift",0.578,0.565,7,-8.064,1,0.0441,0.342,0,0.0662,0.351,147.781,4
spotify:track:6PCUP3dWmTjcTtXY02oFdT,"Castle on the Hill","÷ (Deluxe)","Ed Sheeran",2017-03-03,261153,84,false,nicmf,2024-10-15T02:58:48Z,"o lado suave do pop","Atlantic Records UK",0.461,0.834,2,-4.868,1,0.0989,0.0232,0.0000114,0.14,0.471,135.007,4
spotify:track:38jy6kRlPt8z1GUS9WXeNh,"93 Million Miles","Love Is a Four Letter Word","Jason Mraz",2012-04-13,216386,70,false,nicmf,2024-10-15T02:59:58Z,"o lado suave do pop,pop acústico","Atlantic Records",0.572,0.454,3,-10.286,1,0.0258,0.477,0.0000137,0.0974,0.515,140.182,4
spotify:track:2gam98EZKrF9XuOkU13ApN,"Promiscuous","Loose","Nelly Furtado;Timbaland",2006-01-01,242293,92,false,raphaelfr17,2024-10-15T03:12:32Z,"","Mosley / Geffen",0.808,0.97,10,-6.098,0,0.0504,0.0573,0.0000617,0.154,0.868,114.328,4
spotify:track:0M9ydKzuF3oZTfYYPfaGX1,"Bad and Boujee (feat. Lil Uzi Vert)","Culture","Migos;Lil Uzi Vert",2017-01-27,343150,79,true,nicmf,2024-10-15T03:20:29Z,"trap,rap melódico,rage rap","Quality Control Music",0.926,0.666,11,-5.314,1,0.244,0.0611,0,0.123,0.168,127.079,4
spotify:track:456WNXWhDwYOSf5SpTuqxd,"Dog Days Are Over","Lungs (Deluxe Version)","Florence + The Machine",2009,252818,86,false,raphaelfr17,2024-10-15T03:45:13Z,"pop barroco","Universal-Island Records Ltd.",0.501,0.809,7,-5.264,1,0.0938,0.0338,0.00602,0.119,0.258,149.964,4
spotify:track:6p19vVjC4Lge9VANZlG8gi,"I feel 2 much","everything means nothing","blackbear",2020-08-21,240037,50,true,nicmf,2024-10-15T03:45:22Z,"","Alamo",0.612,0.544,9,-7.279,1,0.0666,0.408,0,0.0998,0.694,86.046,4
spotify:track:3NgCzSW98SsqBdpYcnm4kv,"I Have Questions","I Have Questions","Camila Cabello",2017-05-21,221881,57,false,nicmf,2024-10-15T03:47:36Z,"","Syco Music/Epic",0.393,0.555,10,-6.096,0,0.276,0.405,0,0.105,0.22,167.999,4
spotify:track:3BZGi1yUqQyCNC868AqUGG,"Big in Japan","Forever Young","Alphaville",1984,286160,79,false,raphaelfr17,2024-10-15T04:01:31Z,"synthpop","WM Germany",0.748,0.414,2,-15.145,0,0.0407,0.0676,0.0686,0.339,0.24,97.646,4
spotify:track:0y60itmpH0aPKsFiGxmtnh,"Wait a Minute!","ARDIPITHECUS","WILLOW",2015-01-11,196520,88,false,nicmf,2024-10-15T04:05:56Z,"","Roc Nation W Smith P&D",0.764,0.705,3,-5.279,0,0.0278,0.0371,0.0000194,0.0943,0.672,101.003,4
spotify:track:549KbaG6K5leDOSVP9S1Nn,"Coisas Que Eu Amo (My Favorite Things)","A Noviça Rebelde (The Sound Of Music - Temas Originais Da Montagem Brasileira)","Coral A Noviça Rebelde",2008-03-14,152626,28,false,nicmf,2024-10-15T04:57:00Z,"","Sony BMG Music Entertainment",0.537,0.2,5,-11.038,1,0.0395,0.922,0,0.194,0.604,100.507,3
spotify:track:5H3Zj9EtRIRLmdcH54vdzq,"Toma Sua Safada","Toma Sua Safada","Mc RN Original",2019-08-28,175067,44,true,nicmf,2024-10-15T05:26:13Z,"funk bruxaria,funk","MC RN Original",0.959,0.674,7,-4.977,1,0.105,0.543,0.0263,0.0898,0.962,129.971,4
spotify:track:35TyJIMR3xRouUuo2sjS6v,"Cinema","Harry's House","Harry Styles",2022-05-20,243507,74,false,nicmf,2024-10-15T21:38:43Z,"","Columbia",0.829,0.644,9,-7.696,0,0.0427,0.354,0.0511,0.0944,0.896,105.993,4
spotify:track:5LYMamLv12UPbemOaTPyeV,"Music For a Sushi Restaurant","Harry's House","Harry Styles",2022-05-20,193813,77,false,nicmf,2024-10-15T21:42:03Z,"","Columbia",0.72,0.715,11,-4.652,1,0.04,0.258,0.0568,0.107,0.357,107.041,4
spotify:track:3kpYJjvM8Ja6btr5hEJLWc,"Venom - Music From The Motion Picture","Venom (Music From The Motion Picture)","Eminem",2018-09-21,269573,72,true,nicmf,2024-10-15T22:20:56Z,"rap,hip hop","Eminem Catalog PS",0.75,0.789,0,-5.058,1,0.0647,0.0148,0,0.501,0.467,135.954,4
spotify:track:4q5YezDOIPcoLr8R81x9qy,"I Can Do It With a Broken Heart","THE TORTURED POETS DEPARTMENT","Taylor Swift",2024-04-18,218004,80,true,raphaelfr17,2024-10-15T22:21:12Z,"","Taylor Swift",0.701,0.751,0,-8.39,1,0.0502,0.123,0,0.15,0.22,129.994,4
spotify:track:1cG0umU5TKStygKsPFZ9pY,"Shed a Light","Shed a Light","Robin Schulz;David Guetta;Cheat Codes",2016-11-25,191379,58,false,raphaelfr17,2024-10-15T22:26:44Z,"tropical house,edm","Tonspiel",0.483,0.787,8,-5.244,1,0.102,0.112,0,0.257,0.58,122.058,4
spotify:track:0939D7aT18uBDS2MTjWzct,"Higher Power","Higher Power","Coldplay",2021-05-07,211294,70,false,nicmf,2024-10-15T22:23:12Z,"","Parlophone UK",0.507,0.828,10,-6.023,1,0.0449,0.00711,0.0000244,0.261,0.489,178.032,4
spotify:track:5ka2ajep9OAvU5Sgduhiex,"Applause","ARTPOP","Lady Gaga",2013-11-11,212333,82,false,nicmf,2024-10-15T22:48:47Z,"art pop,pop","Interscope",0.668,0.78,7,-4.287,0,0.053,0.0265,0.00000163,0.143,0.738,139.945,4
spotify:track:705dwKmZCd7ImAUyyD6Mpm,"psychofreak (feat. WILLOW)","Familia","Camila Cabello;WILLOW",2022-04-08,201495,56,false,nicmf,2024-10-15T23:58:44Z,"","Epic",0.629,0.64,7,-7.638,0,0.0752,0.342,0.0000117,0.0928,0.448,179.989,4
spotify:track:6i0V12jOa3mr6uu4WYhUBr,"Heathens","Heathens","Twenty One Pilots",2016-06-16,195920,88,false,raphaelfr17,2024-10-15T23:58:47Z,"","Atlantic Records",0.732,0.396,4,-9.348,0,0.0286,0.0841,0.0000358,0.105,0.548,90.024,4
spotify:track:1i6N76fftMZhijOzFQ5ZtL,"Psycho Killer - 2005 Remaster","Talking Heads '77 (Deluxe Version)","Talking Heads",1977-09-16,261413,11,false,raphaelfr17,2024-10-15T23:58:55Z,"new wave,post-punk","Rhino/Warner Records",0.721,0.521,2,-8.123,1,0.0613,0.0708,0.00545,0.127,0.942,123.118,4
spotify:track:2sCl0FFOzZSmYZs90zOpd1,"Cups (Pitch Perfect’s “When I’m Gone”) - Pop Version","Cups (Pitch Perfect’s “When I’m Gone”)","Anna Kendrick",2013-01-01,126880,72,false,nicmf,2024-10-16T00:02:29Z,"música infantil","Pitch Perfect 2nd Album",0.887,0.441,0,-8.98,1,0.115,0.0514,0.00667,0.0338,0.715,129.908,4
spotify:track:3LcjZGk0GBlPRe5XhYVGgM,"Caramelo Duro (feat. Kali Uchis)","War & Leisure","Miguel;Kali Uchis",2017-12-01,213724,50,false,nicmf,2024-10-16T01:57:22Z,"r&b","ByStorm Entertainment/RCA Records",0.624,0.726,2,-4.585,1,0.052,0.0298,0,0.301,0.83,99.996,4
spotify:track:5wANYA5Nuw4HTjUlOvesUq,"Polaroid","Polaroid","YUNG LIXO",2018-04-23,182177,43,false,raphaelfr17,2024-10-16T02:46:03Z,"trap brasileiro","845688 Records DK",0.674,0.542,0,-9.467,1,0.101,0.401,0.00262,0.103,0.194,140.005,4
spotify:track:0FfZBWDv7p63yj6oh2I2PS,"Shattered - Remastered","Some Girls","The Rolling Stones",1978-06-09,226800,55,false,nicmf,2024-10-17T00:43:04Z,"rock clássico,rock","Polydor Associated Labels",0.738,0.952,4,-2.752,1,0.147,0.417,0.00002,0.116,0.756,140.397,4
spotify:track:34gCuhDGsG4bRPIf9bb02f,"Thinking out Loud","x (Deluxe Edition)","Ed Sheeran",2014-06-21,281560,88,false,raphaelfr17,2024-10-17T01:03:32Z,"o lado suave do pop","Atlantic Records UK",0.781,0.445,2,-6.061,1,0.0295,0.474,0,0.184,0.591,78.998,4
spotify:track:0in6Rc29qdyOkhKyYw4A84,"Manda Áudio","Manda Áudio","Di Propósito",2019-05-30,162056,65,false,nicmf,2024-10-17T01:05:48Z,"pagode,samba","Sony Music Entertainment",0.63,0.63,2,-7.674,1,0.0698,0.619,0,0.0937,0.942,157.949,4
spotify:track:100eDEmpWV5YGVCqHI0leU,"Audio (feat. Sia, Diplo, and Labrinth)","LABRINTH, SIA & DIPLO PRESENT... LSD","Sia;Diplo;Labrinth;LSD",2019-04-12,204093,65,false,raphaelfr17,2024-10-17T01:07:46Z,"moombahton,dance pop","Records/Columbia",0.568,0.701,3,-4.566,0,0.0426,0.209,0.00000106,0.0769,0.353,89.969,4
spotify:track:6z9a2XD0QtYsbyGDmANiUQ,"Lugar nenhum","Volume 02","Titãs",1998-10-09,195760,27,false,nicmf,2024-10-17T02:03:36Z,"rock brasileiro,mpb,pop nacional","WM Brazil",0.636,0.876,4,-4.447,0,0.0364,0.00275,0.000725,0.159,0.908,90.153,4
spotify:track:22L8btCRDX36EygvOfp02O,"Raul","Olho Furta-Cor","Titãs",2022-09-02,166109,17,false,nicmf,2024-10-17T02:04:32Z,"rock brasileiro,mpb,pop nacional","Midas Music",0.412,0.746,2,-4.172,1,0.0646,0.157,0.0000127,0.13,0.922,178.003,4
spotify:track:3eydp9rHJAskzOevEBK267,"E-Lo (feat. Jozzy)","E-Lo (feat. Jozzy)","Los Unidades;Pharrell Williams;Jozzy",2018-11-27,214720,41,false,nicmf,2024-10-17T02:27:06Z,"","Parlophone UK",0.698,0.797,3,-5.125,0,0.0615,0.469,0.00118,0.152,0.53,101.969,4
spotify:track:2zhk0kypGeOPsaaZcjyc14,"Burning House","Untamed","Cam",2015-12-11,231333,67,false,nicmf,2024-10-17T02:33:20Z,"country","Arista Nashville",0.728,0.253,0,-8.427,1,0.0304,0.887,0.0000111,0.133,0.457,140.923,4
spotify:track:3pRCHHfwYNVCOjWSrkGNw1,"Burning Down the House","Burning Down the House","Paramore",2024-01-31,218093,50,false,raphaelfr17,2024-10-17T02:33:36Z,"pop punk,emo","A24 Music",0.744,0.768,0,-6.054,1,0.0469,0.0194,0.00757,0.0979,0.39,106.006,4
spotify:track:4u8Gkqyg87iGSW3hQbbnQZ,"Burn the House Down","The Click (Deluxe Edition)","AJR",2018-09-21,212689,64,true,raphaelfr17,2024-10-17T02:33:44Z,"","Black Butter",0.454,0.66,0,-4.357,1,0.168,0.0364,0,0.181,0.568,184.353,4
spotify:track:60wwxj6Dd9NJlirf84wr2c,"Clarity","Clarity","Zedd;Foxes",2012-01-01,271426,86,false,raphaelfr17,2024-10-17T02:44:08Z,"edm","Interscope",0.509,0.781,8,-3.48,1,0.072,0.0398,0,0.0749,0.176,128,4
spotify:track:4Q3N4Ct4zCuIHuZ65E3BD4,"Tunnel Vision","Painting Pictures","Kodak Black",2017-03-31,268186,80,true,nicmf,2024-10-17T02:50:37Z,"","Atlantic Records",0.497,0.489,11,-7.724,0,0.294,0.0576,0.0000991,0.122,0.231,171.853,4
spotify:track:6Bjtr3tPdto5nyuLYf61sN,"Cold Water (feat. Justin Bieber & MØ)","Cold Water (feat. Justin Bieber & MØ)","Major Lazer;Justin Bieber;MØ",2016-07-22,185351,79,false,nicmf,2024-10-17T03:00:32Z,"moombahton","Third Pardee Records",0.608,0.798,6,-5.092,0,0.0432,0.0736,0,0.156,0.501,92.943,4
spotify:track:5o3GnrcFtvkdf3zFznuSbA,"Don't Wanna Know (feat. Kendrick Lamar)","Red Pill Blues (Deluxe)","Maroon 5;Kendrick Lamar",2018-06-15,214265,76,false,nicmf,2024-10-17T03:09:31Z,"pop,hip hop,west coast hip hop","Interscope Records*",0.783,0.611,7,-6.124,1,0.0695,0.343,0,0.0983,0.418,100.049,4
spotify:track:5cCAZS9VhLGEDV4NCfieeg,"I Wanna Go","Femme Fatale (Deluxe Version)","Britney Spears",2011-03-28,210266,71,false,nicmf,2024-10-17T03:09:48Z,"pop","Jive",0.696,0.546,5,-6.55,1,0.0414,0.00379,0.0000038,0.332,0.787,130.002,4
spotify:track:5FVd6KXrgO9B3JPmC8OPst,"Do I Wanna Know?","AM","Arctic Monkeys",2013-09-09,272394,93,false,nicmf,2024-10-17T03:09:58Z,"indie,garage rock","Domino Recording Co",0.548,0.532,5,-7.596,1,0.0323,0.186,0.000263,0.217,0.405,85.03,4
spotify:track:22VdIZQfgXJea34mQxlt81,"Can't Feel My Face","Beauty Behind The Madness","The Weeknd",2015-08-28,213520,88,false,nicmf,2024-10-17T03:19:24Z,"","The Weeknd/Lyric",0.705,0.769,9,-5.526,0,0.0425,0.113,0,0.105,0.583,107.949,4
spotify:track:0TyUOnU4H4GLqOcrH0auc8,"Sharks","Sharks","Imagine Dragons",2022-06-24,190883,66,false,nicmf,2024-10-17T18:43:31Z,"","KIDinaKORNER/Interscope Records",0.927,0.642,10,-4.466,0,0.0657,0.00791,0.0000362,0.279,0.901,123.969,4
spotify:track:2nLtzopw4rPReszdYBJU6h,"Numb","Meteora","Linkin Park",2003-03-25,187520,93,false,nicmf,2024-10-17T19:49:18Z,"nu metal,rap metal,rock,metal alternativo","Warner Records",0.488,0.87,6,-4.185,0,0.0421,0.00353,0,0.484,0.211,110.072,4
spotify:track:2I2AqFb0f9UNnolWc2MafC,"Bang!","OK ORCHESTRA","AJR",2021-03-26,170879,64,false,nicmf,2024-10-17T19:59:35Z,"","Black Butter",0.736,0.526,1,-6.462,0,0.0566,0.0153,0,0.0628,0.654,139.84,4
spotify:track:6EwNJz8CuVsrsLvXprJ20Q,"I Know Places","1989 (Deluxe)","Taylor Swift",2014-01-01,195706,56,false,nicmf,2024-10-17T21:18:48Z,"","Taylor Swift",0.602,0.755,0,-4.991,1,0.071,0.245,0,0.178,0.495,159.965,4
spotify:track:3wvG6oGSZ6c7oskNDsI1CY,"Baby, It's Cold Outside (with Dorothy Kirsten)","The Classic Christmas Album","Frank Sinatra;Dorothy Kirsten",2014,137893,45,false,nicmf,2024-10-17T21:24:24Z,"natal,big band,música de adulto,swing music,jazz,vocal jazz,ópera","Columbia/Legacy",0.594,0.239,2,-12.401,1,0.131,0.963,0.000253,0.706,0.703,127.892,4
spotify:track:5zyBuhXYINmVnc8Jnrxdru,"Goodbye","Goodbye Lullaby (Expanded Edition)","Avril Lavigne",2011-03-08,271520,44,false,nicmf,2024-10-17T21:44:16Z,"","Epic",0.179,0.331,7,-7.423,1,0.0304,0.719,0.00000183,0.128,0.236,166.68,4
spotify:track:4MhdkKwzXifgDrdtNvMvJJ,"Festa no Apê (Dragostea Din Tei)","Latino Apresenta as Aventuras de DJ L - Festa no Apê","Latino",2004-06-07,251520,56,false,nicmf,2024-10-17T21:48:17Z,"funk melody,axé","Sony Music Entertainment",0.792,0.718,0,-6.895,1,0.05,0.0965,0,0.96,0.844,130.009,4
spotify:track:5kHMfzgLZP95O9NBy0ku4v,"I Can See You (Taylor’s Version) (From The Vault)","Speak Now (Taylor's Version)","Taylor Swift",2023-07-07,273186,73,false,raphaelfr17,2024-10-18T01:05:23Z,"","Taylor Swift",0.695,0.768,6,-4.883,1,0.0344,0.0577,0,0.0426,0.813,123.054,4
spotify:track:3o3pNsbxeyESjs51SJY85V,"Nana Neném","Galinha Pintadinha 5","Galinha Pintadinha;Vera Fuzaro",2022-12-16,139977,0,false,raphaelfr17,2024-10-18T01:06:32Z,"canção de ninar,música infantil","Bromelia [dist. Tratore]",0.428,0.126,9,-15.164,1,0.0498,0.863,0.00000376,0.0988,0.233,71.411,4
spotify:track:70eDxAyAraNTiD6lx2ZEnH,"Ex's & Oh's","Love Stuff","Elle King",2015-02-13,202177,81,false,nicmf,2024-10-18T01:14:22Z,"","RCA Records Label",0.612,0.921,7,-2.882,1,0.085,0.0183,0,0.0576,0.446,139.988,4
spotify:track:6w2rrJsn8Qpa7veSaVAyKh,"Sit Still, Look Pretty","Sit Still, Look Pretty","Daya",2016-10-07,207761,77,false,nicmf,2024-10-18T01:14:36Z,"","Artbeatz - Daya",0.846,0.734,2,-3.601,1,0.108,0.286,0.0000827,0.425,0.717,90.98,4
spotify:track:41VRAyncInMZyxuXNjT9T3,"Tá On, Tá na Fisk","Tá On, Tá na Fisk","Fisk - Centro de Ensino",2023-12-07,60319,0,false,nicmf,2024-10-18T01:18:52Z,"","Fisk - Centro de Ensino",0.739,0.897,10,-2.802,1,0.185,0.0553,0,0.369,0.761,136.204,4
spotify:track:4uGY9CqDtGtaTTLg1cgsWD,"Machine","Origins (Deluxe)","Imagine Dragons",2018-11-09,181880,66,false,nicmf,2024-10-18T01:20:56Z,"","Kid Ina Korner / Interscope",0.638,0.677,4,-5.28,1,0.0424,0.00157,0.00683,0.121,0.585,81.045,4
spotify:track:28r9sD2b6FluK7YHjTJ0fl,"Break a Sweat","Break a Sweat","Becky G",2015-08-21,208240,47,false,nicmf,2024-10-18T03:08:30Z,"reggaeton,latino","Kemosabe Records/RCA Records",0.786,0.7,5,-5.041,0,0.059,0.116,0.000204,0.263,0.65,109.021,4
spotify:track:1l4iQsOZ5sOXZPMQLvouaB,"Coast (feat. Anderson .Paak)","Coast","Hailee Steinfeld;Anderson .Paak",2022-07-29,166720,64,false,raphaelfr17,2024-10-18T04:28:49Z,"","Mercury Records / Republic Records",0.727,0.832,1,-5.153,0,0.0495,0.0125,0.00000996,0.116,0.813,111.988,4
spotify:track:5eieTS268veCXyZoLoy7eP,"Knock Three Times","Candida","Tony Orlando & Dawn",1970,177173,64,false,nicmf,2024-10-18T05:24:52Z,"","BMG Special Products",0.774,0.58,1,-10.08,1,0.0512,0.158,0,0.0458,0.923,123.127,4
spotify:track:6Vg3QC5UcpdAcGXgUqkjIX,"If You Ever Come Back","Science & Faith","The Script",2010-09-13,241653,62,false,nicmf,2024-10-18T05:28:52Z,"","Phonogenic",0.549,0.809,7,-4.714,1,0.0277,0.0389,0,0.116,0.572,95.989,4
spotify:track:14KOeXXATG254aCQ6vbDwQ,"Não vou me adaptar","Volume 02","Titãs",1998-10-09,221733,54,false,nicmf,2024-10-18T05:40:59Z,"rock brasileiro,mpb,pop nacional","WM Brazil",0.416,0.399,10,-7.579,1,0.0321,0.307,0.000327,0.105,0.468,163.134,4
spotify:track:5xZjfKSfTooDP2rcAgjxlH,"Carry On","Some Nights","fun.",2012-02-14,278373,63,false,nicmf,2024-10-18T17:13:10Z,"","Fueled By Ramen",0.388,0.694,5,-5.769,1,0.0735,0.118,0.000293,0.082,0.365,145.434,5
spotify:track:2pn8dNVSpYnAtlKFC8Q0DJ,"On The Ground","R","ROSÉ",2021-03-12,168085,69,false,nicmf,2024-10-18T17:13:20Z,"k-pop","YG Entertainment/Interscope Records",0.311,0.607,1,-6.578,1,0.11,0.0174,0,0.131,0.286,188.7,4
spotify:track:2SnNaoNhMjC1WRMTWD8qTX,"Mark My Words","Purpose (Deluxe)","Justin Bieber",2015-11-13,134346,62,false,nicmf,2024-10-18T20:00:59Z,"","RBMG/Def Jam",0.389,0.256,0,-8.572,1,0.0334,0.88,0.00000269,0.169,0.521,116.348,4
spotify:track:07nH4ifBxUB4lZcsf44Brn,"Blame (feat. John Newman)","Motion","Calvin Harris;John Newman",2014-10-31,212960,87,false,nicmf,2024-10-18T20:06:12Z,"edm","Columbia",0.414,0.857,0,-4.078,0,0.0808,0.0287,0.00574,0.343,0.348,128.024,4
spotify:track:2sQ8XbHuqohGcp6HMXnfqQ,"Can You See Me?","Ding Dong!","Krista Siegfrids",2013-01-01,233653,31,false,nicmf,2024-10-21T04:29:12Z,"pop finlandês","OY EMI Finland AB",0.353,0.257,11,-11.396,1,0.0424,0.24,0.00000134,0.0852,0.1,184.085,4
spotify:track:6m1Zg9UO4KKBRgSc70AkWk,"Dezesseis E Dezessete (Sixteen Going On Seventeen)","A Noviça Rebelde (Produto Especial)","Coral A Noviça Rebelde",2008-03-15,234720,16,false,nicmf,2024-10-22T18:14:06Z,"","Sony BMG Music Entertainment",0.445,0.304,4,-9.507,0,0.0295,0.9,0.00000321,0.134,0.203,112.703,4
spotify:track:7xfkWsV60Hqh5cf6X4YYqe,"Witch Doctor","Witch Doctor","David Seville",2012-04-27,139520,0,false,nicmf,2024-10-22T19:05:29Z,"natal","JB Production",0.658,0.449,7,-11.129,1,0.0614,0.652,0,0.0809,0.933,139.258,4
spotify:track:0YZ5vaqbVBwliHgoiwsh4z,"The Laughing Gnome","Laughing with Liza","David Bowie",2023-05-05,180000,20,false,raphaelfr17,2024-10-22T19:10:28Z,"glam rock,art rock","Decca Music Group Ltd.",0.749,0.761,0,-9.33,1,0.204,0.34,0,0.0915,0.963,137.01,4
spotify:track:1dy4mBnewEPbskr6urBaR9,"Bom Dia Tristeza","Adoniran Barbosa","Adoniran Barbosa",1974-08-05,178466,44,false,nicmf,2024-10-22T19:11:46Z,"samba,mpb,bossa nova","Universal Music Ltda.",0.398,0.146,11,-13.257,0,0.0332,0.66,0.00318,0.113,0.193,109.461,4
spotify:track:0gzqZ9d1jIKo9psEIthwXe,"Beautiful Day","All That You Can't Leave Behind","U2",2000-01-01,248400,78,false,raphaelfr17,2024-10-23T09:34:06Z,"rock","Universal-Island Records Ltd.",0.536,0.928,11,-6.492,0,0.0589,0.0154,0.00134,0.2,0.389,136.258,4
spotify:track:60a0Rd6pjrkxjPbaKzXjfq,"In the End","Hybrid Theory (Bonus Edition)","Linkin Park",2000-10-24,216880,94,false,raphaelfr17,2024-10-24T19:56:00Z,"nu metal,rap metal,rock,metal alternativo","Warner Records",0.556,0.864,3,-5.87,0,0.0584,0.00958,0,0.209,0.4,105.143,4
spotify:track:76qcQP8xYzb45Iun46uHb3,"Que Bonita Sua Roupa","Chaves (Trilha Sonora Original em Português)","Chaves;Turminha Do Chaves",2006-03-22,204460,0,false,raphaelfr17,2024-10-24T19:58:04Z,"","SBT Music sob licença Polygram do Brasil Ltda.",0.742,0.155,4,-20.729,1,0.0794,0.839,0,0.278,0.592,62.594,4
spotify:track:0l7IjJQOSHdj9mp5TaBDhB,"Joanna","The 50 Greatest Songs","Kool & The Gang",2007-10-29,263786,48,false,nicmf,2024-10-25T16:37:05Z,"disco,funk americano","Mercury Records",0.864,0.48,10,-12.215,1,0.0315,0.133,0.00202,0.165,0.939,104.745,4
spotify:track:6gH2V6XzhDXfTqml6c2w4Z,"Johanna","Johanna","Suki Waterhouse",2019-09-20,155565,57,false,nicmf,2024-10-25T16:37:09Z,"","Sub Pop Records",0.528,0.824,9,-4.095,1,0.0346,0.016,0.0000714,0.237,0.609,119.959,4
spotify:track:05QeyKGAn4TZrv41tMiD1A,"Trem-Bala","Trem-Bala","Ana Vilela",2017-05-12,180319,63,false,raphaelfr17,2024-10-25T17:19:35Z,"mpb,nova mpb,pop nacional","Slap",0.45,0.318,11,-9.474,1,0.0324,0.85,0,0.101,0.492,93.344,4
spotify:track:3KE6KppohrzZMbo2ao7CZ2,"Too Late (with AJR)","The People's Champ","Quinn XCII;AJR",2023-01-27,175760,56,false,raphaelfr17,2024-10-25T18:13:44Z,"","Republic Records",0.731,0.63,4,-6.943,1,0.0637,0.0211,0,0.262,0.634,89.025,4
spotify:track:3cqeso9qMA6HoISorEoFfk,"Céu Azul","Música Popular Caiçara: Edição Luxo (Ao Vivo)","Charlie Brown Jr.",2012,198786,74,false,raphaelfr17,2024-10-25T18:31:01Z,"rock brasileiro,mpb,pop nacional","Radar Records",0.68,0.598,1,-6.147,0,0.027,0.61,0,0.106,0.62,120.09,4
spotify:track:7tYKa4wd7gL5LwcxidBPkG,"Sad Song - feat. Elena Coats","Somewhere Somehow","We The Kings;Elena Coats",2013-01-01,226330,66,false,nicmf,2024-10-25T19:12:57Z,"pop punk","S-Curve Records",0.512,0.526,1,-5.44,1,0.0251,0.0724,0,0.0675,0.249,85.024,4
spotify:track:6lWp5O5XH6smTt4vzd4Mgy,"Only Love","Smile","Katy Perry",2020-08-28,198724,43,true,nicmf,2024-10-25T19:13:22Z,"pop","Capitol Records",0.71,0.46,0,-7.56,1,0.0492,0.297,0,0.106,0.228,98.033,4
spotify:track:0ofHAoxe9vBkTCp2UQIavz,"Dreams - 2004 Remaster","Rumours (Super Deluxe)","Fleetwood Mac",1977-02-04,257800,94,false,raphaelfr17,2024-10-25T19:14:07Z,"yacht rock,rock clássico,soft rock","Rhino/Warner Records",0.828,0.492,0,-9.744,1,0.0276,0.0644,0.00428,0.128,0.789,120.151,4
spotify:track:2H5K1A6OT5C0oKGEsJBYjm,"The Trick","OK ORCHESTRA","AJR",2021-03-26,170093,37,false,nicmf,2024-10-25T19:15:31Z,"","Black Butter",0.578,0.356,2,-8.483,1,0.0274,0.67,0,0.124,0.34,90.119,4
spotify:track:7xrEnNo99wrmIs8ZK3RZMK,"WE PRAY","Moon Music","Coldplay;Little Simz;Burna Boy;Elyanna;TINI",2024-10-04,233406,67,false,raphaelfr17,2024-10-25T19:16:57Z,"afrobeats,afrobeat,afropop,dancehall,afroswing,afropiano,pop latino","Parlophone UK",0.745,0.52,5,-8.048,0,0.0559,0.0674,0.0000506,0.0746,0.673,135.956,4
spotify:track:1CQ2cMfrmFM1YdfmjENKVE,"She Looks So Perfect","5 Seconds Of Summer","5 Seconds of Summer",2014-06-27,202496,77,false,nicmf,2024-10-25T19:24:27Z,"","Capitol",0.494,0.951,9,-4.237,1,0.132,0.000569,0,0.327,0.441,160.025,4
spotify:track:40J225LOXwgOsGsR74Z24P,"Pastorzinho","Cantigas de Roda, Vol. 1","Turma da Vaquinha",2015-01-01,128733,1,false,nicmf,2024-10-25T19:31:43Z,"","Uvp Sementinha",0.829,0.252,0,-19.296,1,0.139,0.658,0.00112,0.0674,0.586,115.973,4
spotify:track:3QF5RsWzK1lCvf2o2cY65P,"Dear Reader","Midnights (3am Edition)","Taylor Swift",2022-10-22,225194,66,false,nicmf,2024-10-25T19:39:43Z,"","Taylor Swift",0.674,0.39,0,-11.944,1,0.0483,0.464,0.00122,0.116,0.151,107.891,4
spotify:track:6lOWoTqVnAWXchddtTH31W,"Leave a Light On","Leave a Light On","Tom Walker",2017-10-13,185863,71,false,nicmf,2024-10-25T19:40:46Z,"","Relentless Records",0.586,0.624,5,-5.946,1,0.113,0.0153,0.00000178,0.133,0.267,68.976,4
spotify:track:364dI1bYnvamSnBJ8JcNzN,"Intentions","Intentions","Justin Bieber;Quavo",2020-02-07,212868,74,false,nicmf,2024-10-25T19:47:00Z,"","RBMG/Def Jam",0.811,0.553,9,-6.644,1,0.0552,0.317,0,0.105,0.86,148.014,4
spotify:track:3NxWJWftvkstyxvb1pZlFo,"Teeth","CALM","5 Seconds of Summer",2020-03-27,205502,86,false,nicmf,2024-10-26T03:43:10Z,"","5 Seconds Of Summer/Interscope",0.745,0.454,3,-2.986,0,0.0392,0.0437,0.00000347,0.0741,0.43,139.007,4
spotify:track:5a1aZ8imxtifdzQPftBTma,"Sweet Tooth","Wonka (Original Motion Picture Soundtrack)","Paterson Joseph;Matt Lucas;Mathew Baynton;Keegan-Michael Key",2023-12-08,130006,50,false,raphaelfr17,2024-10-26T03:43:35Z,"musicais","WaterTower Music",0.575,0.292,11,-12.209,0,0.115,0.388,0,0.123,0.505,117.346,4
spotify:track:0ZzF9Y0nJoBc8iMkITxDYv,"Avalanche","Love Sux","Avril Lavigne",2022-02-25,219929,47,false,nicmf,2024-10-26T04:03:42Z,"","DTA Records",0.528,0.783,6,-4.952,1,0.0549,0.00272,0.000019,0.069,0.224,149.976,4
spotify:track:2Pr6qNmiOxTdo8B6bs8x8x,"Quase Sem Querer","Dois","Legião Urbana",1986-01-01,280466,72,false,raphaelfr17,2024-10-26T04:23:53Z,"rock brasileiro,mpb,pop nacional","EMI Brazil",0.598,0.65,7,-14.281,1,0.0402,0.019,0.0482,0.0775,0.595,90.673,4
spotify:track:1XVN2BVHfKUUcMH0jxSRZ5,"Vou Morrer Sozinho","LOBOS","Jão",2018-08-17,174519,57,false,nicmf,2024-10-26T04:48:36Z,"pop nacional,nova mpb,mpb","Universal Music Ltda.",0.814,0.646,10,-5.503,1,0.0381,0.18,0,0.27,0.753,126.034,4
spotify:track:5NB5uPFcHGmwfluq9Sqn3j,"Revival","Revival (Deluxe)","Selena Gomez",2015-10-09,246400,45,false,nicmf,2024-10-26T05:08:38Z,"","Selena Gomez PS",0.685,0.731,1,-4.968,0,0.0871,0.128,0,0.184,0.524,124.89,4
spotify:track:4d0DpU7Odiv0ztvX2GxJlk,"Exagerado","Exagerado","Cazuza",1985,222696,74,false,raphaelfr17,2024-10-26T05:22:59Z,"mpb,rock brasileiro,pop nacional","Som Livre",0.678,0.663,7,-7.726,1,0.0307,0.0874,0.0161,0.615,0.822,136.388,4
spotify:track:5m5TRf7ggoguXtcXQGprN4,"Written in the Stars (feat. Eric Turner)","Written in the Stars (feat. Eric Turner)","Tinie Tempah;Eric Turner",2010-09-03,207653,69,false,nicmf,2024-10-26T05:52:05Z,"grime","Parlophone UK",0.656,0.931,7,-4.188,1,0.0981,0.0613,0,0.219,0.534,91.881,4
spotify:track:0Zbbxnx4SGGHoIow4PpISP,"Stargazing","Stargazing - EP","Kygo;Justin Jesso",2017-09-21,236853,67,false,raphaelfr17,2024-10-26T05:52:31Z,"tropical house","Kygo",0.677,0.497,5,-5.763,1,0.0809,0.152,0,0.0911,0.419,99.137,4
spotify:track:3FU6urUVsgXa6RBuV2PdRk,"Heartless (feat. Morgan Wallen)","Diplo Presents Thomas Wesley: Chapter 1 - Snake Oil","Diplo;Morgan Wallen",2020-05-29,169226,78,true,nicmf,2024-10-26T06:01:32Z,"moombahton,country","Columbia",0.765,0.556,11,-6.417,1,0.0512,0.275,0,0.0824,0.274,111.033,4
spotify:track:3oGVx9RBmiYGv5ZCecWLkx,"Forever Winter (Taylor's Version) (From The Vault)","Red (Taylor's Version)","Taylor Swift",2021-11-12,263533,65,false,nicmf,2024-10-26T06:31:28Z,"","Taylor Swift",0.611,0.552,7,-5.828,1,0.031,0.256,0,0.134,0.41,116.012,4
spotify:track:1hGy2eLcmC8eKx7qr1tOqx,"Beautiful Girls","Beautiful Girls","Sean Kingston",2007-07-23,225373,86,false,nicmf,2024-10-26T06:32:22Z,"","Epic",0.762,0.661,1,-6.075,0,0.0687,0.15,0,0.256,0.769,130.009,4
spotify:track:59dLtGBS26x7kc0rHbaPrq,"Nothin' on You (feat. Bruno Mars)","B.o.B Presents: The Adventures of Bobby Ray","B.o.B;Bruno Mars",2010-04-27,268320,89,false,nicmf,2024-10-26T06:32:38Z,"","Rebel Rock/Grand Hustle/Atlantic",0.688,0.853,10,-5.814,1,0.0493,0.386,0,0.0862,0.743,103.993,4
spotify:track:1P5RYVvxPVrzonLqAC8uxk,"Bang Bang Bang","When The Sun Goes Down","Selena Gomez & The Scene",2011-01-01,195160,49,false,nicmf,2024-10-26T06:39:51Z,"","Hollywood Records",0.77,0.766,0,-2.949,1,0.0358,0.234,0.00000413,0.0921,0.834,114.022,4
spotify:track:0SCsKxQvbfE7ufDL87IHR9,"Polygraph Eyes","21st Century Liability","YUNGBLUD",2018-07-06,223948,50,false,nicmf,2024-10-27T04:12:13Z,"","Locomotion Recordings/Geffen Records",0.5,0.754,9,-4.619,0,0.0437,0.0431,0,0.492,0.52,92.003,4
spotify:track:3BtA1koBtnClfirgg4BpjI,"Thief","Thief","Ansel Elgort",2017-01-27,220680,53,false,nicmf,2024-10-27T18:06:08Z,"","Island Records",0.592,0.741,1,-3.792,0,0.0842,0.0251,0,0.111,0.379,180.038,4
spotify:track:0z9UVN8VBHJ9HdfYsOuuNf,"Safe & Sound - from The Hunger Games Soundtrack","The Hunger Games: Songs From District 12 And Beyond","Taylor Swift;The Civil Wars",2012-01-01,240066,64,false,nicmf,2024-10-29T18:22:50Z,"gótico do sul","Universal Records",0.471,0.3,7,-10.807,1,0.028,0.883,0.0000105,0.0698,0.289,144.319,4
spotify:track:5k38wzpLb15YgncyWdTZE4,"Him & I (with Halsey)","The Beautiful & Damned","G-Eazy;Halsey",2017-12-15,268866,87,true,nicmf,2024-10-29T20:22:26Z,"","BPG/RVG/RCA Records",0.589,0.731,2,-6.343,1,0.0868,0.0534,0,0.308,0.191,87.908,4
spotify:track:7s1bSm5zdNXYNqige9s2M9,"Nosso Vídeo","ID","Sam Alves",2015-03-27,219373,19,false,nicmf,2024-10-29T20:22:35Z,"","Universal Music Ltda.",0.605,0.558,8,-8.059,1,0.0289,0.346,0,0.0872,0.396,129.946,4
spotify:track:6p4NyDKCiYslEhto8BKIVL,"O Tiro","Lei de Muffin","Scatolove",2018-04-27,143230,37,false,raphaelfr17,2024-10-30T03:10:12Z,"nova mpb","Elemess",0.614,0.223,0,-12.269,1,0.0353,0.81,0.00000584,0.332,0.237,129.799,4
spotify:track:0m3hiKjI2QGSKxvG732Ekq,"Tiro Ao Álvaro","The Essential","Elis Regina;Adoniran Barbosa",2003-01-01,162360,59,false,nicmf,2024-10-30T03:11:10Z,"mpb,bossa nova,jazz brasileiro,samba","EMI Brazil",0.605,0.662,10,-6.993,1,0.0924,0.432,0,0.116,0.953,93.771,4
spotify:track:7nJuEpX0qlpKXxUK0ioIMj,"Eu Nasci Há 10 Mil Anos Atrás","Há 10 Mil Anos Atrás","Raul Seixas",1976,288600,63,false,nicmf,2024-10-30T03:11:35Z,"rock brasileiro,mpb,pop nacional","Universal Music Ltda.",0.414,0.956,9,-2.423,1,0.258,0.194,0,0.494,0.734,135.173,4
spotify:track:7ycWLEP1GsNjVvcjawXz3z,"Praise The Lord (Da Shine) (feat. Skepta)","TESTING","A$AP Rocky;Skepta",2018-05-25,205813,85,true,nicmf,2024-10-30T04:19:45Z,"rap,grime,grime reino unido","A$AP Worldwide/Polo Grounds Music/RCA Records",0.854,0.569,5,-8.151,0,0.106,0.0609,0.0816,0.1,0.294,80.015,4
spotify:track:7jr3iPu4O4bTCVwLMbdU2i,"Kiss and Make Up","Dua Lipa (Complete Edition)","Dua Lipa;BLACKPINK",2018-10-19,189173,75,false,nicmf,2024-10-30T04:46:29Z,"pop,k-pop","Warner Records",0.678,0.729,8,-4.188,1,0.137,0.0658,0,0.303,0.643,99.895,4
spotify:track:5Zjge6yCThuBMdnJdOBp9A,"Easy Breezy","Easy Breezy","chelmico",2020-01-17,208375,47,false,raphaelfr17,2024-10-30T17:39:35Z,"rap japonês,r&b japonês,indie japonês,j-pop","WM Japan",0.655,0.993,2,-2.026,1,0.0862,0.507,0,0.392,0.62,93.021,4
spotify:track:256nKlwQdp2GE6DYGvTDoG,"Cool","The Secret of Us (Deluxe)","Gracie Abrams",2024-10-18,229162,69,true,nicmf,2024-10-30T17:40:29Z,"","Gracie Abrams, under exclusive license to Interscope Records",0.706,0.58,0,-4.973,1,0.0416,0.619,0,0.101,0.39,110.433,4
spotify:track:3uwnnTQcHM1rDqSfA4gQNz,"Cool for the Summer","Confident","Demi Lovato",2015-01-01,214739,87,true,raphaelfr17,2024-10-30T17:40:46Z,"","Hollywood Records",0.583,0.61,5,-5.639,0,0.0382,0.00425,0.000105,0.14,0.336,114.06,4
spotify:track:13P5rwmk2EsoFRIz9UCeh9,"Cool Kids","Talking Dreams (Deluxe Edition)","Echosmith",2013-10-04,237626,76,false,raphaelfr17,2024-10-30T17:40:52Z,"","Warner Records",0.719,0.671,8,-6.279,1,0.0336,0.0372,0.00000821,0.12,0.786,130.027,4
spotify:track:0pqnGHJpmpxLKifKRmU6WP,"Believer","Evolve","Imagine Dragons",2017-06-23,204346,91,false,nicmf,2024-10-30T17:53:50Z,"","Kid Ina Korner / Interscope",0.776,0.78,10,-4.374,0,0.128,0.0622,0,0.081,0.666,124.949,4
spotify:track:3jlbL2OTD5YmIunYzgQTAN,"Live Your Life","Paper Trail","T.I.;Rihanna",2008-09-07,338853,84,true,nicmf,2024-10-30T17:55:57Z,"southern hip hop","Grand Hustle, LLC",0.375,0.862,11,-3.363,0,0.255,0.071,0,0.211,0.478,159.841,4
spotify:track:4KzOYxD4qIkUtZV9ZYakGu,"original me (feat. dan reynolds of imagine dragons)","original me (feat. dan reynolds of imagine dragons)","YUNGBLUD;Dan Reynolds",2019-10-09,205320,55,true,nicmf,2024-10-30T18:22:58Z,"","Locomotion Recordings/Geffen Records",0.471,0.786,1,-5.24,1,0.192,0.00888,0.00000189,0.187,0.61,160.01,4
spotify:track:22RzSix1wNscyteOKgReNQ,"Dó-Ré-Mi","A Noviça Rebelde (The Sound Of Music - Temas Originais Da Montagem Brasileira)","Coral A Noviça Rebelde",2008-03-14,351146,24,false,nicmf,2024-10-30T18:39:36Z,"","Sony BMG Music Entertainment",0.404,0.256,0,-10.236,1,0.0349,0.845,0,0.16,0.391,116.78,4
spotify:track:04ZTP5KsCypmtCmQg5tH9R,"I'm a Mess","Expectations","Bebe Rexha",2018-06-22,195519,76,false,nicmf,2024-10-30T19:02:44Z,"","Warner Records",0.63,0.694,11,-6.257,0,0.0253,0.00281,0,0.0719,0.216,97.005,4
spotify:track:0gplL1WMoJ6iYaPgMCL0gX,"Easy On Me","Easy On Me","Adele",2021-10-14,224694,80,false,raphaelfr17,2024-10-30T19:04:41Z,"o lado suave do pop","Columbia",0.604,0.366,5,-7.519,1,0.0282,0.578,0,0.133,0.13,141.981,4
spotify:track:5jp8Qr2vUj0Pmc59pAIiBb,"Sinal Disfarçado - Ao Vivo","Sinal Disfarçado (Ao Vivo)","Zé Ricardo & Thiago;Israel Novaes",2019-07-26,180764,56,false,nicmf,2024-10-30T19:15:34Z,"sertanejo,sertanejo universitário,arrocha,agronejo","Zé Ricardo e Thiago",0.679,0.643,11,-11.021,1,0.0685,0.212,0,0.929,0.904,141.867,4
spotify:track:7fPSEiiNsZ5JybOoXLkaZN,"My Mind","I Can't Let Go","Suki Waterhouse",2022-05-06,190841,50,false,nicmf,2024-10-30T19:26:45Z,"","Sub Pop Records",0.268,0.288,11,-10.901,1,0.0321,0.858,0.312,0.111,0.171,123.127,4
spotify:track:7llBR7Fy7Fw9zgEQuZp6K7,"Difficult","Good Riddance (Deluxe)","Gracie Abrams",2023-06-16,258901,62,false,nicmf,2024-10-30T19:28:50Z,"","Gracie Abrams, under exclusive license to Interscope Records",0.597,0.607,2,-9.153,1,0.078,0.409,0.00000813,0.152,0.419,146.052,4
spotify:track:1mv8KUljJJ95J24bahS80m,"Never Back Down","Never Back Down","Hysuzi;Nick Eh 30",2023-07-24,203648,23,true,raphaelfr17,2024-10-30T19:33:30Z,"","Hysuzi",0.535,0.848,7,-6.683,0,0.232,0.000965,0,0.122,0.436,144.028,4
spotify:track:4eOymg22XI5PrPr7BkPQiW,"Into The Thick Of It!","The Backyardigans","The Backyardigans",2005-07-12,158853,45,false,raphaelfr17,2024-10-30T19:35:44Z,"música infantil","Nick Records",0.703,0.0828,7,-14.178,1,0.139,0.825,0.0000124,0.13,0.57,125.879,4
spotify:track:2GpBbWq8bNVyGkoxcndUp2,"Oi Eu Sou o Pablo, Backyardigans Vs Perfume Exalando","Oi Eu Sou o Pablo, Backyardigans Vs Perfume Exalando","KS SHEIK;MC RF",2023-12-09,94128,48,false,nicmf,2024-10-30T19:37:52Z,"phonk brasileiro,phonk,funk carioca","Mago da DZ7 Music",0.89,0.817,10,1.575,1,0.12,0.339,0.00103,0.0555,0.974,129.804,4
spotify:track:0BAVZv9yFpfHWWZY7XeWxx,"Believe","Descendants (Original TV Movie Soundtrack)","Shawn Mendes",2015-01-01,208853,51,false,nicmf,2024-10-30T19:56:01Z,"","Walt Disney Records",0.813,0.668,0,-5.585,1,0.0657,0.183,0,0.0683,0.785,117.006,4
spotify:track:2VOomzT6VavJOGBeySqaMc,"Disturbia","Good Girl Gone Bad: Reloaded","Rihanna",2008-06-02,238626,87,false,raphaelfr17,2024-10-30T20:08:17Z,"","Def Jam Recordings",0.707,0.814,11,-4.509,0,0.0577,0.0861,0,0.168,0.717,124.921,4
spotify:track:0gsl92EMIScPGV1AU35nuD,"All By Myself","Falling into You","Céline Dion",1996-03-11,312306,76,false,nicmf,2024-10-30T20:14:14Z,"variété française","Columbia",0.344,0.325,11,-10.005,0,0.0287,0.35,0.0223,0.0686,0.0775,118.515,4
spotify:track:1kPpge9JDLpcj15qgrPbYX,"Good Time","The Midsummer Station","Owl City;Carly Rae Jepsen",2012-08-17,205933,82,false,nicmf,2024-10-30T20:14:25Z,"","Universal Records",0.56,0.872,3,-4.269,1,0.14,0.0239,0.00000698,0.371,0.682,126.05,4
spotify:track:3aAoy02NwrmZcqXYYjqNh2,"Good Times","Last Young Renegade","All Time Low",2017-06-02,224946,52,false,nicmf,2024-10-30T20:14:37Z,"pop punk,emo,punk","Fueled By Ramen",0.56,0.887,7,-6.314,1,0.0594,0.00388,0,0.341,0.198,130.026,4
spotify:track:2KrN3MCNztKcSleZgHEj83,"Little Lion Man","Sigh No More","Mumford & Sons",2009-01-01,245173,73,true,nicmf,2024-10-30T20:18:18Z,"folk,indie folk,folk rock","Universal-Island Records Ltd.",0.517,0.492,5,-8.05,1,0.0272,0.0275,0.0000319,0.0873,0.455,138.585,4
spotify:track:4lwV7SpU0JSM1OIm0aIkNP,"Batman Theme - from ""Batman"" A Greenway Production in association with Twentieth Century-Fox Television","Batman Theme & Other Bat Songs (Expanded Edition)","Neal Hefti & his Orchestra and Chorus",1997-12-11,138666,54,false,raphaelfr17,2024-10-30T20:18:26Z,"","BMG Special Products",0.561,0.98,7,-3.373,1,0.035,0.168,0.773,0.264,0.851,151.919,4
spotify:track:6yEPSNEir6vdtlk2HXXXCA,"Batatinha Quando Nasce","Cantigas do Nosso Povo","Marcio Zarsi",2021-08-01,190890,23,false,nicmf,2024-10-30T20:55:06Z,"","Marcio Zarsi",0.719,0.35,10,-9.137,0,0.714,0.845,0,0.324,0.299,111.991,4
spotify:track:2374M0fQpWi3dLnB54qaLX,"Africa","Toto IV","TOTO",1982-04-08,295282,93,false,nicmf,2024-10-31T00:59:29Z,"yacht rock,soft rock","Columbia",0.671,0.373,9,-18.064,1,0.0323,0.257,0.0000801,0.0481,0.732,92.718,4
spotify:track:3ZPKocroJIcnHGcnJVlLKD,"Africa","Weezer (Teal Album)","Weezer",2019-01-24,238626,61,false,nicmf,2024-10-31T00:59:45Z,"rock alternativo","Crush Music/Atlantic",0.534,0.784,8,-3.59,1,0.0339,0.205,0.00579,0.106,0.6,92.147,4
spotify:track:2avKuMN2QXkaG9vvHa2JLt,"Take A Look Around","Chocolate Starfish And The Hot Dog Flavored Water","Limp Bizkit",2000-10-17,321040,85,false,nicmf,2024-10-31T04:20:41Z,"nu metal,rap metal,metal alternativo,rap rock","Interscope",0.425,0.852,11,-5.605,1,0.0461,0.0174,0.311,0.0935,0.499,101.97,4
spotify:track:43lYATbOmhAF0CMDaKrjsU,"Mais Uma Vez","Presente","Renato Russo",2003-01-01,238453,68,false,nicmf,2024-10-31T04:21:14Z,"rock brasileiro,mpb,pop nacional","Universal Music Ltda.",0.686,0.588,10,-6.415,1,0.0264,0.428,0.000798,0.109,0.225,104.002,4
spotify:track:03cOQ7C3n75cqR3sd4AjPS,"Era Uma Vez...","Sonho Azul","Sandy e Junior;Toquinho",1997-01-01,192666,51,false,nicmf,2024-10-31T04:22:04Z,"pop nacional,mpb,canção de ninar,bossa nova,jazz brasileiro,samba","Universal Music Ltda.",0.683,0.65,4,-5.414,1,0.0277,0.594,0,0.322,0.566,129.141,4
spotify:track:1WLmDv4iF7ZSH3TLSh6c7p,"Acorda Amor","Sinal Fechado","Chico Buarque",1974-01-01,140640,47,false,nicmf,2024-10-31T04:27:53Z,"mpb,bossa nova,samba","Universal Music Ltda.",0.547,0.522,0,-13.369,1,0.0762,0.305,0.000083,0.125,0.536,87.616,4
spotify:track:3nPifd7hjanGVp02REhtlH,"My Fun","Memoir of a Sparklemuffin","Suki Waterhouse",2024-09-13,162291,65,false,nicmf,2024-10-31T18:37:03Z,"","Sub Pop Records",0.445,0.699,4,-5.217,1,0.134,0.115,0.00263,0.274,0.847,174.078,4
spotify:track:0eFQWVz0qIxDOvhLpZ40P7,"the lakes - bonus track","folklore (deluxe version)","Taylor Swift",2020-08-18,211813,69,false,nicmf,2024-10-31T19:14:01Z,"","Taylor Swift",0.313,0.258,2,-11.532,1,0.0383,0.842,0.0000013,0.0948,0.268,179.947,4
spotify:track:3t6b9mnZowfdMnbV1pBeXp,"Enquanto Você Dormia","Foco, Força E Fé","Projota",2014-01-01,160240,42,false,nicmf,2024-10-31T19:33:12Z,"hip hop brasileiro,pop nacional","Universal Music Ltda.",0.717,0.76,0,-5.155,0,0.0419,0.109,0,0.183,0.886,79.979,4
spotify:track:0JSux25Te5HYMSr2D64d02,"Levanta e Anda","O Glorioso Retorno de Quem Nunca Esteve Aqui","Emicida;Rael",2013,150439,60,false,raphaelfr17,2024-10-31T22:01:23Z,"hip hop brasileiro,nova mpb","Laboratório Fantasma",0.488,0.931,9,-4.185,1,0.327,0.0907,0,0.446,0.823,87.33,4
spotify:track:7o7E1nrHWncYY7PY94gCiX,"Video Killed The Radio Star","The Age Of Plastic","The Buggles",1980-01-10,252773,77,false,nicmf,2024-10-31T22:01:31Z,"","Universal-Island Records Ltd.",0.682,0.679,1,-11.548,1,0.0755,0.103,0.00831,0.204,0.251,131.157,4
spotify:track:4bDIAWaOBGAAk95nyXI6zJ,"Routines In The Night","Clancy","Twenty One Pilots",2024-05-24,202600,77,false,nicmf,2024-11-01T17:45:29Z,"","Fueled By Ramen",0.755,0.714,9,-5.098,1,0.0511,0.0915,0.000341,0.176,0.107,112.995,4
spotify:track:4b09ITEnxTgyWfWmC6sfcX,"Viva a Vida","Guerra ao Desamor","Felipe Duram",2019-03-29,183557,0,false,nicmf,2024-11-01T18:03:02Z,"sertanejo universitário","SONORA",0.496,0.635,10,-8.294,1,0.0392,0.34,0,0.121,0.282,91.948,4
spotify:track:1mXVgsBdtIVeCLJnSnmtdV,"Too Good At Goodbyes","The Thrill Of It All (Special Edition)","Sam Smith",2017-11-03,201000,85,false,nicmf,2024-11-01T18:42:03Z,"o lado suave do pop","PLG - Capitol",0.715,0.372,5,-8.237,1,0.0443,0.638,0,0.169,0.474,91.931,4
spotify:track:5cZqsjVs6MevCnAkasbEOX,"Break Stuff","Significant Other","Limp Bizkit",1999,166706,88,true,nicmf,2024-11-01T19:09:30Z,"nu metal,rap metal,metal alternativo,rap rock","Interscope",0.432,0.884,8,-6.657,1,0.128,0.0128,0.000457,0.166,0.619,108.835,4
spotify:track:6zrJLhslleCHby0wbUnvVy,"Future Nostalgia","Future Nostalgia","Dua Lipa",2020-03-27,184881,60,false,nicmf,2024-11-01T19:11:11Z,"pop","Warner Records",0.875,0.813,7,-4.502,1,0.0579,0.00618,0,0.321,0.859,114.993,4
spotify:track:3gV7y7IwafryNLEnhh9gKb,"Nostalgia","Nostalgia","Suki Waterhouse",2022-09-08,237316,56,false,nicmf,2024-11-01T19:11:20Z,"","Sub Pop Records",0.518,0.445,6,-7.612,1,0.027,0.0677,0,0.123,0.404,153.988,4
spotify:track:5WHTFyqSii0lmT9R21abT8,"Don't Call Me Up","Ivy To Roses (Mixtape)","Mabel",2019-01-18,178480,76,false,nicmf,2024-11-01T19:59:31Z,"","Polydor Records",0.674,0.881,9,-2.853,1,0.147,0.296,0.00000301,0.0793,0.234,98.994,4
spotify:track:4GvdsVns332wQ3JsWAg2OV,"Funeral","Stranger in the Alps (Deluxe Edition)","Phoebe Bridgers",2018-10-02,232373,65,false,nicmf,2024-11-01T21:15:50Z,"","Dead Oceans",0.218,0.263,11,-14.416,1,0.0376,0.947,0.00028,0.0919,0.307,170.724,4
spotify:track:39lSeqnyjZJejRuaREfyLL,"Hungry Like the Wolf - 2009 Remaster","Rio (Collector's Edition)","Duran Duran",1982-05-10,220626,80,false,nicmf,2024-11-01T22:19:46Z,"new wave,synthpop","Parlophone UK",0.691,0.812,0,-7.772,1,0.0558,0.0433,0.00000116,0.299,0.685,127.568,4
spotify:track:51rfRCiUSvxXlCSCfIztBy,"I Love You, I'm Sorry","The Secret of Us","Gracie Abrams",2024-06-21,157146,89,true,nicmf,2024-11-02T03:03:14Z,"","Gracie Abrams, under exclusive license to Interscope Records",0.53,0.406,10,-7.507,1,0.033,0.656,0,0.133,0.338,115.94,3
spotify:track:2zxSwkWX6VX72dzT7EVa9s,"Vulnerable","Rare (Deluxe)","Selena Gomez",2020-04-09,192172,45,false,nicmf,2024-11-02T03:11:12Z,"","Interscope Records",0.696,0.573,10,-8.882,1,0.168,0.132,0.000139,0.156,0.379,100.03,4
spotify:track:3IQF4xCQUPicbA4hWfTxPo,"I Lived","Native","OneRepublic",2013-01-01,234546,81,false,raphaelfr17,2024-11-02T03:13:18Z,"","Mosley / Interscope",0.593,0.85,9,-5.456,1,0.0447,0.0678,0,0.271,0.344,119.984,4
spotify:track:5LYJ631w9ps5h9tdvac7yP,"Easy Lover","Chinese Wall (Expanded Edition)","Philip Bailey;Phil Collins",1984-10-01,305866,81,false,raphaelfr17,2024-11-02T03:30:09Z,"yacht rock,soft rock","Columbia/Legacy",0.74,0.923,1,-5.082,1,0.0369,0.105,0.000163,0.0825,0.93,128.871,4
spotify:track:4pPexr8z56WxE9cY5PTc2m,"Aedes aegypti","Aedes aegypti","Gambano e os Aventureiros Ambientais;Esmute",2024-04-01,156904,0,false,nicmf,2024-11-02T03:34:58Z,"","6599608 Records DK",0.675,0.622,8,-12.35,1,0.0546,0.0397,0.0000124,0.307,0.83,168.072,4
spotify:track:3Um9toULmYFGCpvaIPFw7l,"What's Going On","What's Going On","Marvin Gaye",1971-05-21,233000,76,false,nicmf,2024-11-02T03:39:46Z,"motown,soul clássico,soul,northern soul,quiet storm","UNI/MOTOWN",0.283,0.716,1,-9.632,0,0.0986,0.447,0,0.399,0.828,201.96,4
spotify:track:0VjIjW4GlUZAMYd2vXMi3b,"Blinding Lights","After Hours","The Weeknd",2020-03-20,200040,93,false,nicmf,2024-11-02T03:44:53Z,"","Republic Records",0.513,0.73,1,-5.94,1,0.0598,0.00143,0.0000954,0.0897,0.334,171.001,4
spotify:track:56SnVQVuJuqnYA6rLdcg32,"Miss Me Blind - Remastered 2003","Colour By Numbers (Remastered / Expanded Edition)","Culture Club",1983-10-01,269880,58,false,nicmf,2024-11-02T03:45:44Z,"","EMI Marketing",0.768,0.816,7,-6.66,0,0.0388,0.394,0,0.313,0.794,121.932,4
spotify:track:0DGVYgHmj4TaMx7FB0UKFz,"Carol, Nycole & Amandinha","Carol, Nycole & Amandinha","MC G DS;Mc Delux;Mc Nigga Dee;Love Funk;O REI DO GRAVE",2024-10-30,169423,0,true,nicmf,2024-11-02T04:08:25Z,"funk,phonk brasileiro,phonk,funk consciente,trap funk","Love Funk",0.902,0.643,1,-5.736,1,0.187,0.553,0.105,0.153,0.593,130.15,4
spotify:track:3vOmmLuvEUgGaVuRsCs2QF,"I Was Made For Loving You","Unbreakable Smile","Tori Kelly;Ed Sheeran",2015-10-16,188939,60,false,nicmf,2024-11-02T04:23:14Z,"o lado suave do pop","Tori Kelly",0.374,0.344,2,-11.94,1,0.0304,0.355,0,0.0966,0.216,106.415,5
spotify:track:07q0QVgO56EorrSGHC48y3,"I Was Made For Lovin' You","Dynasty","KISS",1979-03-23,271240,90,false,nicmf,2024-11-02T04:23:18Z,"glam rock,glam metal,hard rock,rock,rock clássico","Casablanca Records",0.768,0.852,4,-6.215,1,0.038,0.214,0.0000736,0.0723,0.867,128.373,4
spotify:track:0DC7Zs2qvAbNK1owWQ4mlL,"Perfect to Me","Perfect to Me","Anne-Marie",2018-11-02,197853,58,false,nicmf,2024-11-02T04:37:48Z,"","Atlantic Records UK",0.604,0.546,8,-5.691,1,0.151,0.0889,0,0.0734,0.402,179.847,4
spotify:track:1Rzi70QifTTM7TLyQJaraj,"Ligação","Em Comum","NX Zero",2012-01-01,213760,60,false,nicmf,2024-11-02T04:54:27Z,"rock brasileiro,emo,pop nacional","Universal Music Ltda.",0.558,0.907,8,-2.491,0,0.0305,0.368,0,0.11,0.566,94.029,4
spotify:track:4Jv7lweGIUOFQ7Oq2AtAh9,"I Follow Rivers - The Magician Remix","I Follow Rivers (The Magician Remix)","Lykke Li;The Magician",2011-10-10,279635,76,false,nicmf,2024-11-04T02:46:30Z,"","Atlantic Records",0.786,0.696,9,-5.796,0,0.0428,0.0234,0.0019,0.0839,0.306,121.974,4
spotify:track:2phl4xGeVfWAzEEAJiesVV,"I'm Not Famous","The Click","AJR",2017-06-30,220457,44,true,nicmf,2024-11-04T02:54:01Z,"","Black Butter",0.636,0.855,5,-4.19,1,0.0593,0.00134,0,0.31,0.649,95.119,4
spotify:track:7MmG8p0F9N3C4AXdK6o6Eb,"Outside (feat. Ellie Goulding)","Motion","Calvin Harris;Ellie Goulding",2014-10-31,227266,92,false,nicmf,2024-11-04T03:19:39Z,"edm","Columbia",0.646,0.823,2,-4.123,0,0.0394,0.213,0,0.322,0.418,128.035,4
spotify:track:2UOytD96KzsV0PyDI9uPTu,"Sugarcoat","Staying at Tamara's","George Ezra",2018-03-23,202125,46,false,raphaelfr17,2024-11-04T03:41:45Z,"","Columbia",0.706,0.653,5,-6.745,1,0.0368,0.422,0,0.12,0.368,123.954,4
spotify:track:0IsIY8pfu1yaGkPUD7pkDx,"Guess featuring billie eilish","Brat and it’s completely different but also still brat","Charli xcx;Billie Eilish",2024-10-11,143330,80,false,nicmf,2024-11-04T03:23:34Z,"hyperpop,art pop","Atlantic Records",0.78,0.713,0,-4.493,1,0.0888,0.0167,0.206,0.144,0.615,130.034,4
spotify:track:4Nu49YzvXgGYgVm6OALZCT,"Lando Norris","Lando Norris","Maxx Power;Carte Blanq",2023-09-15,162246,47,false,nicmf,2024-11-04T03:49:26Z,"","Maxx Power & Carte Blanq",0.568,0.905,7,-5.513,1,0.0775,0.00188,0.0406,0.159,0.148,127.96,4
spotify:track:62jfDUfr5hmZbK0t1NZXdt,"Seja Nossa Convidada","A Bela e a Fera","Ivon Curi",2012-01-18,225013,43,false,nicmf,2024-11-05T01:25:21Z,"","Walt Disney Records",0.383,0.297,1,-17.29,1,0.102,0.762,0,0.0858,0.6,70.744,4
spotify:track:2xcrseImDFEf8Urommws03,"New Sensation","Kick (Remastered 2011)","INXS",1987,220160,71,false,raphaelfr17,2024-11-05T01:31:32Z,"","Universal Music Australia Pty. Ltd.",0.682,0.954,9,-4.951,1,0.0625,0.00723,0.00004,0.052,0.928,115.475,4
spotify:track:2EqlS6tkEnglzr7tkKAAYD,"Come Together - Remastered 2009","Abbey Road (Remastered)","The Beatles",1969-09-26,259946,83,false,raphaelfr17,2024-11-05T02:34:48Z,"rock clássico,rock psicodélico","EMI Catalogue",0.53,0.376,9,-11.913,0,0.04,0.0304,0.247,0.0926,0.188,164.775,4
spotify:track:1RI9DhIUfZA8ioWHSNI8ZN,"Thank You Baby","Thank You Baby","The Stylistics",1975-05-15,228853,34,false,nicmf,2024-11-05T03:23:54Z,"philly soul,soul clássico,motown,quiet storm","Amherst Records, Inc.",0.411,0.596,10,-6.84,0,0.0303,0.614,0.0000189,0.12,0.309,126.448,4
spotify:track:2fPJDwW4lPWRKAZDr3RoL4,"Christmas in June","OK ORCHESTRA","AJR",2021-03-26,279411,41,true,raphaelfr17,2024-11-06T00:04:12Z,"","Black Butter",0.437,0.463,4,-8.449,1,0.0421,0.367,0,0.131,0.296,130.851,4
spotify:track:5d5R5A3dkYJGnnOKt68bF5,"Vida Louca, Bela e Curta - Ao Vivo","Vida Louca, Bela e Curta (Ao Vivo)","MC Hariel;Mc IG;MC Marks;MC GP;Mc Kanhoto;Mc Luki",2024-08-01,339604,53,false,nicmf,2024-11-06T19:18:34Z,"funk,funk consciente,trap funk","WM Brazil",0.517,0.331,9,-14.504,0,0.473,0.483,0,0.138,0.55,163.892,4
spotify:track:374xDnnG1ZAz43NTvxA8Ig,"Overthinking","Guess It's Just Life","The Astronomers",2021-04-23,165800,51,true,raphaelfr17,2024-11-07T01:58:50Z,"","Woods Ent. Group",0.614,0.629,3,-7.804,1,0.0544,0.129,0,0.112,0.411,79.884,4
spotify:track:3ix6K4wZY29bCujrSznwFZ,"Let's Dance - 2018 Remaster","Let's Dance (2018 Remaster)","David Bowie",1983-04-14,457675,78,false,raphaelfr17,2024-11-07T02:55:59Z,"glam rock,art rock","Parlophone UK",0.654,0.743,10,-7.44,0,0.0605,0.0125,0.0272,0.153,0.632,114.846,4
spotify:track:07XY2sjgaZ5vqfyh9ff5lT,"Locksmith","Simple Like 17","Sadie Jean",2023-12-01,164081,0,false,nicmf,2024-11-07T02:56:57Z,"","Sadie Jean",0.566,0.348,1,-10.726,1,0.0458,0.559,0.00000766,0.113,0.374,98.734,4
spotify:track:1yUXbgFPwjU4etmzkesNQz,"17","Avril Lavigne (Expanded Edition)","Avril Lavigne",2013-11-01,204946,47,false,nicmf,2024-11-07T02:57:09Z,"","Epic",0.676,0.904,8,-3.71,1,0.049,0.0101,0.0000145,0.0678,0.939,139.954,4
spotify:track:4QJLKU75Rg4558f4LbDBRi,"If Today Was Your Last Day","Dark Horse","Nickelback",2008-11-14,249066,76,false,nicmf,2024-11-07T03:00:53Z,"post-grunge,rock","Roadrunner Records",0.485,0.911,3,-5.749,1,0.0355,0.0000867,0,0.092,0.568,89.956,4
spotify:track:5niYBuEDe07PWTkAWC1HnZ,"Pede Pra Eu Ficar (Listen To Your Heart)","Pede Pra Eu Ficar (Listen To Your Heart)","Pabllo Vittar",2024-01-16,192421,46,false,nicmf,2024-11-07T03:04:46Z,"pop nacional,funk pop,tecnobrega","Sony Music Entertainment",0.557,0.886,10,-2.832,0,0.0407,0.0402,0.00000234,0.134,0.486,169.921,4
spotify:track:0eqH0ALoDQevq59YcQ53KE,"Hollaback Girl","Love. Angel. Music. Baby.","Gwen Stefani",2004-11-12,199853,78,true,raphaelfr17,2024-11-07T03:06:32Z,"","Interscope",0.926,0.916,10,-2.221,0,0.0929,0.35,0.00000601,0.0234,0.904,110.009,4
spotify:track:52fjMvE3YNk7lhaxtmVVKv,"Three-Thirty","The Click","AJR",2017-06-30,210283,37,false,raphaelfr17,2024-11-07T03:13:08Z,"","Black Butter",0.656,0.681,6,-4.282,0,0.135,0.3,0,0.246,0.68,95.959,4
spotify:track:2iJuuzV8P9Yz0VSurttIV5,"Scream & Shout","#willpower","will.i.am;Britney Spears",2013-01-01,283400,86,true,nicmf,2024-11-07T03:15:54Z,"pop","Interscope",0.772,0.685,5,-6.849,1,0.0696,0.019,0.0000896,0.131,0.501,130.039,4
spotify:track:49dBB2KMMmsSCIGVwwH0v3,"Don't Go Yet","Familia","Camila Cabello",2022-04-08,164842,52,false,nicmf,2024-11-07T03:17:34Z,"","Epic",0.666,0.796,10,-6.967,0,0.103,0.0492,0,0.0442,0.61,110.108,4
spotify:track:5719MEdRQcH4c3phXqX7WN,"Mal Feito - Ao Vivo","Mal Feito (Ao Vivo)","Hugo & Guilherme;Marília Mendonça",2022-01-14,177934,66,false,nicmf,2024-11-07T03:19:35Z,"sertanejo,sertanejo universitário,agronejo,arrocha,forró","Som Livre",0.732,0.831,0,-3.791,0,0.0691,0.554,0,0.903,0.684,123.942,4
spotify:track:2NlTOhsAamXOaZciOXbITb,"Cold (feat. Future)","Red Pill Blues (Deluxe)","Maroon 5;Future",2018-06-15,234308,79,true,nicmf,2024-11-07T03:25:25Z,"pop,rap,trap","Interscope Records*",0.692,0.717,9,-6.346,0,0.107,0.138,0,0.0464,0.412,99.838,4
spotify:track:5qfZRNjt2TkHEL12r3sDEU,"Everglow","A Head Full of Dreams","Coldplay",2015-12-04,282693,74,false,raphaelfr17,2024-11-07T03:25:22Z,"","Parlophone UK",0.534,0.445,4,-9.155,1,0.0292,0.456,0.0684,0.112,0.136,146.107,4
spotify:track:3JA9Jsuxr4xgHXEawAdCp4,"Just Can’t Get Enough","The Beginning","Black Eyed Peas",2010-01-01,219426,88,false,nicmf,2024-11-07T03:29:22Z,"","A&M",0.659,0.629,0,-8.685,0,0.18,0.19,0,0.105,0.262,94.049,4
spotify:track:7BaCQvgBUYdKxnoIMEb8KW,"Re Tchori","Caminho das Índias - Original Soundtrack","Alexandre de Faria",2009-08-20,211266,13,false,nicmf,2024-11-07T03:43:49Z,"medieval","Som Livre",0.704,0.808,5,-8.801,1,0.0322,0.201,0.00347,0.054,0.963,94.986,4
spotify:track:3FBhYM0JzI6hcl9f5qAXXL,"Beedi","Trilha das Índias","Sukhwinder Singh;Sunidhi Chauhan",2009-01-01,337789,32,false,nicmf,2024-11-07T03:45:20Z,"bollywood,desi,pop hindi","EMI",0.73,0.862,2,-8.062,1,0.0627,0.141,0.00128,0.193,0.485,119.969,4
spotify:track:5B0ibk0qk9ees6wvlzMsZe,"Listen to the Man","Wanted on Voyage (Expanded Edition)","George Ezra",2014-06-30,183680,61,false,raphaelfr17,2024-11-07T04:28:39Z,"","Columbia",0.599,0.551,9,-5.937,1,0.0317,0.503,0,0.0875,0.538,121.122,4
spotify:track:4qsOrxBv09HhNSpsgMRXdC,"Esqueça-Me Se For Capaz","Festa das Patroas 35%","Marília Mendonça;Maiara & Maraisa",2021-10-14,169058,72,false,nicmf,2024-11-07T04:28:14Z,"sertanejo,sertanejo universitário,arrocha,forró","Som Livre",0.799,0.685,6,-5.366,0,0.0725,0.276,0,0.13,0.623,122.013,4
spotify:track:7Ar4G7Ci11gpt6sfH9Cgz5,"Listen to the Music","Toulouse Street","The Doobie Brothers",1972,227266,84,false,nicmf,2024-11-07T04:28:37Z,"yacht rock,rock clássico,soft rock,southern rock","Warner Records",0.645,0.598,1,-13.18,0,0.0334,0.221,0.00000353,0.0721,0.913,105.929,4
spotify:track:4fxF8ljwryMZX5c9EKrLFE,"Boombastic","Boombastic","Shaggy",1995-07-11,249933,81,false,raphaelfr17,2024-11-07T04:34:40Z,"reggae","Virgin Records",0.867,0.538,2,-16.183,1,0.361,0.242,0.0000175,0.316,0.781,158.328,4
spotify:track:64ePZsgVWO1zRVpHxY2VYC,"Maturidade (feat. Matheus & Kauan)","Naturalmente","Avine Vinny;Matheus & Kauan",2019-04-26,193525,42,false,nicmf,2024-11-07T04:38:13Z,"piseiro,forró,sertanejo,arrocha,sertanejo universitário,agronejo","Sony Music Entertainment",0.603,0.865,7,-3.866,0,0.0516,0.543,0,0.704,0.759,148.019,4
spotify:track:3KliPMvk1EvFZu9cvkj8p1,"Work Bitch","Britney Jean (Deluxe Version)","Britney Spears",2013-11-30,247960,75,true,nicmf,2024-11-07T04:41:36Z,"pop","RCA Records Label",0.629,0.824,9,-6.53,1,0.159,0.155,0.000628,0.0651,0.852,128.01,4
spotify:track:7pYFPMeK0TnaTGdS6qOtEr,"Waterfall","Waterfall","Stargate;P!nk;Sia",2017-03-10,200029,52,false,nicmf,2024-11-07T18:17:18Z,"","Interstellar Music/RCA Records",0.372,0.919,11,-1.68,0,0.3,0.0987,0,0.234,0.419,182.785,4
spotify:track:1bqRtNOcT1QiV1j87IoATA,"Que Pais É Este","Que Pais E Este","Legião Urbana",1987,178733,63,false,nicmf,2024-11-07T18:45:16Z,"rock brasileiro,mpb,pop nacional","EMI Brazil",0.436,0.711,0,-12.769,1,0.0348,0.0000216,0.142,0.0912,0.386,145.581,4
spotify:track:6qspW4YKycviDFjHBOaqUY,"Waterfalls","Crazysexycool","TLC",1994-11-15,279506,82,false,nicmf,2024-11-07T18:50:20Z,"","Arista/LaFace Records",0.769,0.505,1,-7.345,1,0.0829,0.311,0.0000749,0.0777,0.757,171.804,4
spotify:track:70Cp0ukCMyWeJML77NGERU,"Semi-Automatic","Vessel","Twenty One Pilots",2013-01-08,253680,65,false,nicmf,2024-11-07T19:45:14Z,"","Fueled By Ramen",0.78,0.716,6,-4.551,0,0.0439,0.0489,0.00000592,0.0704,0.362,105.017,4
spotify:track:1b0sV4coLmS3ri2kZjr98z,"Tell Me It's Okay - Demo","Paramore (Deluxe Edition)","Paramore",2013-04-09,163517,62,false,raphaelfr17,2024-11-08T02:25:20Z,"pop punk,emo","Fueled By Ramen",0.458,0.906,4,-4.291,1,0.219,0.0516,0,0.0955,0.592,158.076,4
spotify:track:4bz7uB4edifWKJXSDxwHcs,"Galvanize","Push The Button","The Chemical Brothers;Q-Tip",2005-01-01,393813,74,false,raphaelfr17,2024-11-08T04:19:12Z,"big beat,dance alternativo,eletronic,east coast hip hop","Virgin Records",0.745,0.714,7,-3.681,1,0.0751,0.0141,0.0222,0.363,0.365,104.003,4
spotify:track:2Pdkupttp33m10ug37TDqt,"Tão bem","O Último Romântico","Lulu Santos",1983-10-20,244133,47,false,nicmf,2024-11-08T04:20:32Z,"mpb,rock brasileiro,pop nacional","WEA Latina",0.581,0.658,0,-11.49,1,0.0391,0.63,0,0.246,0.746,87.157,4
spotify:track:7AclP0W2jy6yrbvBiC4prQ,"Setting the World On Fire (with P!NK)","Cosmic Hallelujah","Kenny Chesney;P!nk",2017-04-28,218733,61,false,nicmf,2024-11-08T04:24:10Z,"country","Legacy Recordings",0.61,0.822,0,-4.422,1,0.0355,0.0171,0.00000188,0.093,0.437,93.993,4
spotify:track:0rAX31FT5w3ZQbQMUSkxy8,"Lança Perfume","Rita Hits","Rita Lee;Roberto De Carvalho",1984-02-07,127840,69,false,nicmf,2024-11-08T04:31:47Z,"mpb,rock brasileiro","EMI Brazil",0.843,0.528,4,-12.88,1,0.0473,0.0396,0.0202,0.0594,0.962,127.284,4
spotify:track:482XZcS2qgKKsVQZzFtjkg,"Lança Menina","Escândalo Íntimo","Luísa Sonza",2024-05-28,117963,57,true,nicmf,2024-11-08T04:31:52Z,"pop nacional,funk pop,funk","Sony Music Entertainment",0.673,0.91,9,-4.579,0,0.216,0.213,0.0000026,0.128,0.765,148.044,4
spotify:track:1qRA5BS78u3gME0loMl9AA,"For What It's Worth","Buffalo Springfield","Buffalo Springfield",1966-12-05,153693,84,false,raphaelfr17,2024-11-10T03:09:55Z,"folk rock,country rock","Rhino/Elektra",0.653,0.519,2,-10.164,1,0.0497,0.406,0.0209,0.101,0.822,98.883,4
spotify:track:0BcP3FTTxSty93nTnB2a9H,"Powerful","Peace Is The Mission : Extended","Major Lazer;Ellie Goulding;Tarrus Riley",2015-11-27,206327,58,false,nicmf,2024-11-10T03:39:04Z,"moombahton,lovers rock,reggae,dancehall,reggae raiz,riddim,ragga,soca","Third Pardee Records",0.598,0.792,11,-4.043,0,0.0478,0.121,0,0.158,0.732,97.479,3
spotify:track:5D2mYZuzcgjpchVY1pmTPh,"Candy Shop","The Massacre","50 Cent;Olivia",2005-03-03,209106,85,true,nicmf,2024-11-10T05:07:57Z,"hip hop old school,east coast hip hop","Aftermath/Shady",0.613,0.574,11,-7.961,1,0.467,0.0253,0.0000313,0.38,0.755,125.18,5
spotify:track:0PHGV9pWYv91WCeCXhdWye,"Triste","Elis & Tom","Elis Regina;Tom Jobim",1974-06-17,162368,62,false,nicmf,2024-11-10T05:11:45Z,"mpb,bossa nova,jazz brasileiro,jazz latino","Universal Music Ltda.",0.698,0.364,0,-14.853,1,0.0681,0.736,0.00631,0.0984,0.54,138.143,4
spotify:track:3YRCqOhFifThpSRFJ1VWFM,"November Rain","Use Your Illusion I","Guns N' Roses",1991-09-17,536066,88,false,nicmf,2024-11-10T05:12:28Z,"rock,glam metal,hard rock,rock clássico","Guns N Roses P&D",0.294,0.64,11,-9.316,1,0.0291,0.016,0.22,0.112,0.226,79.79,4
spotify:track:2wkIdVB8HsWyMur3Q4shlZ,"wish i loved you in the 90s","TOO YOUNG TO BE SAD","Tate McRae",2021-03-26,176834,64,false,nicmf,2024-11-10T05:20:36Z,"","RCA Records Label",0.435,0.481,1,-8.787,1,0.0327,0.871,0,0.136,0.38,77.398,4
spotify:track:6I9VzXrHxO9rA9A5euc8Ak,"Toxic","In The Zone","Britney Spears",2003-11-13,198800,91,false,nicmf,2024-11-10T05:22:51Z,"pop","Jive",0.774,0.838,5,-3.914,0,0.114,0.0249,0.025,0.242,0.924,143.04,4
spotify:track:53GglwDT0KGpNxTRNtmJIb,"One Time - Acoustic Version","My Worlds - The Collection (International Package)","Justin Bieber",2010-01-01,186266,47,false,nicmf,2024-11-10T05:24:16Z,"","RBMG/Def Jam",0.763,0.671,10,-6.941,0,0.033,0.039,0,0.14,0.897,146.023,4
spotify:track:569sXXQ7t0jSdqHooi2yqs,"Cold As You","Taylor Swift (Deluxe Edition)","Taylor Swift",2006-10-24,239013,54,false,nicmf,2024-11-10T05:32:00Z,"","Taylor Swift",0.418,0.482,5,-5.769,1,0.0266,0.217,0,0.123,0.261,175.558,4
spotify:track:4SSnFejRGlZikf02HLewEF,"bury a friend","WHEN WE ALL FALL ASLEEP, WHERE DO WE GO?","Billie Eilish",2019-03-29,193143,77,false,nicmf,2024-11-10T05:32:14Z,"","Darkroom/Interscope Records",0.905,0.389,8,-14.505,1,0.332,0.74,0.162,0.106,0.196,120.046,4
spotify:track:0ct0vSOkP0IZnbPGiDltCR,"I Bet My Life","Smoke + Mirrors (Deluxe)","Imagine Dragons",2015-05-11,192706,65,false,nicmf,2024-11-10T05:33:40Z,"","Kid Ina Korner / Interscope",0.545,0.659,1,-8.18,1,0.0394,0.367,0.00111,0.415,0.599,108.04,4
spotify:track:7tI8dRuH2Yc6RuoTjxo4dU,"Who","MUSE","Jimin",2024-07-19,170887,86,false,nicmf,2024-11-10T05:49:58Z,"k-pop","BIGHIT MUSIC",0.66,0.756,0,-3.743,0,0.032,0.00289,0,0.193,0.838,116.034,4
spotify:track:1vJKO2Phq0XB5MoZ6iMx8x,"Wishful Thinking","This Is What It Feels Like","Gracie Abrams",2021-11-12,160561,56,false,nicmf,2024-11-10T05:51:54Z,"","Gracie Abrams, under exclusive license to Interscope Records",0.679,0.523,7,-7.36,1,0.0352,0.429,0.0000152,0.187,0.287,120.032,4
spotify:track:2plbrEY59IikOBgBGLjaoe,"Die With A Smile","Die With A Smile","Lady Gaga;Bruno Mars",2024-08-16,251667,93,false,nicmf,2024-11-10T05:53:32Z,"art pop,pop","Interscope",0.521,0.592,6,-7.777,0,0.0304,0.308,0,0.122,0.535,157.969,3
spotify:track:1daDRI9ahBonbWD8YcxOIB,"Angels Like You","Plastic Hearts","Miley Cyrus",2020-11-27,196454,84,false,nicmf,2024-11-10T06:02:31Z,"","RCA Records Label",0.672,0.642,5,-4.035,1,0.0313,0.0981,0,0.1,0.494,121.981,4
spotify:track:4PqBmKuuj6kp0W80iW7GR2,"Eu Só Quero um Xodó","Nas Costas Do Brasil","Dominguinhos",1999,192000,52,false,nicmf,2024-11-10T06:03:24Z,"forró tradicional,forró","Galeão Produções Artísticas Musicais e Comércio Ltda.",0.711,0.862,1,-8.806,0,0.0405,0.154,0.0000196,0.131,0.755,94.013,4
spotify:track:3afkJSKX0EAMsJXTZnDXXJ,"Strawberries & Cigarettes","Strawberries & Cigarettes","Troye Sivan",2018-03-16,201538,74,false,nicmf,2024-11-10T06:06:03Z,"","EMI Recorded Music Australia Pty Ltd",0.578,0.537,9,-8.676,1,0.0832,0.162,0,0.076,0.25,83.909,4
spotify:track:7oGZAicScQt96OAW4AruYy,"Want to Want Me","Everything Is 4","Jason Derulo",2015-05-29,207719,76,false,nicmf,2024-11-11T01:25:03Z,"","Beluga Heights/Warner Records",0.775,0.68,0,-5.508,0,0.0629,0.00906,0,0.109,0.656,114.025,4
spotify:track:6xGruZOHLs39ZbVccQTuPZ,"Glimpse of Us","Glimpse of Us","Joji",2022-06-10,233456,10,false,nicmf,2024-11-11T01:48:11Z,"","88rising Music/Warner Records",0.44,0.317,8,-9.258,1,0.0531,0.891,0.00000478,0.141,0.268,169.914,3
spotify:track:4KL9AAGv9aeWLShjA6qir9,"O Pastorzinho (The Lonely Goatherd)","A Noviça Rebelde (The Sound Of Music - Temas Originais Da Montagem Brasileira)","Coral A Noviça Rebelde",2008-03-14,170733,12,false,nicmf,2024-11-11T02:24:00Z,"","Sony BMG Music Entertainment",0.637,0.397,5,-6.999,1,0.0275,0.847,0,0.0858,0.826,105.325,4
spotify:track:5Z4TYur0O9OxmxIo6GC2Gq,"Oi, Como Ce Tá?","Oi, Como Ce Tá?","Vulgo FK;AMUSIK;WEY;Wall Hein",2022-02-18,156153,68,false,nicmf,2024-11-11T02:33:21Z,"trap brasileiro,trap funk,trap,funk,hip hop brasileiro","Elenko Music",0.704,0.724,11,-5.577,0,0.0514,0.0988,0,0.0796,0.733,156.101,4
spotify:track:2u7mxWSeoqTXndK5e08jMp,"Nowadays (feat. Landon Cube)","Life of a Dark Rose","Lil Skies;Landon Cube",2017-12-12,203907,70,true,nicmf,2024-11-11T03:21:08Z,"rap melódico","All We Got Ent.",0.745,0.646,6,-6.987,0,0.17,0.157,0,0.338,0.46,79.993,4
spotify:track:5qP1EhyVCDgyjqEMoJPUWA,"What If","All Of You","Colbie Caillat",2011-01-01,225120,49,false,nicmf,2024-11-11T04:36:47Z,"","Universal Records",0.609,0.837,4,-5.686,1,0.0359,0.269,0.00000122,0.0955,0.647,121.995,4
spotify:track:2SQ9RmQAOxGICUSt9T5dIX,"No More What Ifs","Persona 5 Royal: Original Soundtrack","Lyn",2022-02-22,240666,62,false,raphaelfr17,2024-11-11T04:36:48Z,"vgm japonesa","株式会社アトラス",0.83,0.352,2,-13.2,1,0.0372,0.276,0.0194,0.112,0.493,139.952,4
spotify:track:7zVCrzzEJU7u24sbJPXA5W,"What Ifs (feat. Lauren Alaina)","Kane Brown","Kane Brown;Lauren Alaina",2016-12-02,188270,74,false,nicmf,2024-11-11T04:36:53Z,"country,pop country","RCA Records Label Nashville",0.612,0.799,10,-4.603,1,0.0275,0.00898,0,0.172,0.687,125.976,4
spotify:track:4uQY80TKE1u4ZQZQKHzVEi,"The One That Got Away","Teenage Dream","Katy Perry",2010-08-24,227333,80,false,raphaelfr17,2024-11-11T05:25:46Z,"pop","Capitol Records",0.689,0.795,1,-4.021,0,0.0356,0.000812,0.00000107,0.156,0.876,133.968,4
spotify:track:5yJrFBj0paZaT096z48eq4,"Spotlight","A Year Without Rain (International Standard Version)","Selena Gomez & The Scene",2010-01-01,211333,34,false,nicmf,2024-11-11T05:52:35Z,"","Hollywood Records",0.73,0.737,9,-3.733,1,0.0847,0.355,0.0000444,0.414,0.76,98.004,4
spotify:track:2aEuXA1KswHlCGPOuPmCOW,"Touch My Body","E=MC2 (Deluxe Version)","Mariah Carey",2008-04-04,204733,79,false,nicmf,2024-11-13T01:21:23Z,"natal","Def Jam Recordings",0.714,0.665,4,-7.736,0,0.0509,0.0996,0,0.226,0.842,78.515,4
spotify:track:14BH4qO7pgCmIe6mgLKOK3,"Someone To You","Empires On Fire","BANNERS",2017-11-03,219800,73,false,raphaelfr17,2024-11-13T01:43:14Z,"","Island Records",0.468,0.936,2,-3.683,1,0.0455,0.00568,0,0.24,0.663,75.05,4
spotify:track:0q6LuUqGLUiCPP1cbdwFs3,"On Melancholy Hill","Plastic Beach","Gorillaz",2010-03-05,233866,81,false,raphaelfr17,2024-11-13T03:03:16Z,"","Parlophone UK",0.689,0.739,2,-5.81,1,0.026,0.0000151,0.509,0.064,0.578,120.423,4
spotify:track:15tHagkk8z306XkyOHqiip,"I'll Be There for You - Theme From ""Friends""","L.P.","The Rembrandts",1995-05-02,188359,72,false,nicmf,2024-11-13T03:30:57Z,"","Atlantic Records",0.32,0.917,9,-5.903,1,0.0771,0.0717,0,0.169,0.715,190.757,4
spotify:track:6qITzB4gf2RKNJMXQ5bIRZ,"I'll Be Around","How Sweet It Is","Joan Osborne",2002-09-24,270973,40,false,nicmf,2024-11-13T03:31:09Z,"","Intersound",0.811,0.772,11,-6.309,0,0.0352,0.0961,0.000122,0.0764,0.858,98.214,4
spotify:track:5Jh1i0no3vJ9u4deXkb4aV,"so american","GUTS (spilled)","Olivia Rodrigo",2024-03-22,169717,79,true,nicmf,2024-11-13T04:36:31Z,"","Olivia Rodrigo PS",0.435,0.947,8,-1.896,1,0.117,0.0337,0,0.691,0.503,93.278,4
spotify:track:4Os8PkkCOGUmPd0tpenyQF,"Isso é ridículo (Participação especial Ari)","Isso é ridículo (Participação especial Ari)","UM44K;Ari",2017-02-10,207960,39,false,nicmf,2024-11-13T04:40:30Z,"pop nacional,hip hop brasileiro,nova mpb,mpb","WM Brazil",0.769,0.515,5,-7.686,0,0.0348,0.34,0.0000685,0.113,0.339,90.036,4
spotify:track:4pFvEWbjBpPUdYRQly0THs,"Today Was A Fairytale","Today Was A Fairytale","Taylor Swift",2011-02-15,242480,51,false,nicmf,2024-11-13T04:43:43Z,"","Taylor Swift",0.491,0.703,7,-4.5,1,0.0319,0.0307,0.00000572,0.167,0.344,157.988,4
spotify:track:7oJtjEkcsXLGcuXaZ8o2VJ,"Gone Going","Monkey Business","Black Eyed Peas",2005-01-01,193920,52,false,raphaelfr17,2024-11-13T04:52:41Z,"","Interscope",0.804,0.822,11,-4.299,0,0.0821,0.112,0,0.281,0.737,99.072,4
spotify:track:3PUIguYpwKFXmfGD6uU7Jl,"Glad He's Gone","Sunshine Kitty","Tove Lo",2019-09-20,196348,51,true,nicmf,2024-11-13T04:52:47Z,"","Universal Music AB",0.795,0.596,1,-8.073,1,0.0703,0.0823,0,0.128,0.506,91.026,4
spotify:track:5P3yUXUC9rZPJPNmYGKEAz,"Goner","Blurryface","Twenty One Pilots",2015-05-15,236733,65,false,nicmf,2024-11-13T04:53:12Z,"","Fueled By Ramen",0.565,0.437,6,-7.68,0,0.0403,0.194,0.00000714,0.0656,0.217,96.132,3
spotify:track:3XVBdLihbNbxUwZosxcGuJ,"If I Ain't Got You","The Diary Of Alicia Keys","Alicia Keys",2003-12-02,228706,88,false,nicmf,2024-11-13T04:53:37Z,"r&b,neo soul","J Records",0.609,0.444,7,-9.129,1,0.106,0.603,0.00000686,0.104,0.166,118.402,3
spotify:track:7kqRUSEveG8DpWdNtYa9Ws,"Curious George Theme Song","Curious George: A Very Monkey Christmas (Music from the Motion Picture)","Dr. John",2009-11-09,51573,47,false,nicmf,2024-11-13T04:54:04Z,"cajun,zydeco","Back Lot Music",0.804,0.54,5,-11.026,1,0.183,0.19,0,0.0689,0.932,109.319,4
spotify:track:7Mts0OfPorF4iwOomvfqn1,"So High School","THE TORTURED POETS DEPARTMENT: THE ANTHOLOGY","Taylor Swift",2024-04-19,228800,77,false,nicmf,2024-11-13T04:56:45Z,"","Taylor Swift",0.366,0.866,7,-4.514,1,0.0466,0.0274,0.00000307,0.106,0.293,176.07,4
spotify:track:3eR23VReFzcdmS7TYCrhCe,"It Ain't Me (with Selena Gomez)","It Ain't Me (with Selena Gomez)","Kygo;Selena Gomez",2017-02-16,220780,84,false,nicmf,2024-11-13T05:08:40Z,"tropical house","Kygo",0.64,0.533,0,-6.596,1,0.0706,0.119,0,0.0864,0.515,99.968,4
spotify:track:7xoUc6faLbCqZO6fQEYprd,"One Last Time","My Everything (Deluxe)","Ariana Grande",2014-08-22,197266,90,false,nicmf,2024-11-14T01:19:23Z,"pop","Universal Records",0.628,0.593,8,-5.036,1,0.0323,0.093,0.00000165,0.096,0.104,125.025,4
spotify:track:0Tn6mtt28qapllUQSAYYen,"I Believe","My Innermost","Joana Zimmer",2005-01-01,273640,43,false,nicmf,2024-11-14T01:21:04Z,"","Polydor",0.558,0.589,9,-3.908,0,0.0447,0.261,0,0.0992,0.224,132.131,4
spotify:track:3RrJTOClOgMAc9FQ7QDwv7,"Undercover","Stars Dance (Bonus Track Version)","Selena Gomez",2013-01-01,233360,51,false,nicmf,2024-11-14T01:54:16Z,"","Hollywood Records",0.634,0.683,6,-6.61,0,0.118,0.0148,0.000284,0.129,0.734,128,4
spotify:track:0aMmjlO0rkJnHTRE1AZlZM,"Chumbo Trocado Não Dói","As Melhores","Naiara Azevedo",2016-03-24,162445,25,false,nicmf,2024-11-14T01:54:57Z,"sertanejo,sertanejo universitário","MM Music",0.802,0.937,10,-3.934,1,0.0389,0.0777,0,0.0936,0.923,95.954,4
spotify:track:0gG4SZ5weal3dd11pf5SzV,"Perry the Platypus Theme","Phineas and Ferb","Randy Crenshaw",2009-01-01,47240,48,false,nicmf,2024-11-14T01:59:54Z,"","Walt Disney Records",0.638,0.879,7,-3.839,1,0.245,0.189,0.00000273,0.0788,0.881,164.786,4
spotify:track:1SJtlNRJDeYHioymcvsqev,"Crying in the Club","Crying in the Club","Camila Cabello",2017-05-18,216391,72,false,nicmf,2024-11-14T02:13:32Z,"","Syco Music/Epic",0.334,0.617,6,-5.834,0,0.383,0.334,0,0.163,0.603,85.227,4
spotify:track:7w87IxuO7BDcJ3YUqCyMTT,"Pumped Up Kicks","Torches","Foster The People",2011-05-23,239600,91,false,nicmf,2024-11-14T03:20:01Z,"","Columbia",0.733,0.71,5,-5.849,0,0.0292,0.145,0.115,0.0956,0.965,127.975,4
spotify:track:2MzmobpruYSw7n93RdEWGU,"I Hate Boys","Bionic (Deluxe Version)","Christina Aguilera",2010-06-08,144160,41,true,nicmf,2024-11-14T03:20:19Z,"","RCA/Legacy",0.758,0.661,1,-5.609,1,0.101,0.00861,0.000649,0.955,0.592,138.051,4
spotify:track:3W3KtDwAIg3mAruSpnfG3Q,"Fancy","The New Classic (Deluxe Version)","Iggy Azalea;Charli xcx",2014-01-01,199938,74,true,nicmf,2024-11-14T03:36:21Z,"hyperpop,art pop","EMI",0.912,0.716,10,-4.141,0,0.0698,0.0904,0,0.0491,0.377,94.981,4
spotify:track:3Vo4wInECJQuz9BIBMOu8i,"Finesse - Remix; feat. Cardi B","Finesse (Remix) [feat. Cardi B]","Bruno Mars;Cardi B",2017-12-20,217288,81,false,nicmf,2024-11-14T03:36:38Z,"","Atlantic Records",0.704,0.859,5,-4.877,0,0.0996,0.0185,0,0.0215,0.926,105.115,4
spotify:track:0J6cINt02c8UQqDG7vLShY,"Gelo","Gelo","Melim",2019-08-20,149727,56,false,nicmf,2024-11-14T03:40:16Z,"mpb,pop nacional,nova mpb","Universal Music Ltda.",0.542,0.563,0,-7.446,1,0.0958,0.242,0,0.109,0.897,169.909,4
spotify:track:7nFvKgVumc9FcU97zGjjei,"Coração de Gelo","Manual de Como Amar Errado","WIU",2022-11-29,168000,69,true,nicmf,2024-11-14T03:40:20Z,"trap brasileiro,trap,trap funk,hip hop brasileiro","Sony Music Entertainment",0.732,0.671,10,-4.276,0,0.082,0.124,0,0.128,0.836,159.907,4
spotify:track:6EL0AIWsteoAMa1tD08xB0,"Djêlo","Djêlo","Nauta;Original Quality",2023-02-17,108607,33,true,raphaelfr17,2024-11-14T03:40:36Z,"trap brasileiro,hip hop brasileiro,trap,trap funk","OQProduções",0.887,0.918,10,-3.858,0,0.247,0.248,0,0.19,0.863,136.974,4
spotify:track:0wavGRldH0AWyu2zvTz8zb,"Sweet Nothing","Midnights","Taylor Swift",2022-10-21,188496,70,false,nicmf,2024-11-14T03:46:23Z,"","Taylor Swift",0.336,0.161,0,-14.973,1,0.0456,0.968,0.00011,0.115,0.407,176.48,4
spotify:track:24LS4lQShWyixJ0ZrJXfJ5,"Sweet Nothing (feat. Florence Welch)","18 Months","Calvin Harris;Florence Welch",2012-10-29,212560,85,false,nicmf,2024-11-14T03:46:25Z,"edm","Columbia",0.573,0.929,8,-3.942,0,0.109,0.197,0.000112,0.0567,0.582,127.934,4
spotify:track:0rILJVRD7waDGOFzoyruI2,"No Angels","No Angels","Bastille;Ella Eyre",2023-06-15,232373,60,false,raphaelfr17,2024-11-14T04:20:53Z,"","UMC (Universal Music Catalogue)",0.28,0.756,6,-5.187,0,0.107,0.602,0.00000142,0.2,0.287,84.697,4
spotify:track:2wL17lKcJQdXAwKZ8jlXCL,"Um certo alguém","O Ritmo do Momento","Lulu Santos",1983-01-01,213573,65,false,nicmf,2024-11-14T05:05:00Z,"mpb,rock brasileiro,pop nacional","WM Brazil",0.683,0.709,9,-11.404,1,0.0299,0.513,0.00000219,0.088,0.84,134.682,4
spotify:track:1Tg0fM99qXBYFlFvyiPysj,"Com Quem Será - Ao Vivo","Laje 67 (Ao Vivo)","Atitude 67",2018-09-05,137800,34,false,raphaelfr17,2024-11-14T05:06:36Z,"pagode,samba,pop nacional","Universal Music Ltda.",0.683,0.887,7,-5.783,1,0.072,0.56,0,0.467,0.689,149.965,4
spotify:track:4hJfmMjy3wFIOknfYwhouY,"Wolves","Made In The A.M. (Deluxe Edition)","One Direction",2015-11-13,241536,66,false,nicmf,2024-11-14T05:22:49Z,"","Syco Music",0.626,0.818,5,-4.243,1,0.057,0.114,0,0.0504,0.527,123.453,4
spotify:track:7dI0mSvbdJTynUnEkWIom1,"Oldies Station","Clancy","Twenty One Pilots",2024-05-24,228000,67,false,raphaelfr17,2024-11-15T04:13:57Z,"","Fueled By Ramen",0.748,0.556,9,-7.122,1,0.0276,0.504,0.0000121,0.12,0.445,101.004,4
spotify:track:5YbgcwHjQhdT1BYQ4rxWlD,"Don't Worry Be Happy","The Collection","Bobby McFerrin",1997-01-01,292400,71,false,nicmf,2024-11-15T04:14:01Z,"","EMI Gold",0.681,0.163,11,-22.597,1,0.165,0.881,0.0000762,0.0688,0.771,69.283,4
spotify:track:77vDHmiANW3JS2gNN5q7pI,"Fall Away","Twenty One Pilots","Twenty One Pilots",2009-12-29,182000,1,false,nicmf,2024-11-15T04:15:22Z,"","Twenty One Pilots",0.816,0.766,5,-5.176,1,0.0565,0.238,0.0127,0.0893,0.696,120.011,4
spotify:track:1klDPm7SfsS32hl7KHV9iy,"Stuck In A Moment You Can't Get Out Of","All That You Can't Leave Behind","U2",2000-01-01,273466,69,false,raphaelfr17,2024-11-15T04:16:45Z,"rock","Universal-Island Records Ltd.",0.526,0.665,4,-4.997,1,0.0243,0.407,0.000271,0.169,0.285,158.493,4
spotify:track:1GCjGQ2zBYumwdSF3uVCfX,"Disconnected","Persona 3 Reload: Episode Aigis Original Soundtrack","Azumi Takahashi;Lotus Juice;アトラスサウンドチーム;ATLUS GAME MUSIC",2024-09-10,286906,55,false,raphaelfr17,2024-11-15T04:20:04Z,"vgm japonesa,trilha sonora","ATLUS GAME MUSIC",0.471,0.795,4,-7.078,0,0.0479,0.00535,0,0.372,0.403,93.99,4
spotify:track:3SdingSsFcZDZAyvcJbgAw,"Can't Buy Me Love - Remastered 2009","A Hard Day's Night (Remastered)","The Beatles",1964-07-10,131866,70,false,nicmf,2024-11-17T18:28:19Z,"rock clássico,rock psicodélico","EMI Catalogue",0.483,0.677,0,-5.91,1,0.0593,0.283,0,0.321,0.842,170.72,4
spotify:track:3Zwu2K0Qa5sT6teCCHPShP,"Thnks fr th Mmrs","Infinity On High","Fall Out Boy",2007-01-01,203506,84,false,raphaelfr17,2024-11-17T19:05:44Z,"emo,pop punk","Island Records",0.46,0.892,10,-5.046,0,0.0619,0.0051,0,0.106,0.59,154.844,4
spotify:track:60bd17bfQ8vvNaqah8BsEo,"Don't Give Up","Gold Rush Kid","George Ezra",2022-06-10,185809,45,false,raphaelfr17,2024-11-17T20:24:19Z,"","Columbia",0.656,0.657,11,-7.238,1,0.0376,0.396,0.00331,0.203,0.545,86.035,4
spotify:track:5qlJg0Wbj3sslxfwiaRNpq,"I Don't Want To Miss A Thing - From ""Armageddon"" Soundtrack","I Don't Want To Miss A Thing EP","Aerosmith",1998-08-18,299723,84,false,nicmf,2024-11-17T20:27:55Z,"rock clássico,rock","Aerosmith P&D - Sony",0.39,0.649,2,-5.163,1,0.0345,0.172,0,0.216,0.144,121.161,4
spotify:track:6BFBDnClPEfm56r8fdC28C,"Mais Uma De Amor (Geme Geme)","As Aventuras Da Blitz","Blitz",1982-09-16,234386,52,false,nicmf,2024-11-17T20:28:36Z,"rock brasileiro,mpb,pop nacional","EMI Music Brasil Ltda",0.481,0.8,0,-8.414,1,0.0459,0.125,0.00000392,0.804,0.752,84.742,4
spotify:track:2x0RZdkZcD8QRI53XT4GI5,"SOS (feat. Aloe Blacc)","TIM","Avicii;Aloe Blacc",2019-06-06,157202,74,false,nicmf,2024-11-17T20:36:29Z,"edm","Pophouse Entertainment Group",0.802,0.645,5,-6.181,0,0.0715,0.272,0,0.119,0.376,100.001,4
spotify:track:1FeLpvQSsUW5d4itl1smHS,"Dexter's Laboratory Main Theme (From ""Dexter's Laboratory"")","Dexter's Laboratory Main Theme (From ""Dexter's Laboratory"")","Geek Music",2020-07-23,87621,28,false,nicmf,2024-11-17T20:48:08Z,"anime","Geek Music",0.382,0.448,8,-10.716,0,0.0354,0.206,0.211,0.337,0.338,81.893,4
spotify:track:40bK2uosUmAS92c17n98xd,"Acordando o Prédio","Acordando o Prédio","Luan Santana",2017-02-03,218467,69,false,nicmf,2024-11-17T21:02:53Z,"sertanejo,sertanejo universitário,arrocha","Som Livre",0.699,0.739,1,-6.198,0,0.0513,0.6,0.00361,0.389,0.764,92.989,4
spotify:track:0k70HfFx7rqehJDmYk8FKh,"Área 51","Abaixo de Zero: Hello Hell","Black Alien",2019-04-12,165858,1,false,nicmf,2024-11-17T21:19:09Z,"hip hop brasileiro,boom bap","Extrapunk Extrafunk",0.827,0.59,0,-5.713,1,0.372,0.766,0,0.122,0.672,169.961,4
spotify:track:3cU2wBxuV6nFiuf6PJZNlC,"Dear Future Husband","Title (Deluxe)","Meghan Trainor",2015-01-12,184214,73,false,nicmf,2024-11-17T22:41:59Z,"","Epic",0.655,0.782,1,-4.789,1,0.185,0.375,0,0.317,0.832,79.427,4
spotify:track:7FYH5AW3bVfZHJIQpq3UOA,"I Don't Fuck With You","Dark Sky Paradise","Big Sean;E-40",2015-02-23,284386,79,true,nicmf,2024-11-17T22:42:51Z,"hyphy,west coast hip hop,g-funk","Getting Out Our Dreams Inc. (G.O.O.D.) Music / IDJ",0.824,0.733,1,-5.474,1,0.0614,0.0362,0,0.325,0.395,97.971,4
spotify:track:6hFwju6M40CKovKBPu5IpY,"ACORDA PEDRINHO","Acorda, Pedrinho","Jovem Dionisio",2022-03-24,173085,53,false,nicmf,2024-11-17T22:43:05Z,"nova mpb,mpb","Jovem Dionisio",0.876,0.359,11,-11.169,0,0.341,0.187,0.00000171,0.666,0.876,124.016,4
spotify:track:2lwwrWVKdf3LR9lbbhnr6R,"Float On","Good News For People Who Love Bad News","Modest Mouse",2004-04-05,208466,79,false,nicmf,2024-11-17T23:47:40Z,"indie rock,indie,rock alternativo","Epic",0.649,0.888,6,-4.807,1,0.0293,0.013,0.00000223,0.0888,0.553,100.975,4
spotify:track:7DoNtK2gVFRwJh0hkHe5wQ,"Easy","Romance","Camila Cabello",2019-12-06,194686,56,false,nicmf,2024-11-18T00:15:42Z,"","Syco Music/Epic",0.574,0.593,4,-5.731,0,0.0463,0.411,0.00000155,0.0966,0.355,128.073,4
spotify:track:0aJrYfARfCKzv6gXjhs4SZ,"Upside Down","Upside Down","Jack Johnson",2006-02-24,209546,75,false,raphaelfr17,2024-11-18T01:42:15Z,"surf rock","Brushfire Records/Universal",0.792,0.647,4,-8.314,1,0.045,0.255,0.000223,0.132,0.694,102.477,4
spotify:track:2Z8WuEywRWYTKe1NybPQEW,"Ride","Blurryface","Twenty One Pilots",2015-05-15,214506,90,false,nicmf,2024-11-18T02:01:25Z,"","Fueled By Ramen",0.645,0.713,6,-5.355,1,0.0393,0.00835,0,0.113,0.566,74.989,4
spotify:track:12KUFSHFgT0XCoiSlvdQi4,"Break Free","My Everything (Deluxe)","Ariana Grande;Zedd",2014-08-22,214840,88,false,nicmf,2024-11-18T02:16:40Z,"pop,edm","Universal Records",0.686,0.702,7,-5.325,0,0.0455,0.00637,0.0000446,0.204,0.29,129.948,4
spotify:track:21pySLskKIKrhDziCX5ojQ,"When I Grow Up","Doll Domination (Deluxe)","The Pussycat Dolls",2008-09-23,245680,78,false,nicmf,2024-11-18T02:22:36Z,"","Pussycat Dolls LP2 / Timbaland",0.672,0.685,11,-5.762,0,0.0499,0.00165,0,0.398,0.367,118.45,4
spotify:track:5JVbvCHX10U2pLa5DEqGav,"Safe and Sound","In A Tidal Wave of Mystery","Capital Cities",2013-06-04,192789,91,false,raphaelfr17,2024-11-18T02:33:55Z,"","Lazy Hooks, LLC",0.655,0.818,0,-4.852,1,0.0319,0.000182,0.00399,0.104,0.767,117.956,5
spotify:track:2XU0oxnq2qxCpomAAuJY8K,"Dance Monkey","Dance Monkey (Stripped Back) / Dance Monkey","Tones And I",2019-10-17,209438,78,false,nicmf,2024-11-18T02:34:28Z,"","Elektra (NEK)",0.824,0.588,6,-6.4,0,0.0924,0.692,0.000104,0.149,0.513,98.027,4
spotify:track:6TYaTUkuerVnw7neS9bpsY,"When I Wake Up","When I Wake Up","Iggy",2016-03-04,175266,32,false,raphaelfr17,2024-11-18T03:10:05Z,"","Columbia",0.663,0.628,5,-8.583,1,0.0776,0.454,0.00336,0.091,0.281,119.992,4
spotify:track:3yrSvpt2l1xhsV9Em88Pul,"Brown Eyed Girl","Blowin' Your Mind!","Van Morrison",1967-09,183306,19,false,raphaelfr17,2024-11-18T03:24:49Z,"","Columbia/Legacy",0.491,0.583,7,-10.964,1,0.0376,0.185,0,0.406,0.908,150.566,4
spotify:track:5vNRhkKd0yEAg8suGBpjeY,"APT.","APT.","ROSÉ;Bruno Mars",2024-10-18,169917,89,false,nicmf,2024-11-18T03:33:41Z,"k-pop","Atlantic Records",0.777,0.783,0,-4.477,0,0.26,0.0283,0,0.355,0.939,149.027,4
spotify:track:6dwkFmLUz6hx2CZG2EqLol,"Collide","Stop All The World Now","Howie Day",2003-10-07,249120,69,false,nicmf,2024-11-18T03:42:57Z,"","Epic",0.636,0.625,11,-7.895,1,0.0277,0.222,0.0000535,0.119,0.342,93.931,4
spotify:track:0g5EKLgdKvNlln7TNqBByK,"Middle","Encore","DJ Snake;Bipolar Sunshine",2016-08-05,220573,83,false,raphaelfr17,2024-11-18T03:51:35Z,"","DJ Snake Def Jam",0.583,0.695,9,-5.336,1,0.0423,0.0138,0,0.0527,0.224,104.879,4
spotify:track:09IStsImFySgyp0pIQdqAc,"The Middle","The Middle","Zedd;Maren Morris;Grey",2018-01-23,184732,85,false,nicmf,2024-11-18T03:51:48Z,"edm,country","UMGRI Interscope",0.753,0.657,7,-3.061,1,0.0449,0.171,0,0.112,0.437,107.01,4
spotify:track:07MDkzWARZaLEdKxo6yArG,"Meet Me At Our Spot","THE ANXIETY","THE ANXIETY;WILLOW;Tyler Cole",2020-03-13,162680,79,true,nicmf,2024-11-18T03:52:34Z,"","MSFTSMusic / Roc Nation Records, LLC",0.773,0.47,2,-7.93,1,0.0299,0.0153,0.000193,0.0851,0.399,94.995,4
spotify:track:2u2udGmop1z67EPpr91km7,"Man in the Mirror","HIStory - PAST, PRESENT AND FUTURE - BOOK I","Michael Jackson",1995-06-16,318687,76,false,nicmf,2024-11-18T03:53:49Z,"","Epic",0.794,0.798,8,-5.639,1,0.0366,0.429,0.0000116,0.118,0.265,100.338,4
spotify:track:6iaSML1PIYq936g62BDtBq,"Robbery","Death Race For Love (Bonus Track Version)","Juice WRLD",2019-03-08,240050,82,true,nicmf,2024-11-18T03:54:34Z,"rap melódico,rap emo","Grade A Productions/Interscope Records",0.623,0.692,2,-5.122,1,0.0504,0.328,0,0.153,0.566,79.899,4
spotify:track:43B5NwirruWiXQi5V1LaOd,"Star Trek - The Motion Picture: Main Title","Pops Out Of This World","Jerry Goldsmith;Boston Pops Orchestra;John Williams",1983,245440,43,false,nicmf,2024-11-18T03:57:22Z,"trilha sonora original,trilha sonora,música clássica,orquestral","Decca Music Group Ltd.",0.291,0.298,0,-14.572,1,0.0326,0.892,0.948,0.134,0.15,131.28,3
spotify:track:08sSsfjwnFKzHh0xrLyRFt,"Escravos de Jó","Galinha Pintadinha, Vol. 1","Galinha Pintadinha",2006-06-01,62160,48,false,nicmf,2024-11-18T04:12:21Z,"canção de ninar,música infantil","Bromélia [dist. Tratore]",0.855,0.696,4,-7.107,1,0.0395,0.217,0,0.153,0.961,140.026,4
spotify:track:2b6Hm0L8MErBgUDGtFjY5p,"Dorme Bem - Ao Vivo","Dorme Bem (Ao Vivo)","Thaeme & Thiago",2020-05-08,182968,17,false,nicmf,2024-11-18T04:14:48Z,"sertanejo,sertanejo universitário,arrocha","Universal Music Ltda.",0.53,0.917,4,-2.401,1,0.0652,0.206,0,0.184,0.51,159.67,4
spotify:track:6brl7bwOHmGFkNw3MBqssT,"So Sick","In My Own Words","Ne-Yo",2006-01-01,207186,86,false,nicmf,2024-11-18T04:15:06Z,"","Def Soul",0.452,0.574,6,-8.336,1,0.311,0.245,0,0.189,0.578,92.795,4
spotify:track:58kZ9spgxmlEznXGu6FPdQ,"Sick Boy","Sick Boy","The Chainsmokers",2018-12-14,193200,67,false,raphaelfr17,2024-11-18T04:15:14Z,"","Disruptor Records/Columbia",0.663,0.577,11,-7.518,0,0.0531,0.109,0,0.12,0.454,89.996,4
spotify:track:7oHayh4QodNkQSCyGETShw,"Heard It On The Radio","Austin & Ally","Austin Moon",2012-01-01,158346,49,false,nicmf,2024-11-18T04:20:18Z,"","Walt Disney Records",0.743,0.817,6,-5.426,1,0.043,0.0127,0.0000035,0.232,0.879,103.997,4
spotify:track:0eoMMLrWtXbLk64baeESkc,"Tudo Indica (feat. Jorge & Mateus) - Ao Vivo","Cumpra-se (Ao Vivo)","Marcos & Belutti;Jorge & Mateus",2020-09-10,183013,49,false,nicmf,2024-11-18T04:39:15Z,"sertanejo,sertanejo universitário,arrocha,agronejo","Sony Music Entertainment",0.536,0.854,1,-4.012,0,0.0637,0.127,0,0.107,0.769,75.95,4
spotify:track:40MNdK1qPu8kDB0cSI51ds,"Wildfire","Confident","Demi Lovato",2015-01-01,199140,41,true,nicmf,2024-11-18T05:03:37Z,"","Hollywood Records",0.621,0.702,5,-3.903,0,0.038,0.513,0,0.0786,0.432,130.102,4
spotify:track:0RE8WWlaCQM6M4XHUK3u7b,"Home Alone Tonight","Kill The Lights (Deluxe)","Luke Bryan;Karen Fairchild",2015-08-07,190773,61,false,nicmf,2024-11-18T05:11:12Z,"country,country acústico,natal","Capitol Records Nashville",0.501,0.966,8,-1.177,1,0.112,0.0796,0,0.0903,0.497,161.881,4
spotify:track:3NLnwwAQbbFKcEcV8hDItk,"Perfect","Made In The A.M. (Deluxe Edition)","One Direction",2015-11-13,230341,85,false,nicmf,2024-11-18T05:13:51Z,"","Syco Music",0.648,0.822,11,-5.231,0,0.0749,0.0598,0,0.119,0.397,99.933,4
spotify:track:0xGQTpN4ESETtl1Sp6rzd2,"São Paulo (feat. Anitta)","São Paulo","The Weeknd;Anitta",2024-10-31,301623,10,true,nicmf,2024-11-18T05:19:08Z,"pop nacional,funk pop,funk,funk carioca","XO / Republic Records",0.574,0.659,5,-7.377,0,0.0768,0.0412,0.0002,0.0921,0.506,127.347,4
spotify:track:2plRom0urixt6BE8t7kOhQ,"Girl From Rio","Girl From Rio","Anitta",2021-04-29,194421,57,false,nicmf,2024-11-18T05:24:58Z,"pop nacional,funk pop,funk,funk carioca","Warner Records",0.692,0.639,0,-6.717,1,0.0352,0.00727,0,0.199,0.733,140.059,4
spotify:track:1OzSfjFW08DTD51XoNnog7,"That's How You Know - From ""Enchanted""/Soundtrack Version","Enchanted","Amy Adams",2007-01-01,228960,64,false,nicmf,2024-11-18T05:31:26Z,"","Walt Disney Records",0.485,0.667,2,-5.485,1,0.164,0.497,0,0.219,0.52,174.025,4
spotify:track:10GJQkjRJcZhGTLagFOC62,"Most Girls","Most Girls","Hailee Steinfeld",2017-04-28,204400,69,false,nicmf,2024-11-18T17:43:55Z,"","Universal Records",0.756,0.572,9,-7.019,1,0.0763,0.0478,0,0.0853,0.417,102.986,4
spotify:track:1JoVjKrigJPwD3SC32PmSA,"I Got U","Kiss & Tell","Selena Gomez & The Scene",2009-01-01,214026,35,false,nicmf,2024-11-18T18:12:45Z,"","Hollywood Records",0.635,0.755,11,-4.633,1,0.211,0.175,0.00000369,0.0611,0.89,114.963,4
spotify:track:3HrHhTWonBqF4mDasi8xvC,"BACKBONE","BACKBONE","Chase & Status;Stormzy",2024-08-08,166448,75,true,nicmf,2024-11-18T19:16:32Z,"drum and bass,jungle,grime,grime reino unido,drill reino unido","EMI",0.777,0.934,2,-0.959,1,0.254,0.285,0.0000386,0.275,0.637,88.009,4
spotify:track:0EtuSDTRJYUwlPf4y6coIz,"999 (with Camilo)","999 (with Camilo)","Selena Gomez;Camilo",2021-08-26,224168,54,false,nicmf,2024-11-18T19:17:00Z,"pop colombiano,pop urbano","Interscope Records",0.781,0.748,1,-4.604,1,0.242,0.105,0,0.156,0.788,149.819,4
spotify:track:3JjnGLK8IxkNLvo8Lb3KOM,"18","FOUR (Deluxe)","One Direction",2014-11-17,248357,81,false,nicmf,2024-11-18T19:24:38Z,"","Syco Music",0.681,0.582,6,-7.76,0,0.0313,0.22,0,0.119,0.221,124.038,4
spotify:track:1gG5MoWK5SmHUcQPa2jxdP,"Touch","Glory Days (Expanded Edition)","Little Mix",2016-11-18,213306,70,false,nicmf,2024-11-18T19:26:25Z,"","Syco Music",0.606,0.718,4,-4.094,1,0.0978,0.032,0,0.402,0.551,101.821,4
spotify:track:37AGgp9VP8TVJBfEat74Bj,"Candy (feat. Trippie Redd)","Hotel Diablo","mgk;Trippie Redd",2019-07-05,156719,67,true,nicmf,2024-11-18T19:43:25Z,"rap melódico","Bad Boy/Interscope Records",0.744,0.638,5,-4.86,0,0.049,0.00829,0,0.182,0.48,98.019,4
spotify:track:6sFpmdsk4UDMcDWdy4T1Kc,"Candy","Brick By Brick","Iggy Pop",1990-06-01,253493,64,false,raphaelfr17,2024-11-18T19:43:28Z,"proto-punk,glam rock","Virgin Records",0.624,0.585,7,-10.812,1,0.03,0.0414,0.0000208,0.0467,0.646,144.251,4
spotify:track:7GVQS66ukm48XZVymA3ZUg,"Midwest Indigo","Clancy","Twenty One Pilots",2024-05-24,196266,70,false,raphaelfr17,2024-11-18T20:07:34Z,"","Fueled By Ramen",0.611,0.802,8,-4.92,0,0.0591,0.176,0.00000145,0.314,0.577,116.062,4
spotify:track:7ne4VBA60CxGM75vw0EYad,"That’s So True","The Secret of Us (Deluxe)","Gracie Abrams",2024-10-18,166300,91,true,nicmf,2024-11-18T20:07:40Z,"","Gracie Abrams, under exclusive license to Interscope Records",0.554,0.808,1,-4.169,1,0.0368,0.214,0,0.159,0.372,108.548,4
spotify:track:4UgWioDBRtceVWEmP5zsX6,"Connie The Cow","Connie the Cow","Josep Roig Boada",2001,45289,3,false,nicmf,2024-11-18T20:20:46Z,"","Temps Record",0.826,0.602,0,-6.067,1,0.0453,0.0466,0.000903,0.084,0.925,123.968,3
spotify:track:4YAD1DpoDZAsbBsfjd8nAl,"Shaun The Sheep Main Theme (From ""Shaun The Sheep"")","Shaun The Sheep Main Theme (From ""Shaun The Sheep"")","Geek Music",2019-01-06,149531,40,false,raphaelfr17,2024-11-18T20:22:01Z,"anime","Geek Music",0.94,0.475,9,-11.56,1,0.0565,0.144,0,0.41,0.807,128.019,4
spotify:track:1Bk4HSEmyOpVs473Ng6ttB,"Shawn Mendes","Fuck Love","Seth Bishop",2018-12-28,213646,26,true,nicmf,2024-11-18T20:22:27Z,"","Seth Bishop",0.444,0.343,4,-8.849,1,0.0496,0.565,0,0.11,0.206,112.284,1
spotify:track:3GVkPk8mqxz0itaAriG1L7,"Everybody Dies In Their Nightmares","17","XXXTENTACION",2017-08-25,95466,79,true,nicmf,2024-11-18T20:25:54Z,"rap emo","Bad Vibes Forever / EMPIRE",0.734,0.57,7,-7.066,0,0.133,0.847,0.0000214,0.112,0.689,129.953,4
spotify:track:4VPXFi4vFTtS9wHe6oMQaT,"I Can't Fall in Love Without You","So Good","Zara Larsson",2017-03-17,177844,62,true,nicmf,2024-11-18T20:28:46Z,"","Epic/Record Company TEN",0.455,0.334,4,-9.155,1,0.0346,0.783,0.000109,0.146,0.268,129.985,4
spotify:track:26XaOsDMbl0e1cVKYfkz6w,"Falling","Falling","Trevor Daniel",2018-10-05,159381,74,false,nicmf,2024-11-18T20:29:04Z,"","Alamo",0.785,0.431,10,-8.756,0,0.0364,0.123,0,0.0887,0.236,127.085,4
spotify:track:6KTv0Z8BmVqM7DPxbGzpVC,"Rock And Roll All Nite","Dressed To Kill","KISS",1975-03-19,168840,15,false,nicmf,2024-11-18T21:16:55Z,"glam rock,glam metal,hard rock,rock,rock clássico","Casablanca Records",0.654,0.929,1,-5.906,1,0.0998,0.0474,0,0.0538,0.902,144.769,4
spotify:track:5G6Gt9RtNaeIE418pd4yre,"Smithereens","Trench","Twenty One Pilots",2018-10-05,177040,65,false,nicmf,2024-11-18T21:17:10Z,"","Fueled By Ramen",0.764,0.548,6,-7.627,1,0.14,0.296,0.0000101,0.0769,0.519,151.02,4
spotify:track:3d9DChrdc6BOeFsbrZ3Is0,"Under the Bridge","Blood Sugar Sex Magik (Deluxe Edition)","Red Hot Chili Peppers",1991-09-24,264306,90,false,nicmf,2024-11-18T21:22:05Z,"funk rock,rock alternativo,rock","Warner Records",0.559,0.345,4,-13.496,1,0.0459,0.0576,0.000105,0.141,0.458,84.581,4
spotify:track:0SK40MbVDJ5WkFFEcRWgZW,"Reality","Reality","Lost Frequencies;Janieck",2015-05-22,159480,52,false,nicmf,2024-11-18T21:32:11Z,"tropical house","The Bearded Man (Armada)",0.715,0.696,1,-7.887,0,0.0321,0.0197,0.00000205,0.0697,0.6,122.144,4
spotify:track:0lb9s7k8UalCr9tRoP2PZN,"Are You With Me","Armada Sunset, Vol. 2 (Unmixed)","Lost Frequencies",2014-11-21,138013,55,false,nicmf,2024-11-18T21:32:18Z,"tropical house","Armada Music Albums",0.763,0.608,5,-8.1,0,0.035,0.262,0.000025,0.12,0.394,121.02,4
spotify:track:5496lks6V3fh1mZAB6IAap,"Alibi (with Pabllo Vittar & Yseult)","Alibi (with Pabllo Vittar & Yseult)","Sevdaliza;Pabllo Vittar;Yseult",2024-06-28,161655,77,false,nicmf,2024-11-18T21:44:05Z,"pop nacional,funk pop,tecnobrega,r&b francês","Twisted Elegance",0.741,0.754,11,-5.412,0,0.0327,0.00526,0.00000821,0.125,0.717,126.98,4
spotify:track:3RaT22zZsxVYxxKR7TAaYF,"no body, no crime (feat. HAIM)","evermore","Taylor Swift;HAIM",2020-12-11,215626,66,false,nicmf,2024-11-18T21:44:23Z,"","Taylor Swift",0.546,0.613,7,-7.589,0,0.0264,0.418,0,0.103,0.535,79.015,4
spotify:track:33KJ2xFYONOlIYDBg6wPx8,"Personal","Talk To Ya - EP","HRVY",2017-11-30,198040,71,false,nicmf,2024-11-18T21:55:58Z,"","EMI",0.755,0.536,8,-5.605,1,0.12,0.114,0,0.0282,0.882,138.964,4
spotify:track:1lO6CyBlsZcC83dGc8qEit,"Personal","Night & Day (Day Edition)","The Vamps;Maggie Lindemann",2018-07-13,193293,49,false,nicmf,2024-11-18T21:56:18Z,"","EMI",0.755,0.662,0,-4.523,1,0.0507,0.066,0,0.1,0.488,100.06,4
spotify:track:5GHXY5ksGyA1Iu2C7TCjLM,"Calling To The Night","METAL GEAR 20th ANNIVERSARY METAL GEAR MUSIC COLLECTION","Natasha Farrow",2007-07-18,196746,26,false,raphaelfr17,2024-11-18T22:21:45Z,"","Konami Digital Entertainment Co.,Ltd.",0.158,0.408,5,-9.148,0,0.0352,0.135,0.000552,0.373,0.0389,79.347,3
spotify:track:30qVCFYKBtAENjTIBA8FPZ,"The River of Dreams","River Of Dreams","Billy Joel",1993-08-10,245893,75,false,nicmf,2024-11-18T22:22:05Z,"soft rock","Columbia",0.631,0.749,7,-8.15,1,0.0576,0.205,0.00000521,0.0667,0.437,89.646,4
spotify:track:25KybV9BOUlvcnv7nN3Pyo,"In The Night","Beauty Behind The Madness","The Weeknd",2015-08-28,235653,77,true,nicmf,2024-11-18T22:22:31Z,"","The Weeknd/Lyric",0.505,0.68,7,-4.993,1,0.0714,0.0796,0,0.0465,0.539,168.022,3
spotify:track:6ovFJkdau79DuXEvQjPaNH,"Untouchable","Fearless (Platinum Edition)","Taylor Swift",2008-11-11,311040,50,false,nicmf,2024-11-18T22:22:49Z,"","Taylor Swift",0.419,0.454,5,-6.809,1,0.0335,0.0583,0.00000378,0.0974,0.288,200.017,4
spotify:track:5WZ4qFbz1x2vELPg8S7vza,"FLOOR 13","Hotel Diablo","mgk",2019-07-05,194873,56,true,nicmf,2024-11-19T02:49:21Z,"","Bad Boy/Interscope Records",0.779,0.661,9,-7.175,0,0.0966,0.15,0,0.0895,0.306,120.048,4
spotify:track:54ipXppHLA8U4yqpOFTUhr,"Bones","Mercury - Acts 1 & 2","Imagine Dragons",2022-07-01,165264,85,false,nicmf,2024-11-19T03:41:50Z,"","Kid Ina Korner / Interscope",0.772,0.75,5,-3.67,0,0.0455,0.0201,0,0.074,0.587,114.061,4
spotify:track:58zsLZPvfflaiIbNWoA22O,"Human","Human (Deluxe)","Rag'n'Bone Man",2017-02-10,200192,83,false,nicmf,2024-11-19T03:42:23Z,"","Best Laid Plans/Columbia",0.602,0.707,9,-4.097,1,0.302,0.393,0,0.165,0.554,75.087,4
spotify:track:1nQRg9q9uwALGzouOX5OyQ,"Radio Ga Ga - Remastered 2011","The Works (2011 Remaster)","Queen",1984-02-27,348226,56,false,raphaelfr17,2024-11-19T05:58:09Z,"rock clássico,rock,glam rock","EMI",0.744,0.502,5,-7.719,1,0.0359,0.183,0.000228,0.189,0.66,112.344,4
spotify:track:4191RXFPa7Ge9XkA4cWlna,"Lost Cause","Happier Than Ever","Billie Eilish",2021-07-30,212496,73,true,nicmf,2024-11-20T03:24:43Z,"","Darkroom/Interscope Records",0.526,0.334,10,-8.491,0,0.251,0.702,0.00782,0.0586,0.522,74.966,4
spotify:track:42loEE51UDcecom9K8K4ei,"I Do","All Of You","Colbie Caillat",2011-01-01,173360,59,false,nicmf,2024-11-19T20:59:59Z,"","Universal Records",0.655,0.877,9,-5.656,1,0.0329,0.22,0,0.0785,0.958,144.877,4
spotify:track:4HMUrFl8y6rQCzEbaGEkcj,"Somebody Save Me","The Death of Slim Shady (Coup De Grâce)","Eminem;Jelly Roll",2024-07-12,230199,74,true,raphaelfr17,2024-11-19T21:23:07Z,"rap,hip hop,hip hop country,country","Shady/Aftermath/Interscope Records",0.577,0.657,0,-6.486,1,0.129,0.697,0.0000032,0.116,0.437,180.727,3
spotify:track:65hRZOQkVjmBdusz1N7aOv,"Save The World","Save The World","Swedish House Mafia",2011-05-13,213337,69,false,nicmf,2024-11-19T21:23:17Z,"edm","BMG Rights Management",0.507,0.665,0,-7.598,1,0.0474,0.0144,0,0.0759,0.4,126.879,4
spotify:track:5jrQZnYInM6YUjr2yFSa3E,"Vem Desestressar","O Cara Do Momento, Vol. 2","MC PH;Vulgo FK;Veigh;Pedro Lotto;prodbyeros",2024-04-10,243870,67,true,nicmf,2024-11-20T05:04:51Z,"funk,trap funk,funk consciente,trap brasileiro,trap,hip hop brasileiro","GR6 Music",0.767,0.54,1,-7.96,1,0.0565,0.336,0,0.108,0.544,123.986,4
spotify:track:4nVBt6MZDDP6tRVdQTgxJg,"Story of My Life","Midnight Memories (Deluxe)","One Direction",2013-11-25,245490,88,false,nicmf,2024-11-20T05:16:00Z,"","Syco Music",0.6,0.663,3,-5.802,1,0.0477,0.225,0,0.119,0.286,121.07,4
spotify:track:48UPSzbZjgc449aqz8bxox,"Californication","Californication (Deluxe Edition)","Red Hot Chili Peppers",1999-06-08,329733,90,false,nicmf,2024-11-20T05:22:16Z,"funk rock,rock alternativo,rock","Warner Records",0.592,0.767,9,-2.788,0,0.027,0.0021,0.00165,0.127,0.328,96.483,4
spotify:track:0M2SX26YicKMOAxqtWGPUh,"Thick Skull","This Is Why","Paramore",2023-02-10,232998,61,false,raphaelfr17,2024-11-20T05:30:53Z,"pop punk,emo","Atlantic Records",0.457,0.397,1,-9.051,0,0.0351,0.274,0.003,0.118,0.155,145.444,4
spotify:track:55n9yjI6qqXh5F2mYvUc2y,"I Don’t Wanna Live Forever (Fifty Shades Darker)","reputation Stadium Tour Surprise Song Playlist","ZAYN;Taylor Swift",2017-11-09,247160,85,false,nicmf,2024-11-21T05:32:17Z,"","Taylor Swift",0.73,0.444,0,-8.418,1,0.0538,0.059,0.000018,0.14,0.106,117.979,4
spotify:track:4gLVsEaNMpzkCAM0hXgDoi,"Alice - Extended Version","Goodbye Lullaby (Expanded Edition)","Avril Lavigne",2011-03-08,300986,52,false,nicmf,2024-11-21T05:34:33Z,"","Epic",0.536,0.824,0,-4.403,1,0.0767,0.0458,0.000199,0.174,0.172,119.004,4
spotify:track:6kxC1D2TDKrwPOlx23VoFS,"X6","1 Beat 1 Letra","MC Hariel",2022-12-16,194000,58,false,nicmf,2024-11-21T05:38:51Z,"funk,funk consciente,trap funk","WM Brazil",0.567,0.647,3,-5.475,0,0.469,0.569,0.00000217,0.153,0.755,165.429,3
spotify:track:7K5dzhGda2vRTaAWYI3hrb,"Just Like Fire (From the Original Motion Picture ""Alice Through The Looking Glass"")","Just Like Fire (From the Original Motion Picture ""Alice Through The Looking Glass"")","P!nk",2016-04-15,215413,73,false,nicmf,2024-11-21T05:41:09Z,"","RCA Records/Walt Disney Records",0.632,0.702,7,-5.92,1,0.148,0.0114,0,0.108,0.523,162.958,4
spotify:track:6Q8ljVgg7kR0R5v2aOXHlg,"Sweet Dreams","I AM...SASHA FIERCE","Beyoncé",2008-11-12,208066,71,false,nicmf,2024-11-21T05:57:27Z,"","Music World Music/Columbia",0.694,0.825,1,-5.986,1,0.111,0.0895,0.0000186,0.0618,0.788,121.949,4
spotify:track:1TfqLAPs4K3s2rJMoCokcS,"Sweet Dreams (Are Made of This) - 2005 Remaster","Sweet Dreams (Are Made Of This)","Eurythmics;Annie Lennox;Dave Stewart",1983-01-04,216933,89,false,raphaelfr17,2024-11-21T05:57:32Z,"new wave,synthpop","RCA Records Label",0.692,0.711,0,-7.498,0,0.0317,0.225,0,0.12,0.875,125.135,4
spotify:track:1bYW7P6Uk83IJU61eozUfE,"Saviour (feat. First Aid Kit)","Staying at Tamara's","George Ezra;First Aid Kit",2018-03-23,212274,51,false,raphaelfr17,2024-11-21T06:18:42Z,"indie folk,folk","Columbia",0.582,0.783,7,-6.437,0,0.0633,0.0505,0.0000159,0.244,0.187,101.009,4
spotify:track:2dXsILW8gzkosqleHAvl0v,"For Whom The Bell Tolls - Remastered","Ride The Lightning (Remastered)","Metallica",1984-07-27,309973,80,false,raphaelfr17,2024-11-21T07:22:58Z,"metal,thrash metal,rock,heavy metal,hard rock","Blackened Recordings / Universal Music",0.518,0.858,0,-6.147,1,0.0672,0.00563,0.00349,0.0598,0.249,117.897,4
spotify:track:7vQbuQcyTflfCIOu3Uzzya,"Jingle Bell Rock","Jingle Bell Rock/Captain Santa Claus (And His Reindeer Space Patrol)","Bobby Helms",1957-12-02,130973,69,false,nicmf,2024-11-21T07:23:07Z,"natal,villancicos","Geffen",0.754,0.424,2,-8.463,1,0.0363,0.643,0,0.0652,0.806,119.705,4
spotify:track:3CkjLJYnnyOtGk4Jx4iYS4,"Woman","Wolfmother","Wolfmother",2006-01-01,176306,63,false,nicmf,2024-11-22T20:05:42Z,"stoner rock","Universal Music Australia Pty. Ltd.",0.219,0.952,2,-3.621,1,0.176,0.000051,0.0989,0.157,0.172,112.886,1
spotify:track:7xrA11O07xo57Bbg6p4hck,"Body Say","Body Say","Demi Lovato",2016-07-01,193893,54,false,nicmf,2024-11-22T21:09:53Z,"","Demi LP2 - Island/Hollywood",0.628,0.74,5,-4.836,0,0.0358,0.00415,0,0.277,0.257,86.983,4
spotify:track:6Im9k8u9iIzKMrmV7BWtlF,"34+35","Positions","Ariana Grande",2020-10-30,173710,82,true,raphaelfr17,2024-11-22T21:15:08Z,"pop","Republic Records",0.83,0.585,0,-6.476,1,0.094,0.237,0,0.248,0.485,109.978,4
spotify:track:3qrTll9OQ9wcejTxPFY0qg,"The Line - from the series Arcane League of Legends","The Line (from the series Arcane League of Legends)","Twenty One Pilots;Arcane;League of Legends",2024-11-22,192000,70,false,raphaelfr17,2024-11-22T21:16:46Z,"trilha sonora original","Riot Games",0.556,0.47,9,-9.777,0,0.0379,0.263,0.000266,0.0835,0.322,142.596,4
spotify:track:5a7RHudz5eUva8QRbdWCYJ,"To Bem To Zen","To Bem To Zen","Melody;Bella Angel",2018-06-21,195056,37,false,nicmf,2024-11-22T21:33:40Z,"pop nacional,piseiro,funk pop","NG Music",0.632,0.497,0,-8.534,1,0.0545,0.672,0,0.219,0.653,159.871,4
spotify:track:5JLv62qFIS1DR3zGEcApRt,"Wide Awake","Teenage Dream: The Complete Confection","Katy Perry",2012-03-12,220946,81,false,nicmf,2024-11-22T21:33:54Z,"pop","Capitol Records",0.515,0.683,5,-5.099,1,0.0371,0.0749,0.00000264,0.392,0.572,159.878,4
spotify:track:3ZVFcD8Wlw9T9klGqmJf9F,"Florida!!! (feat. Florence + The Machine)","THE TORTURED POETS DEPARTMENT","Taylor Swift;Florence + The Machine",2024-04-18,215463,68,true,raphaelfr17,2024-11-22T21:34:10Z,"pop barroco","Taylor Swift",0.533,0.573,0,-7.123,1,0.138,0.178,0,0.309,0.398,150.088,4
spotify:track:0dOg1ySSI7NkpAe89Zo0b9,"Born in the U.S.A.","Born In The U.S.A.","Bruce Springsteen",1984-06-04,279786,81,false,nicmf,2024-11-22T21:34:26Z,"","Columbia",0.398,0.952,4,-6.042,1,0.061,0.000373,0.0000775,0.1,0.584,122.093,4
spotify:track:3E7dfMvvCLUddWissuqMwr,"Party In The U.S.A.","The Time Of Our Lives (International Version)","Miley Cyrus",2009-01-01,202066,87,false,nicmf,2024-11-22T21:34:38Z,"","Hollywood Records",0.652,0.698,10,-4.667,0,0.042,0.00112,0.000115,0.0886,0.47,96.021,4
spotify:track:7gWSWDBriMK7YKefAe4NMP,"Miami 2 Ibiza - Swedish House Mafia vs. Tinie Tempah","Disc-Overy","Swedish House Mafia;Tinie Tempah",2010,206460,64,true,nicmf,2024-11-22T21:36:44Z,"edm,grime","Parlophone UK",0.736,0.929,7,-5.89,0,0.0674,0.00237,0.0000111,0.402,0.658,125.03,4
spotify:track:08COXcaETx8JB5nsVK2QSu,"Till I'm Gone (feat. Wiz Khalifa)","Disc-Overy","Tinie Tempah;Wiz Khalifa",2010,213765,48,true,nicmf,2024-11-23T02:07:10Z,"grime","Parlophone UK",0.723,0.891,5,-4.31,0,0.131,0.122,0,0.379,0.884,163.995,4
spotify:track:5QLHGv0DfpeXLNFo7SFEy1,"1979 - Remastered 2012","Mellon Collie And The Infinite Sadness (Deluxe Edition)","The Smashing Pumpkins",1995,266200,85,false,nicmf,2024-11-23T02:07:28Z,"rock alternativo,rock","Virgin Records",0.767,0.787,3,-9.897,1,0.0331,0.0163,0.583,0.0513,0.964,126.879,4
spotify:track:2OfzF6gs87e5x1C94UxaI0,"To Get You","Memoir of a Sparklemuffin","Suki Waterhouse",2024-09-13,243726,47,false,nicmf,2024-11-23T03:07:34Z,"","Sub Pop Records",0.594,0.392,8,-10.311,1,0.0317,0.831,0.00282,0.113,0.433,77.596,4
spotify:track:2HBtd9MYDd2xDVu8Zc6pwt,"GUMMO","Day69: Graduation Day","6ix9ine",2018-04-10,157643,70,true,nicmf,2024-11-23T03:32:52Z,"","Scumgang/TenThousand Projects",0.691,0.771,10,-5.17,0,0.164,0.0511,0,0.135,0.673,78.463,4
spotify:track:5CQvKyzkWI7TnUu2oB9QZ0,"Alright","I Should Coco","Supergrass",1995-07-06,180880,64,false,nicmf,2024-11-23T03:36:29Z,"britpop","Echo",0.467,0.958,4,-4.808,0,0.0775,0.000479,0.199,0.299,0.701,145.92,4
spotify:track:3YkNIrAvbKNrrwwEd7NVLl,"loml","THE TORTURED POETS DEPARTMENT: THE ANTHOLOGY","Taylor Swift",2024-04-19,277156,76,true,nicmf,2024-11-23T04:07:16Z,"","Taylor Swift",0.423,0.272,0,-12.56,1,0.0489,0.858,0,0.108,0.195,78.539,3
spotify:track:2KVwlelhxKUy8LVV6JypH3,"Push","Yourself or Someone Like You","Matchbox Twenty",1996-10-01,238666,82,false,nicmf,2024-11-23T04:30:49Z,"post-grunge","Lava/Atlantic",0.42,0.672,6,-7.902,1,0.027,0.0067,0,0.108,0.476,168.019,4
spotify:track:6kTk6AOcnPguvs1nQ4vUWZ,"Good Things","Good Things","Dan + Shay",2021-08-13,148906,52,false,nicmf,2024-11-23T05:34:38Z,"country","Warner Records Nashville",0.529,0.621,11,-6.018,1,0.0296,0.13,0,0.173,0.617,97.189,4
spotify:track:63mdJr3NMY3wReOkNE6c6W,"People You Know","Rare","Selena Gomez",2020-01-10,194900,78,false,raphaelfr17,2024-11-23T12:52:04Z,"","Interscope Records",0.695,0.62,8,-8.082,0,0.0521,0.0881,0.0000543,0.111,0.619,150.032,4
spotify:track:28RZ8tNiWmTYISN51VpnNO,"Waking Up In Vegas","One Of The Boys","Katy Perry",2008-06-17,199186,55,false,nicmf,2024-11-25T18:42:42Z,"pop","Capitol Records",0.524,0.878,5,-3.108,0,0.0346,0.0012,0,0.098,0.589,130.985,4
spotify:track:3ovjw5HZZv43SxTwApooCM,"Wind Of Change","Crazy World","Scorpions",1990-01-01,312360,87,false,nicmf,2024-11-25T18:42:55Z,"hard rock,glam metal,rock","Island Mercury",0.452,0.524,0,-10.108,1,0.0351,0.315,0,0.103,0.246,151.505,4
spotify:track:2JVwsN6viHjR9t5pCPQ4Br,"Pretty Shining People","Staying at Tamara's","George Ezra",2018-03-23,212446,62,false,raphaelfr17,2024-11-25T18:46:07Z,"","Columbia",0.584,0.726,1,-4.604,1,0.0371,0.14,0,0.0984,0.398,106.979,4
spotify:track:47oXF9VHCqabVcjd2gZBpa,"Where do we go now?","Good Riddance (Deluxe)","Gracie Abrams",2023-06-16,243599,67,false,nicmf,2024-11-25T18:52:48Z,"","Gracie Abrams, under exclusive license to Interscope Records",0.615,0.674,10,-10.677,1,0.0415,0.438,0.0471,0.116,0.674,151.034,4
spotify:track:0iTJ8Ivxt3mefECLmNO5Cx,"Where Are We Going","Call of Duty: Black Ops II Zombies – ""Mob of the Dead"" (Official Soundtrack)","Kevin Sherwood;Malukah;James McCawley",2013-04-23,144000,52,false,raphaelfr17,2024-11-25T18:53:10Z,"medieval","Activision",0.428,0.443,2,-13.031,0,0.039,0.717,0.0000508,0.0976,0.0399,79.939,4
spotify:track:7blC5LzebSn2A64Kn4XXMP,"AMBIENTE ERRADO - Ao Vivo","LUAN CITY 2.0 (Ao Vivo)","Luan Santana",2023-11-09,144307,66,false,nicmf,2024-11-25T18:58:14Z,"sertanejo,sertanejo universitário,arrocha","Sony Music Entertainment",0.476,0.844,2,-5.349,1,0.039,0.0381,0,0.342,0.452,119.843,4
spotify:track:3i78lP1Y35m6Idgnbw9Fow,"Infinity","Living Room","AJR",2015-03-03,239693,0,false,raphaelfr17,2024-11-25T20:00:24Z,"","AJR Productions/Warner Records",0.521,0.716,0,-4.838,1,0.0373,0.00543,0,0.0895,0.389,105.034,4
spotify:track:1SOClUWhOi8vHZYMz3GluK,"Infinity","Feel Something","Jaymes Young",2017-06-23,237720,83,false,nicmf,2024-11-25T20:00:40Z,"","Atlantic Records",0.671,0.673,11,-6.941,0,0.0444,0.148,0.0000529,0.304,0.494,121.963,4
spotify:track:6N5xh0tYYLTQRiCCaNbAUt,"Infinity","Made In The A.M. (Deluxe Edition)","One Direction",2015-11-13,249472,68,false,nicmf,2024-11-25T20:00:44Z,"","Syco Music",0.536,0.707,4,-6.076,1,0.0336,0.0697,0,0.0842,0.321,131.962,4
spotify:track:08GOw3NsrJ0LsCCeyqzt3b,"Thank You For The Music","The Album","ABBA",1977,229453,71,false,nicmf,2024-11-25T20:07:43Z,"","Polar Music International AB",0.283,0.417,4,-9.124,1,0.0404,0.835,0,0.102,0.373,201.145,4
spotify:track:3rGGGUvG6YXzNaqD1yzdzW,"The Beautiful Dream","Staying at Tamara's","George Ezra",2018-03-23,269937,44,false,raphaelfr17,2024-11-26T00:47:01Z,"","Columbia",0.501,0.494,4,-8.468,1,0.0295,0.706,0.0118,0.0829,0.163,126.139,4
spotify:track:7eKbFpX6jvCSW9CUwzMJsE,"Air","Handwritten","Shawn Mendes;Astrid S",2015-04-14,194146,51,false,nicmf,2024-11-26T01:54:30Z,"pop norueguês","Island Records",0.758,0.501,0,-7.051,1,0.0589,0.252,0,0.191,0.397,78.048,4
spotify:track:35J9vakuC3f18QTolNAQ6E,"Epitáfio","A Melhor Banda De Todos Os Tempos Da Última Semana","Titãs",2001-04-04,175373,74,false,nicmf,2024-11-26T02:00:05Z,"rock brasileiro,mpb,pop nacional","Ariola",0.723,0.611,7,-7.006,1,0.0303,0.481,0.0000144,0.11,0.261,111.813,4
spotify:track:4DxybsoSiMUW0JI2oM0SSN,"Patience","Beautiful World","Take That",2006-01-01,202066,74,false,nicmf,2024-11-26T02:08:12Z,"","Polydor Records",0.309,0.783,10,-4.154,1,0.0405,0.142,0.00000111,0.118,0.372,175.788,4
spotify:track:1OEoNpiyqBghuEUaT6Je6U,"Patience","Appetite For Destruction (Super Deluxe Edition)","Guns N' Roses",1987-07-21,354880,79,true,nicmf,2024-11-26T02:08:25Z,"rock,glam metal,hard rock,rock clássico","Guns N Roses P&D",0.457,0.296,6,-12.511,1,0.0306,0.683,0.000119,0.109,0.333,120.02,4
spotify:track:5fwuycV7iT45tAW1blRrKq,"Perfection Can't Please Me","GUILTY GEAR -STRIVE- ORIGINAL SOUNDTRACK Necessary Discrepancy (2)","AISHA;Arc System Works",2022-05-27,304440,46,false,raphaelfr17,2024-11-26T02:14:42Z,"","ARC SYSTEM WORKS",0.505,0.913,6,-4.625,1,0.0793,0.0743,0,0.0937,0.434,158.023,4
spotify:track:0u9FYkykNd338jV0MmPs0j,"Um Mundo Ideal","Aladdin (Trilha Sonora Original em Português)","Daniel Garcia;Lara Suleiman",2019-05-22,175593,58,false,nicmf,2024-11-26T03:50:24Z,"","Walt Disney Records",0.358,0.378,0,-8.118,1,0.031,0.751,0,0.124,0.15,121.41,4
spotify:track:0h7m2GwOZFptFrg7e7tiTn,"Avisa Lá, Pt. 4","Avisa Lá, Pt. 4","Mc Kelvinho;MC Hariel;MC Ryan SP;MC Neguinho do Kaxeta;Mc Daniel;Kyan",2024-05-06,445000,64,true,nicmf,2024-11-26T04:12:04Z,"funk consciente,funk,trap funk,agronejo,trap brasileiro,trap,hip hop brasileiro","GR6 Music",0.863,0.449,8,-7.285,0,0.543,0.732,0,0.0853,0.646,116.085,5
spotify:track:1UY1Pm2VAZCDYu3U1gk3GR,"Godzilla","Rainbow","Kesha",2017-08-11,128561,38,false,nicmf,2024-11-26T04:25:41Z,"","Kemosabe Records/RCA Records",0.387,0.31,6,-8.263,0,0.0304,0.589,0,0.102,0.311,180.169,3
spotify:track:7FIWs0pqAYbP91WWM0vlTQ,"Godzilla (feat. Juice WRLD)","Music To Be Murdered By","Eminem;Juice WRLD",2020-01-17,210800,84,true,nicmf,2024-11-26T04:25:50Z,"rap,hip hop,rap melódico,rap emo","Shady/Aftermath/Interscope Records",0.808,0.745,10,-5.26,0,0.342,0.145,0,0.292,0.829,165.995,4
spotify:track:4bt7eqP7mfWduRBKEpCAzM,"chaotic","i used to think i could fly","Tate McRae",2022-05-27,175531,71,true,nicmf,2024-11-26T04:31:54Z,"","RCA Records Label",0.663,0.374,5,-6.987,1,0.0367,0.54,0,0.101,0.351,106.967,4
spotify:track:4xrzG4pw9JN8BJqqjurcPs,"Gold","Smoke + Mirrors (Deluxe)","Imagine Dragons",2015-05-11,216813,50,false,raphaelfr17,2024-11-26T05:04:38Z,"","Kid Ina Korner / Interscope",0.416,0.459,9,-6.814,0,0.0317,0.0801,0.00653,0.0551,0.286,164.929,3
spotify:track:582ovfz2rL07nSKzBHoLTD,"Gold Rush Kid","Gold Rush Kid (Christmas Edition)","George Ezra",2022,162839,0,false,raphaelfr17,2024-11-26T05:04:57Z,"","Columbia",0.739,0.773,9,-4.359,1,0.0761,0.12,0,0.0905,0.961,139.083,4
spotify:track:3gnDoaJUgD9Bblzld77Kcp,"No Promises","Illuminate (Deluxe)","Shawn Mendes",2017-04-20,166053,58,false,nicmf,2024-11-26T05:06:19Z,"","Island Records",0.62,0.621,4,-6.763,0,0.0817,0.322,0,0.188,0.466,101.991,4
spotify:track:2C9LPYpH9YUgROQDHfRXrU,"Hoje Cedo","O Glorioso Retorno de Quem Nunca Esteve Aqui","Emicida;Pitty",2013,194194,61,false,nicmf,2024-11-26T06:11:36Z,"hip hop brasileiro,nova mpb,rock brasileiro,mpb,pop nacional","Laboratório Fantasma",0.726,0.822,8,-5.08,1,0.319,0.0369,0,0.169,0.537,80.918,4
spotify:track:4PTG3Z6ehGkBFwjybzWkR8,"Never Gonna Give You Up","Whenever You Need Somebody","Rick Astley",1987-11-12,213573,85,false,nicmf,2024-11-26T06:15:29Z,"","BMG Rights Management (UK) Ltd.",0.721,0.939,8,-11.823,1,0.0376,0.115,0.0000379,0.108,0.914,113.309,4
spotify:track:69YhwaZE5OTsijIt3Gp6P2,"Heart of Gold","Shawn","Shawn Mendes",2024-11-15,171607,69,false,nicmf,2024-11-26T18:20:18Z,"","Island Records",0.625,0.855,7,-6.796,1,0.0455,0.149,0.000768,0.139,0.4,135.117,4
spotify:track:7F9vK8hNFMml4GtHsaXui6,"Back to You (feat. Bebe Rexha & Digital Farm Animals)","Back to You (feat. Bebe Rexha & Digital Farm Animals)","Louis Tomlinson;Bebe Rexha;Digital Farm Animals",2017-07-21,190427,67,true,nicmf,2024-11-26T18:22:58Z,"","Syco Music",0.683,0.53,5,-4.918,0,0.142,0.207,0,0.394,0.645,75.016,4
spotify:track:2PnlsTsOTLE5jnBnNe2K0A,"The Emptiness Machine","The Emptiness Machine","Linkin Park",2024-09-05,190427,80,true,nicmf,2024-11-26T18:24:33Z,"nu metal,rap metal,rock,metal alternativo","Warner Records",0.466,0.872,7,-3.344,1,0.0336,0.0156,0,0.121,0.806,184.115,4
spotify:track:51Mmmd7P1ETIqTTt2WtUrS,"Who I Am","Shawn","Shawn Mendes",2024-11-15,100480,57,false,nicmf,2024-11-26T18:51:40Z,"","Island Records",0.371,0.25,11,-14.996,0,0.277,0.846,0.00000523,0.399,0.455,200.182,4
spotify:track:1lKFDImYTHzIGPtiQQZSwu,"bottomline (feat. JoJo)","TORI. (+ a lil more)","Tori Kelly;JoJo",2024-10-11,202000,43,false,nicmf,2024-11-26T18:55:43Z,"","Tori Kelly/Epic/Beautiful Mind Records",0.723,0.775,5,-4.18,1,0.0441,0.181,0.00000413,0.247,0.78,142.013,4
spotify:track:6I3mqTwhRpn34SLVafSH7G,"Ghost","Justice","Justin Bieber",2021-03-19,153190,88,false,nicmf,2024-11-26T19:11:31Z,"","RBMG/Def Jam",0.601,0.741,2,-5.569,1,0.0478,0.185,0.0000291,0.415,0.441,153.96,4
spotify:track:4XPWKmy05Rcff6TLHNoNF8,"Ghost","Chapter One (Deluxe Version)","Ella Henderson",2014-10-13,213218,66,false,nicmf,2024-11-26T19:11:44Z,"","Syco Music",0.68,0.84,9,-3.823,1,0.0414,0.0457,0.00000866,0.143,0.468,104.975,4
spotify:track:3m0y8qLoznUYi73SUBP8GI,"Ghostbusters","Ghostbusters (Original Motion Picture Soundtrack) [2016]","Ray Parker Jr.",2016-07-15,245248,71,false,nicmf,2024-11-26T19:11:56Z,"","RCA Records Label",0.788,0.846,4,-5.017,1,0.0372,0.0103,0.000281,0.26,0.738,115.636,4
spotify:track:6405hOm4Nxfxzm2wxXw2BU,"Ghosting","O My Heart","Mother Mother",2008-09-23,285986,0,false,raphaelfr17,2024-11-26T19:12:05Z,"","Last Gang",0.606,0.618,11,-5.1,1,0.0258,0.325,0.0019,0.108,0.237,92.061,4
spotify:track:2eW8aJXH9OSqJuw1UcPEj6,"Ghost Of You","A Year Without Rain (International Standard Version)","Selena Gomez & The Scene",2010-01-01,203253,43,false,nicmf,2024-11-26T19:12:09Z,"","Hollywood Records",0.525,0.64,1,-5.201,0,0.0393,0.688,0,0.049,0.227,84.803,4
spotify:track:1MhXdlCQPnO56T57MfmaRm,"Ghost Of You","Youngblood (Deluxe)","5 Seconds of Summer",2018-06-15,197411,76,false,nicmf,2024-11-26T19:12:19Z,"","Capitol",0.459,0.561,10,-4.819,1,0.0269,0.0965,0,0.156,0.206,149.876,3
spotify:track:6b8Be6ljOzmkOmFslEb23P,"24K Magic","24K Magic","Bruno Mars",2016-11-18,225983,89,false,nicmf,2024-11-26T19:13:00Z,"","Atlantic Records",0.818,0.803,1,-4.282,1,0.0797,0.034,0,0.153,0.632,106.97,4
spotify:track:6JY1IdkZGeIcPegKxjSKeb,"Since U Been Gone","Breakaway","Kelly Clarkson",2004,188960,84,false,nicmf,2024-11-26T20:07:09Z,"natal","RCA Records Label",0.662,0.739,9,-5.354,0,0.0322,0.00206,0.0603,0.113,0.382,130.999,4
spotify:track:0WpRF4X2LyMTZnqqrXX19U,"Get Jinxed","The Music of League of Legends Vol. 1","League of Legends;Djerv",2015-01-28,154960,5,false,raphaelfr17,2024-11-27T00:20:25Z,"rock norueguês","Riot Games",0.434,0.884,7,-7.128,0,0.093,0.000728,0.00458,0.105,0.191,180.029,4
spotify:track:656TZu3G6rnfK9m2Y0zR6g,"Você me faz tão bem","Detonautas Acústico","Detonautas",2010-03-09,254520,70,false,raphaelfr17,2024-11-27T00:55:41Z,"rock brasileiro,mpb,pop nacional","Best",0.391,0.797,7,-7.991,0,0.0609,0.377,0.0000156,0.755,0.369,143.61,4
spotify:track:0INaMqjJJe1BZpnWuCxDzt,"Ai Se Eu Te Pego","Só Sucesso 40+","Michel Teló",2019-08-01,170893,68,false,nicmf,2024-11-27T01:25:43Z,"sertanejo,sertanejo universitário,sertanejo tradicional","VIDISCO",0.651,0.92,11,-6.964,1,0.0665,0.096,0,0.971,0.735,96.02,4
spotify:track:3gDkjscniGpAn8HPH1dW44,"U Fucked Up","Guess It's Just Life","The Astronomers",2021-04-23,154074,41,true,raphaelfr17,2024-11-27T01:50:45Z,"","Woods Ent. Group",0.588,0.434,7,-8.094,1,0.0555,0.298,0,0.255,0.33,161.983,4
spotify:track:228BxWXUYQPJrJYHDLOHkj,"Gasolina","Barrio Fino (Bonus Track Version)","Daddy Yankee",2004-07-13,192600,15,false,raphaelfr17,2024-11-27T02:27:30Z,"reggaeton,latino","Gasolina Recording Co.",0.852,0.797,0,-6.543,1,0.0614,0.322,0.00000269,0.0845,0.741,96.008,4
spotify:track:7yMkY0vkgOJLDTahnvuEkP,"Ocarina Of Time: Main Theme","The Legend Of Zelda: Ocarina Of Time","Jonnas Heisenberg",2022-08-02,82102,37,false,raphaelfr17,2024-11-27T05:16:18Z,"","3835513 Records DK",0.263,0.176,0,-18.447,1,0.0483,0.983,0.976,0.0743,0.0794,78.01,3
spotify:track:0AS63m1wHv9n4VVRizK6Hc,"Mercy","Illuminate (Deluxe)","Shawn Mendes",2017-04-20,208733,87,false,nicmf,2024-11-27T05:16:47Z,"","Island Records",0.554,0.662,11,-4.957,0,0.0821,0.126,0,0.111,0.338,148.122,4
spotify:track:7MKcM6TfaGKQVFfhstCbOw,"Redemption Song","Legend - The Best Of Bob Marley And The Wailers","Bob Marley & The Wailers",2002-01-01,227840,64,false,nicmf,2024-11-27T18:53:54Z,"reggae,reggae raiz","UMC (Universal Music Catalogue)",0.666,0.261,0,-10.723,1,0.0399,0.586,0,0.079,0.7,116.113,4
spotify:track:7yzbimr8WVyAtBX3Eg6UL9,"Hallelujah","Various Positions","Leonard Cohen",1984-12-11,279902,67,false,nicmf,2024-11-27T19:05:52Z,"cantor e compositor","Columbia/Legacy",0.28,0.344,0,-12.577,1,0.0293,0.715,0.00642,0.133,0.232,171.143,3
spotify:track:4LjOKmZbfhx2uOEQopXgcn,"One Little Slip - From ""Chicken Little""/Soundtrack Version","Chicken Little","Barenaked Ladies",2005-01-01,173346,53,false,raphaelfr17,2024-11-27T20:11:52Z,"","Walt Disney Records",0.508,0.822,7,-8.226,1,0.0372,0.00279,0.0000333,0.21,0.934,135.983,4
spotify:track:1aNzneXNkCrxXike68Cx8i,"Love Somebody Else","Gold Rush Kid","George Ezra",2022-06-10,208048,37,false,raphaelfr17,2024-11-27T20:36:04Z,"","Columbia",0.535,0.721,0,-5.115,1,0.0489,0.0827,0.0000254,0.178,0.452,80.956,4
spotify:track:4ZTTUAjJCd4NMZmIU7RB4c,"Midnight (feat. Liam Payne)","Midnight (feat. Liam Payne)","Alesso;Liam Payne",2020-04-08,220140,61,false,nicmf,2024-11-27T21:55:53Z,"edm","10:22 pm",0.588,0.648,11,-6.927,0,0.0435,0.0561,0,0.115,0.283,144.029,4
spotify:track:1vxw6aYJls2oq3gW0DujAo,"Crazy","St. Elsewhere","Gnarls Barkley;CeeLo Green;Danger Mouse",2007-12-01,177933,84,false,raphaelfr17,2024-11-27T22:03:36Z,"","WM UK",0.866,0.537,8,-5.786,1,0.0335,0.053,0.0156,0.0866,0.643,111.987,4
spotify:track:48AQYr2dA34zMtIxDFlc9s,"Ela Partiu","Ela Partiu","Projeto Equinox09;Caju Hassen;Julio Arello;Victoria Ferraz",2019-12-17,252124,38,false,raphaelfr17,2024-11-28T00:42:25Z,"mpb","Projeto Equinox09",0.711,0.582,2,-7.081,1,0.0776,0.245,0.00000489,0.152,0.565,88.095,4
spotify:track:5MoDQWMDMaAGDEiWsJfeCi,"Eternal Flame","The Essential Bangles","The Bangles;Susanna Hoffs",2004,238026,73,false,nicmf,2024-11-28T01:50:55Z,"jangle pop,power pop","Columbia",0.526,0.358,4,-7.239,0,0.0243,0.525,0,0.0942,0.399,78.989,3
spotify:track:42XJElMt2jV4kPA44mF9y4,"O Nome Dela É Jessica","Falando de Amor","Carlos Renato",2022-12-27,258071,4,true,raphaelfr17,2024-11-28T17:17:44Z,"","Carlos Renato",0.741,0.83,10,-6.135,1,0.0397,0.825,0,0.0622,0.965,166.036,4
spotify:track:5CscrLqFBgPfZR8fGtikov,"making the bed","GUTS","Olivia Rodrigo",2023-09-08,198866,80,false,nicmf,2024-11-28T19:46:23Z,"","Olivia Rodrigo PS",0.55,0.409,7,-7.718,1,0.0316,0.386,0,0.122,0.252,133.099,4
spotify:track:5jULuJettXzlqIxKnrvxgi,"Sad Girl","Sad Girl","Valley Boy",2021-01-15,233998,0,false,nicmf,2024-11-28T19:49:58Z,"","El Tap Rex",0.701,0.39,7,-9.774,1,0.049,0.767,0.045,0.282,0.452,114.965,4
spotify:track:3zageWW7Zbqdo0edJI8StA,"Out of My Mind","Back to Bedlam","James Blunt",2005-08-08,213120,46,false,nicmf,2024-11-28T19:53:31Z,"","Custard/Atlantic",0.567,0.564,5,-6.303,1,0.0286,0.281,0.000569,0.0983,0.391,80.982,4
spotify:track:7suB6D6uKX5DfPukdGaz0W,"Fly As Me","An Evening With Silk Sonic","Bruno Mars;Anderson .Paak;Silk Sonic",2021-11-12,219389,63,false,raphaelfr17,2024-11-28T20:13:18Z,"","Aftermath Entertainment/Atlantic",0.783,0.627,2,-8.521,1,0.102,0.00756,0,0.0606,0.48,100.025,4
spotify:track:0dIOvducp7ujHTqj66cQ3X,"Amnesia","5 Seconds Of Summer","5 Seconds of Summer",2014-06-27,237247,68,false,nicmf,2024-11-28T21:20:29Z,"","Capitol",0.594,0.497,2,-5.26,1,0.0303,0.0343,0,0.162,0.101,101.668,4
spotify:track:58hVOSkdd1jY6oVGcGkC60,"Eu Sou um Fracasso","Eu Sou um Fracasso","Bia Marques;Hiosaki",2022-05-06,151014,46,false,nicmf,2024-11-29T01:39:39Z,"pop nacional,nova mpb","48k Records",0.533,0.307,11,-11.508,1,0.0424,0.786,0,0.109,0.562,156.14,4
spotify:track:5RczWF9S4A5dI2F3m1OC94,"To Coberto X Bato Com o Placo","To Coberto X Bato Com o Placo","MC Davi CPR;wrbeats;DJ Martinelli;Cjtinha;Authentic Records",2024-04-19,182769,54,true,nicmf,2024-11-29T03:23:04Z,"funk,funk bruxaria","Authentic Records OFC",0.927,0.729,4,-5.407,1,0.192,0.267,0.0000362,0.191,0.677,130.135,4
spotify:track:5L9anTQJGLyRObYDYvLWdh,"Unbreakable","Invincible","Michael Jackson",2001-10-29,386373,73,false,raphaelfr17,2024-11-29T03:29:18Z,"","Epic",0.798,0.824,1,-0.933,1,0.144,0.0314,0.0933,0.0665,0.851,94.017,4
spotify:track:08mG3Y1vljYA6bvDt4Wqkj,"Back In Black","Back In Black","AC/DC",1980-07-25,256000,90,false,nicmf,2024-11-29T03:35:17Z,"rock,hard rock,rock clássico,rock and roll","Columbia",0.31,0.7,9,-5.678,1,0.047,0.011,0.00965,0.0828,0.763,188.386,4
spotify:track:2Tg7Tc4H50u11aDpmSRQTB,"Don't Let The Light Go Out","Viva Las Vengeance","Panic! At The Disco",2022-08-19,229517,54,false,raphaelfr17,2024-11-29T03:35:19Z,"emo","Fueled By Ramen",0.492,0.59,4,-4.032,0,0.0313,0.00109,0.0023,0.271,0.179,117.637,4
spotify:track:0vJYFKg9z1IvZiQUyX19cD,"Iron Man (2012 Remaster)","Paranoid","Black Sabbath",1970-09-18,353613,67,false,nicmf,2024-11-29T03:35:33Z,"metal,heavy metal,rock,stoner rock,doom metal,hard rock","Sanctuary Records",0.336,0.796,6,-10.845,0,0.0896,0.00361,0.00143,0.0621,0.417,155.28,4
spotify:track:1RPrzKZdkzCNV0Ux0xEHg2,"Ela Só Quer Paz","Ela Só Quer Paz","Projota",2016-01-27,174382,70,false,nicmf,2024-11-29T03:59:39Z,"hip hop brasileiro,pop nacional","Universal Music Ltda.",0.655,0.664,0,-4.506,0,0.179,0.0207,0,0.0771,0.934,172.005,4
spotify:track:7MbT4I8qGntX4fMdqMQgke,"peace","folklore","Taylor Swift",2020-07-24,234000,68,true,nicmf,2024-11-29T03:59:52Z,"","Taylor Swift",0.647,0.272,5,-12.906,1,0.0916,0.918,0.0000173,0.0918,0.339,150.044,4
spotify:track:2vzMWO0T008m86yDnXwkII,"Blame It on Me","Wanted on Voyage (Expanded Edition)","George Ezra",2014-06-30,195527,77,false,nicmf,2024-11-29T20:57:14Z,"","Columbia",0.537,0.757,3,-3.374,1,0.0274,0.473,0,0.341,0.421,103.882,4
spotify:track:1WSGTYKLEpKfNQYYW5Oymt,"I Can’t Get Enough (benny blanco, Selena Gomez, J Balvin, Tainy)","I Can’t Get Enough (benny blanco, Selena Gomez, J Balvin, Tainy)","benny blanco;Selena Gomez;J Balvin;Tainy",2019-02-28,158027,62,false,raphaelfr17,2024-11-29T21:00:13Z,"reggaeton,latino","NEON16/Friends Keep Secrets/Interscope Records",0.541,0.468,10,-4.039,0,0.362,0.404,0.00000365,0.358,0.69,95.266,4
spotify:track:76vMKwFtdDDCLcM6zXybjB,"Say Amen (Saturday Night)","Pray for the Wicked","Panic! At The Disco",2018-06-22,189186,66,false,raphaelfr17,2024-11-29T21:11:27Z,"emo","DCD2 / Fueled By Ramen",0.491,0.867,6,-2.313,0,0.103,0.167,0,0.458,0.602,167.965,4
spotify:track:5ReWFL8seqxe7srGAVGg7c,"We'll Be There (feat. Estelle) - Abridged","We Bare Bears (Original Television Soundtrack)","We Bare Bears;Estelle",2020-09-04,20394,5,false,raphaelfr17,2024-11-29T23:18:19Z,"","Cartoon Network / WaterTower Music",0.378,0.477,9,-13.08,1,0.241,0.474,0,0.296,0.974,200.388,4
spotify:track:22oEJW6r2rMb9z4IntfyEa,"Hey Look Ma, I Made It","Pray for the Wicked","Panic! At The Disco",2018-06-22,169666,69,false,raphaelfr17,2024-11-29T23:19:39Z,"emo","DCD2 / Fueled By Ramen",0.577,0.833,5,-3.337,1,0.0695,0.0137,0,0.121,0.58,107.936,4
spotify:track:33YVqOuoTPr1qvdMSWMuWv,"Wouldn't It Be Good","Naked 80's","Nadine Loren",2011-05-31,236173,17,false,nicmf,2024-11-29T23:53:51Z,"","Nota Bene Entertainment",0.72,0.527,7,-8.185,0,0.0251,0.59,0.0000413,0.111,0.646,95.006,4
spotify:track:7FDV5ELOJHCGLe52AnttEd,"Angel","Hot Shot","Shaggy;Rayvon",2000-08-08,235133,84,false,nicmf,2024-11-30T00:33:12Z,"reggae","Geffen",0.74,0.766,6,-2.939,1,0.178,0.116,0,0.0406,0.807,170.531,4
,"undefined","undefined","undefined",,,,,nicmf,2024-11-30T00:37:38Z,"","undefined",,,,,,,,,,,,
spotify:track:5IMtdHjJ1OtkxbGe4zfUxQ,"Escape (The Pina Colada Song)","Partners In Crime","Rupert Holmes",1979-01-01,276493,81,false,nicmf,2024-11-30T00:51:21Z,"yacht rock","Geffen*",0.835,0.509,0,-13.668,1,0.0548,0.469,0.00000411,0.0436,0.949,138.711,4
spotify:track:7kt9e9LFSpN1zQtYEl19o1,"this is me trying","folklore","Taylor Swift",2020-07-24,195097,78,false,nicmf,2024-11-30T01:02:48Z,"","Taylor Swift",0.515,0.476,9,-9.843,1,0.0328,0.314,0.0000474,0.171,0.412,135.886,4
spotify:track:197haCqQ3ehyUC6jmTC9cj,"Get Away","Staying at Tamara's","George Ezra",2018-03-23,154341,49,false,raphaelfr17,2024-11-30T01:05:44Z,"","Columbia",0.691,0.896,7,-4.882,1,0.0796,0.0912,0,0.124,0.94,140.069,4
spotify:track:1TVPiGYb49TcUzJ833hBPa,"Snap","Disc-Overy","Tinie Tempah",2010,185173,18,false,nicmf,2024-11-30T01:14:33Z,"grime","Parlophone UK",0.757,0.738,7,-5.691,1,0.36,0.0266,0,0.106,0.524,87.48,4
spotify:track:0Q2kFlgnqusKAqCDpCKAIY,"Bad Kind of Butterflies","Romance","Camila Cabello",2019-12-06,169334,53,false,nicmf,2024-11-30T01:21:24Z,"","Syco Music/Epic",0.495,0.308,1,-9.528,0,0.141,0.506,0,0.247,0.273,108.484,3
spotify:track:6oJdM8pW0ujqLcTQpZzCQ6,"Christine","Kaleidoscope (Remastered & Expanded)","Siouxsie and the Banshees",1980-08-01,179600,52,false,nicmf,2024-11-30T01:27:11Z,"rock gótico,post-punk,deathrock,darkwave,new wave,cold wave","UMC (Universal Music Catalogue)",0.687,0.729,7,-8.112,0,0.0675,0.134,0.0000518,0.0977,0.382,74.886,4
spotify:track:2bL2gyO6kBdLkNSkxXNh6x,"Animals","V","Maroon 5",2014-09-02,231013,89,false,nicmf,2024-11-30T01:34:05Z,"pop","Interscope Records*",0.279,0.742,4,-6.46,0,0.0898,0.000185,0,0.593,0.328,189.868,4
spotify:track:0A9mHc7oYUoCECqByV8cQR,"Animals","Animals","Martin Garrix",2013-06-17,304228,78,false,nicmf,2024-11-30T01:34:17Z,"edm,house progressivo,eletrônica","STMPD RCRDS",0.675,0.868,1,-6.36,1,0.0392,0.00107,0.715,0.374,0.0376,128.007,4
spotify:track:6q2T5xXao6mTS6LLE88L84,"The Lovecats","Japanese Whispers","The Cure",1983-01-01,220093,66,false,raphaelfr17,2024-11-30T01:39:21Z,"new wave,post-punk,rock gótico,darkwave","Polydor Records",0.747,0.571,9,-12.9,0,0.086,0.48,0.00000105,0.242,0.965,91.838,4
spotify:track:5luCaDrc2ttzEjNp4ivaW0,"Devil Trigger","DEVIL MAY CRY 5 Original SoundTrack","Casey Edwards",2019-03-20,405299,67,false,raphaelfr17,2024-11-30T02:08:38Z,"","CAPCOM SULEPUTER",0.504,0.934,6,-6.886,1,0.256,0.000104,0.388,0.11,0.355,159.947,4
spotify:track:2NQhQlcVAcDRN3jf6FDTlm,"Year of the Cat","Running Man - Introducing... Al Stewart","Al Stewart",2003,394731,54,false,nicmf,2024-11-30T01:48:04Z,"yacht rock,soft rock","Parlophone UK",0.548,0.539,4,-10.56,0,0.0316,0.0329,0.00729,0.244,0.586,117.092,4
spotify:track:42nZBOwXNdO24Ml032bLBS,"Gatilho - Ao Vivo","Se Melhorar Estraga (Ao Vivo)","Matheus & Kauan",2022-03-18,155284,63,false,nicmf,2024-11-30T02:08:30Z,"sertanejo,sertanejo universitário,arrocha,agronejo","Universal Music Ltda.",0.48,0.93,2,-4.441,1,0.143,0.0302,0,0.689,0.641,160.063,4
spotify:track:5zKyU6CL3L0QA2J4jcBzRM,"Milk and Toast and Honey","The 30 Biggest Hits XXX","Roxette",2014-11-03,244920,45,false,nicmf,2024-11-30T02:17:40Z,"pop sueco","Parlophone Sweden",0.635,0.715,1,-4.245,1,0.0349,0.0517,0,0.0574,0.744,141.414,4
spotify:track:6sRmaXQZo0EK2woVn2COxM,"Effortlessly","Life Support","Madison Beer",2021-02-26,168655,53,false,nicmf,2024-11-30T02:23:42Z,"","Epic/Sing It Loud",0.309,0.567,0,-6.768,0,0.0498,0.584,0.00000369,0.0681,0.267,75.276,4
spotify:track:1rqqCSm0Qe4I9rUvWncaom,"High Hopes","Pray for the Wicked","Panic! At The Disco",2018-06-22,190946,87,false,nicmf,2024-11-30T14:09:05Z,"emo","DCD2 / Fueled By Ramen",0.579,0.904,5,-2.729,1,0.0618,0.193,0,0.064,0.681,82.014,4
spotify:track:5tVA6TkbaAH9QMITTQRrNv,"Free Fallin'","Full Moon Fever","Tom Petty",1989-01-01,256000,84,false,raphaelfr17,2024-11-30T15:03:33Z,"rock clássico","Tom Petty P&D",0.623,0.449,5,-13.333,1,0.0253,0.212,0,0.0613,0.573,84.383,4
spotify:track:6l3vk93IWfe0wq396JTCM6,"Over Again","Take Me Home (Expanded Edition)","One Direction",2012-11-12,182040,66,false,nicmf,2024-11-30T16:42:46Z,"","Syco Music",0.373,0.575,2,-6.862,1,0.0915,0.302,0,0.125,0.5,72.595,4
spotify:track:2Y90nL1ohB4sgYELDs7uNx,"Glory Days","Born In The U.S.A.","Bruce Springsteen",1984-06-04,258317,76,false,nicmf,2024-12-02T04:32:00Z,"","Columbia",0.574,0.96,9,-4.906,1,0.032,0.0457,0,0.121,0.978,117.486,4
spotify:track:0BiqmkasE5FdrChwKfVp8X,"Bigger Than The Whole Sky","Midnights (3am Edition)","Taylor Swift",2022-10-22,218502,67,false,nicmf,2024-12-03T12:01:22Z,"","Taylor Swift",0.42,0.22,6,-12.584,1,0.0472,0.841,0.00131,0.114,0.0705,165.564,4
spotify:track:7oo3L1ZPEQSavDVSnlOvDa,"Apenas Um Rapaz Latino Americano","Alucinacao","Belchior",1976-01-01,258026,65,false,nicmf,2024-12-03T20:42:58Z,"mpb","Universal Music Ltda.",0.567,0.333,4,-17.687,1,0.0425,0.54,0,0.0736,0.53,107.895,4
spotify:track:0w5pghaDUcG3hRPJaOHlLc,"Chains","Nick Jonas","Nick Jonas",2014-11-10,203106,52,false,nicmf,2024-12-04T00:55:24Z,"","Safehouse Records / Island Records",0.591,0.611,0,-5.884,0,0.0454,0.0153,0,0.0757,0.121,76.003,4
spotify:track:0S7lkKStHgfgjgwSFOvRNA,"The Craving - single version","The Craving","Twenty One Pilots",2024-05-22,173866,62,false,raphaelfr17,2024-12-04T00:55:46Z,"","Fueled By Ramen",0.538,0.661,7,-5.302,1,0.0321,0.398,0,0.243,0.419,159.617,4
spotify:track:4e3ZNTAV6PCrdYMUrUlMpQ,"Electric Touch (feat. Fall Out Boy) (Taylor’s Version) (From The Vault)","Speak Now (Taylor's Version)","Taylor Swift;Fall Out Boy",2023-07-07,266466,67,false,raphaelfr17,2024-12-04T02:21:07Z,"emo,pop punk","Taylor Swift",0.547,0.854,7,-4.753,1,0.0526,0.018,0,0.156,0.26,131.068,4
spotify:track:2QxekHjOYDnzNO5w8hu2D9,"Empty Out Your Pockets","The Party Never Ends 2.0","Juice WRLD",2024-11-30,135653,76,true,raphaelfr17,2024-12-09T02:20:47Z,"rap melódico,rap emo","Grade A Productions/Interscope Records",0.74,0.718,8,-6.278,0,0.133,0.329,0,0.38,0.345,91.929,4
spotify:track:2NmsngXHeC1GQ9wWrzhOMf,"illicit affairs","folklore","Taylor Swift",2020-07-24,190898,77,false,nicmf,2024-12-09T02:26:54Z,"","Taylor Swift",0.559,0.31,10,-10.445,1,0.0338,0.881,0,0.106,0.46,119.845,4
spotify:track:6nek1Nin9q48AVZcWs9e9D,"Paradise","Mylo Xyloto","Coldplay",2011-10-24,278719,88,false,raphaelfr17,2024-12-10T12:32:02Z,"","Parlophone UK",0.449,0.585,5,-6.761,1,0.0268,0.0509,0.0000875,0.0833,0.212,139.631,4
spotify:track:0S4RKPbRDA72tvKwVdXQqe,"The Way","Yours Truly","Ariana Grande;Mac Miller",2013-01-01,227026,75,false,nicmf,2024-12-10T18:46:27Z,"pop","Universal Records",0.645,0.878,5,-3.208,0,0.113,0.294,0,0.076,0.862,82.324,4
spotify:track:7clUVcSOtkNWa58Gw5RfD4,"Speed of Sound","X&Y","Coldplay",2005-06-07,287906,78,false,raphaelfr17,2024-12-10T23:06:35Z,"","Parlophone Records Limited",0.514,0.898,11,-6.765,0,0.0577,0.00488,0.0345,0.0746,0.353,123.067,4
spotify:track:1N3dZ7TTWO6VcD4Y3hHYLZ,"Try Everything","Zootopia (Original Motion Picture Soundtrack)","Shakira",2016-02-12,196853,79,false,raphaelfr17,2024-12-10T23:15:43Z,"pop latino","Walt Disney Records",0.705,0.609,1,-4.897,1,0.0307,0.0257,0,0.0846,0.476,115.474,4
spotify:track:5hD2qFJFQHT7HBo2fuaXcs,"Reach Out To The Truth","ネバー・モア-『ペルソナ4』輪廻転生-","平田志穂子",2011-10-26,261946,47,false,raphaelfr17,2024-12-10T23:35:42Z,"vgm japonesa","アニプレックス",0.694,0.855,2,-6.157,1,0.0351,0.00113,0.000104,0.0918,0.959,84.982,4
spotify:track:7Jh1bpe76CNTCgdgAdBw4Z,"""Heroes"" - 2017 Remaster","""Heroes"" (2017 Remaster)","David Bowie",1977,371413,84,false,raphaelfr17,2024-12-12T01:06:40Z,"glam rock,art rock","Parlophone UK",0.489,0.758,7,-6.491,1,0.0297,0.000678,0.49,0.092,0.435,112.113,4
spotify:track:3zU9rdflI65tK4dkkNSp77,"Heroes (we could be)","Forever","Alesso;Tove Lo",2015-05-22,210013,82,false,raphaelfr17,2024-12-12T01:07:23Z,"edm","Alesso / Def Jam",0.503,0.748,5,-4.124,1,0.0619,0.0305,0,0.343,0.356,125.896,4
spotify:track:50u1vw4DS6QQxJNXiMuWed,"Another Part Of Me (feat. Sting)","Another Part Of Me (feat. Sting)","Snoop Dogg;Dr. Dre;Sting",2024-11-29,206773,47,true,raphaelfr17,2024-12-18T01:46:23Z,"g-funk,west coast hip hop,gangster rap,hip hop old school,hip hop,rap,soft rock","Death Row/Aftermath/Interscope Records",0.653,0.888,11,-4.48,0,0.117,0.0149,0.000181,0.912,0.794,145.974,4
spotify:track:7yXibbAYi4to5oQTeO738f,"Pieces Of Me","Autobiography","Ashlee Simpson",2004-01-01,216560,65,false,nicmf,2024-12-19T02:53:51Z,"bubblegum pop","Geffen*",0.532,0.807,2,-4.301,1,0.057,0.0584,0,0.114,0.759,87.183,4
spotify:track:7KXjTSCq5nL1LoYtL7XAwS,"HUMBLE.","DAMN.","Kendrick Lamar",2017-04-14,177000,87,true,nicmf,2024-12-19T02:57:23Z,"hip hop,west coast hip hop","Aftermath",0.908,0.621,1,-6.638,0,0.102,0.000282,0.0000539,0.0958,0.421,150.011,4
spotify:track:5v6b9RUk83Z33shcsqt1m3,"More Than This","Love Among The Ruins","10,000 Maniacs",1997-01-01,245573,53,false,nicmf,2024-12-19T03:03:48Z,"jangle pop","Geffen",0.623,0.773,6,-8.8,1,0.0271,0.0155,0.00573,0.0917,0.807,124.644,4
spotify:track:7ePFDzrnLt3Ynqgy2UFWri,"December, 1963 (Oh What a Night!)","The Very Best of Frankie Valli & The 4 Seasons","The Four Seasons",2003-01-14,201093,62,false,nicmf,2024-12-23T02:28:17Z,"","Rhino",0.727,0.588,1,-9.568,1,0.0253,0.058,0.00000546,0.0414,0.964,104.413,4
spotify:track:0247StOpd3AkeBQzANX4Zf,"Do They Know It's Christmas? - 1984 Version","Do They Know It's Christmas?","Band Aid",2004-01-01,222533,52,false,nicmf,2024-12-23T02:28:27Z,"natal","EMI",0.598,0.643,0,-6.933,1,0.0364,0.164,0.0000335,0.0992,0.349,115.41,4
spotify:track:3iMRGDhn0ghHIUMmlKrJOh,"Do They Know It's Christmas? - 2014","Do They Know It's Christmas? (2014)","Band Aid 30",2014-01-01,228916,39,false,nicmf,2024-12-23T02:28:35Z,"natal","EMI",0.626,0.541,0,-7.615,1,0.0308,0.352,0,0.119,0.255,112.001,4
spotify:track:62FXKOa8jpLmvUiZ6O3uda,"Come On Home For Christmas","Gold Rush Kid (Christmas Edition)","George Ezra",2022,180853,0,false,raphaelfr17,2024-12-23T02:28:39Z,"","Columbia",0.645,0.596,4,-6.366,1,0.0273,0.249,0.00277,0.15,0.629,99.012,4
spotify:track:1A4Yu7C7lCylnun5R1bX3q,"White Christmas - Spotify Singles - Holiday, Recorded at Air Studios, London","Gold Rush Kid (Christmas Edition)","George Ezra",2022,192458,0,false,raphaelfr17,2024-12-23T02:28:42Z,"","Columbia",0.588,0.319,0,-12.789,1,0.029,0.638,0.00207,0.128,0.444,115.808,4
spotify:track:3cK10zROGQYpqa3vsU6bs9,"Do They Know It's Christmas? - 2024 Ultimate Mix","Do They Know It’s Christmas?","Band Aid",2024-11-25,298373,32,false,nicmf,2024-12-23T02:29:07Z,"natal","UMC (Universal Music Catalogue)",0.596,0.639,0,-9.106,1,0.0389,0.23,0.0000219,0.131,0.289,114.931,4
spotify:track:6sMuiCAlq1mQhy3UawAB5P,"Pode Até Rolar","Manu Gavassi (Deluxe Version)","Manu Gavassi",2012-05-28,171453,13,false,nicmf,2024-12-23T02:44:34Z,"pop nacional,nova mpb","Midas Music",0.646,0.899,11,-3.86,0,0.0421,0.00147,0.000141,0.19,0.458,104.987,4
spotify:track:5lWRaa0fBxDE5yU91npPq7,"Just A Girl","Tragic Kingdom","No Doubt",1995-10-10,209200,81,false,nicmf,2024-12-24T00:18:12Z,"","Trauma",0.638,0.906,2,-4.824,1,0.0504,0.0662,0.0000688,0.142,0.767,107.991,4
spotify:track:6wpDQGn3Gl0j9Wt6D6mYvQ,"O Descobridor Dos Sete Mares","O Descobridor Dos Sete Mares","Tim Maia",1983-01-03,265297,71,false,nicmf,2024-12-24T00:18:23Z,"mpb","Universal Music Ltda.",0.643,0.78,10,-8.306,0,0.0718,0.0108,0.00069,0.305,0.963,136.891,4
spotify:track:7qCAVkHWZkF44OzOUKf8Cr,"El Perdón (with Enrique Iglesias)","Fénix","Nicky Jam;Enrique Iglesias",2017-01-20,205906,82,false,nicmf,2024-12-24T01:51:02Z,"reggaeton,latino,pop latino","Sony Music Latin",0.628,0.69,8,-5.83,1,0.0511,0.443,0,0.113,0.66,179.908,4
spotify:track:7GK2KVYH8FrTC9zehmjVMd,"Ring My Bell","Ring My Bell","Anita Ward",2005-09-26,491933,77,false,nicmf,2024-12-24T15:59:07Z,"disco","601 Music",0.781,0.556,5,-13.067,0,0.0611,0.0661,0.0907,0.0339,0.968,125.999,4
spotify:track:7xk1Cm7f9gVYUdbAnwoFpy,"O Grande Amor da Minha Vida (Convite de Casamento)","Maxximum - Gian & Giovani","Gian & Giovani",2005-08-08,256800,63,false,nicmf,2024-12-24T16:00:05Z,"sertanejo tradicional,sertanejo","Columbia",0.603,0.583,0,-8.856,1,0.0311,0.619,0,0.181,0.383,144.037,4
spotify:track:3CeCwYWvdfXbZLXFhBrbnf,"Love Story (Taylor’s Version)","Love Story (Taylor’s Version)","Taylor Swift",2021-02-12,235766,82,false,nicmf,2024-12-24T16:02:08Z,"","Taylor Swift",0.626,0.79,2,-4.302,1,0.0311,0.135,0.00000397,0.0989,0.416,119.082,4
spotify:track:1MgV7FIyNxIG7WzMRJV5HC,"my tears ricochet","folklore","Taylor Swift",2020-07-24,255893,83,false,nicmf,2025-01-10T02:34:55Z,"","Taylor Swift",0.469,0.263,0,-10.63,1,0.0329,0.806,0,0.0749,0.112,129.86,4
spotify:track:6wmAHw1szh5RCKSRjiXhPe,"How Long","Voicenotes","Charlie Puth",2018-05-11,200853,81,false,nicmf,2025-01-10T02:35:28Z,"o lado suave do pop","Artist Partner",0.845,0.561,1,-5.253,0,0.0778,0.211,0.00000349,0.0383,0.811,109.974,4
spotify:track:0ZuR3LK4dFYYLjeF6tZC38,"I Miss You","Now You're Gone - The Album","Basshunter",2008-01-15,225933,48,false,nicmf,2025-01-10T02:36:12Z,"eurodance,europop","WM Sweden",0.656,0.998,2,-6.058,1,0.0829,0.202,0.00000177,0.199,0.155,140.003,4
spotify:track:4nyF5lmSziBAt7ESAUjpbx,"I miss you, I’m sorry","minor","Gracie Abrams",2020-07-14,167538,84,false,nicmf,2025-01-10T02:36:39Z,"","Gracie Abrams, under exclusive license to Interscope Records",0.445,0.455,7,-6.405,1,0.0575,0.731,0.00000147,0.124,0.151,109.885,5
spotify:track:63SevszngYpZOwf63o61K4,"Nevermind","Nevermind","Dennis Lloyd",2017-06-30,156600,82,false,nicmf,2025-01-10T02:37:33Z,"","WM Italy",0.6,0.688,5,-8.339,0,0.201,0.159,0.0000129,0.409,0.0793,99.977,4
spotify:track:2y4lAQpi5VTNLu2ldeTdUH,"We Can't Stop","Bangerz (Deluxe Version)","Miley Cyrus",2013-10-04,231233,86,false,nicmf,2025-01-10T02:39:01Z,"","RCA Records Label",0.613,0.622,1,-5.794,0,0.0334,0.00882,0,0.37,0.484,80.003,4
spotify:track:2bTe1fvWK8mfjSP6NqXDzU,"Don't Stop The Dance","Boys And Girls","Bryan Ferry",1985,259360,68,false,nicmf,2025-01-10T02:40:00Z,"glam rock","Virgin Records",0.716,0.769,9,-5.931,0,0.0328,0.00707,0.78,0.165,0.975,127.32,4
spotify:track:77NNZQSqzLNqh2A9JhLRkg,"Don't Stop Believin'","The Essential Journey","Journey",2001-10-16,248906,81,false,nicmf,2025-01-10T02:40:32Z,"aor,rock clássico","Columbia",0.491,0.802,4,-7.106,1,0.0392,0.25,0,0.387,0.472,119.25,4
spotify:track:6p6TjiJHc1kJQt5dXzkdrs,"I Don't Dance","High School Musical 2 (Original Soundtrack)","CHAD;Lucas Grabeel;Disney",2007-01-01,217240,67,false,nicmf,2025-01-10T02:43:22Z,"","Walt Disney Records",0.804,0.88,9,-5.061,0,0.0933,0.00317,0,0.226,0.682,104.111,4
spotify:track:4kbj5MwxO1bq9wjT5g9HaA,"Shut Up and Dance","TALKING IS HARD","WALK THE MOON",2014-12-02,199080,90,false,raphaelfr17,2025-01-10T02:43:46Z,"","RCA Records Label",0.578,0.866,1,-3.804,1,0.0619,0.00701,0,0.257,0.619,128.038,4
spotify:track:3HLAszFaWyeUj76WxeDjbo,"Should've Learned My Lesson","The Beat Club Sessions","Rory Gallagher",2010,440854,2,false,nicmf,2025-01-10T02:45:43Z,"blues rock,blues moderno,blues clássico,blues","ST2",0.354,0.751,9,-3.178,1,0.0461,0.173,0.0523,0.0748,0.557,153.344,3
spotify:track:0ct6r3EGTcMLPtrXHDvVjc,"The Nights","The Days / Nights","Avicii",2014-01-01,176658,89,false,nicmf,2025-01-10T02:46:53Z,"edm","Pophouse Entertainment Group",0.527,0.835,6,-5.298,1,0.0433,0.0166,0,0.249,0.654,125.983,4
spotify:track:5tUfJOqyiROxClednTF2FC,"Live & Learn","Driving Through Forever -The Ultimate Crush 40 Collection-","Crush 40",2019-07-24,270760,60,false,raphaelfr17,2025-01-10T02:48:12Z,"","WAVE MASTER ARTISTS",0.399,0.966,4,-4.639,1,0.0982,0.000146,0.00152,0.0272,0.381,172.053,5
spotify:track:1DLfR4MOfLYbV6v3xrmWa8,"We Know","Hamilton (Original Broadway Cast Recording)","Lin-Manuel Miranda;Daveed Diggs;Leslie Odom Jr.;Okieriete Onaodowan",2015-09-25,142044,70,false,raphaelfr17,2025-01-10T02:48:17Z,"musicais","Atlantic Records",0.718,0.484,11,-10.376,1,0.523,0.312,0,0.127,0.692,113.855,4
spotify:track:79Mjfhh393dZdAsTvUFDR6,"Don't Go Breaking My Heart","Don't Go Breaking My Heart","Backstreet Boys",2018-05-17,215724,54,false,nicmf,2025-01-10T02:49:30Z,"","RCA Records Label",0.643,0.703,0,-5.573,1,0.0913,0.0218,0,0.0964,0.246,95.041,4
spotify:track:7HW5WIw7ZgZORCzUxv5gW5,"Don't Go Breaking My Heart","Rock Of The Westies","Elton John;Kiki Dee",1975-10-24,275440,85,false,nicmf,2025-01-10T02:49:35Z,"","EMI",0.729,0.844,5,-8.824,1,0.0344,0.149,0.00000287,0.0604,0.777,131.459,4
spotify:track:5rFj8OzffT0iggSjcBaeND,"Fire On Fire - From ""Watership Down""","Fire On Fire (From ""Watership Down"")","Sam Smith",2018-12-21,246735,66,false,nicmf,2025-01-10T02:55:36Z,"o lado suave do pop","PLG - Capitol",0.584,0.408,1,-7.356,0,0.0461,0.476,0,0.18,0.333,115.129,4
spotify:track:02a8cGumnKuEPgoCzmalJp,"Sozinho - Ao Vivo","Prenda Minha","Caetano Veloso",1998-01-01,190533,72,false,nicmf,2025-01-10T02:58:37Z,"mpb,bossa nova,samba","Universal Music Mexico",0.481,0.284,11,-14.762,0,0.186,0.634,0.000168,0.91,0.528,83.979,3
spotify:track:2VBluJiNj9bKohWX0dY1Lh,"Last Hope","Paramore","Paramore",2013-04-05,309973,65,false,nicmf,2025-01-10T03:00:04Z,"pop punk,emo","Fueled By Ramen",0.465,0.711,5,-6.178,1,0.0265,0.00411,0.000548,0.164,0.255,101.46,4
spotify:track:6GyFP1nfCDB8lbD2bG0Hq9,"Midnight City","Hurry up, We're Dreaming","M83",2011-10-17,243960,85,false,nicmf,2025-01-10T03:01:02Z,"","M83 Recording Inc",0.507,0.729,11,-5.399,0,0.0393,0.0182,0.0000014,0.0658,0.272,105.013,4
spotify:track:5wjmqUGN7vrAqFqDWrywlZ,"Midnight Memories","Midnight Memories (Deluxe)","One Direction",2013-11-25,176314,70,false,nicmf,2025-01-10T03:01:07Z,"","Syco Music",0.432,0.868,6,-2.01,0,0.0882,0.00725,0,0.233,0.567,156.128,4
spotify:track:1MaqkdFNIKPdpQGDzme5ss,"Two Is Better Than One (feat. Taylor Swift)","Love Drunk","BOYS LIKE GIRLS;Taylor Swift",2009-09-07,242840,68,false,nicmf,2025-01-10T03:02:29Z,"pop punk,emo","Columbia",0.521,0.702,0,-5.189,1,0.0331,0.189,0,0.0962,0.25,127.976,4
spotify:track:2ney0KJ7eOF807oPZjF7io,"One","The Best Of 1990-2000","U2",2002-01-01,275440,46,false,raphaelfr17,2025-01-10T03:04:17Z,"rock","Universal-Island Records Ltd.",0.399,0.562,0,-7.254,1,0.0337,0.239,0.00126,0.136,0.352,181.114,4
spotify:track:7JIuqL4ZqkpfGKQhYlrirs,"The Only Exception","Brand New Eyes","Paramore",2009-09-25,267653,87,false,nicmf,2025-01-10T03:04:24Z,"pop punk,emo","Fueled By Ramen",0.452,0.563,4,-6.607,1,0.0272,0.144,0,0.143,0.209,137.715,3
spotify:track:4Q4V1aMwNNpgkSaFa9AjDC,"One Life","= (Tour Edition)","Ed Sheeran",2022-05-27,231546,34,false,nicmf,2025-01-10T03:10:42Z,"o lado suave do pop","Atlantic Records UK",0.573,0.593,6,-7.225,1,0.0299,0.114,0.00000265,0.122,0.425,159.978,4
spotify:track:599hlIX8JXS7RNYvQ3EPCQ,"So Much More Than This","Just The Beginning","Grace VanderWaal",2017-11-03,173906,55,false,nicmf,2025-01-10T03:12:05Z,"","Syco Music/Columbia Records",0.742,0.522,5,-4.111,1,0.152,0.136,0,0.0422,0.751,180.039,4
spotify:track:2Y0y4yxzNmKceQ0nBK2Qwj,"27","bloom (Deluxe)","mgk",2017-05-12,298520,58,false,nicmf,2025-01-10T03:14:04Z,"","Bad Boy / Interscope",0.499,0.654,6,-6.782,1,0.11,0.0734,0.000144,0.104,0.0464,169.839,4
spotify:track:7rdP71W8x4UbJ0KAKBACbo,"Never Enough","Made In The A.M. (Deluxe Edition)","One Direction",2015-11-13,213430,63,false,nicmf,2025-01-10T03:15:38Z,"","Syco Music",0.578,0.779,4,-1.829,0,0.0513,0.0374,0,0.385,0.587,164.149,3
spotify:track:0t3ZvGKlmYmVsDzBJAXK8C,"Goodbyes (feat. Young Thug)","Hollywood's Bleeding","Post Malone;Young Thug",2019-09-06,174853,81,true,nicmf,2025-01-10T03:16:58Z,"rap,rap melódico,trap","Republic Records",0.547,0.653,5,-3.875,1,0.081,0.456,0,0.103,0.163,150.097,4
spotify:track:055TcJ0BdCrW7qE8Yq5KRM,"Bye Bye - Ao Vivo","Todos Os Cantos, Vol. 1 (Ao Vivo)","Marília Mendonça",2019-02-22,166198,68,false,nicmf,2025-01-10T03:18:03Z,"sertanejo,sertanejo universitário,arrocha,forró","Som Livre",0.738,0.798,0,-4.489,1,0.0572,0.12,0,0.92,0.439,115.916,4
spotify:track:7LpMG3AEaIJgs62HQhAa91,"i'm so tired...","~how i'm feeling~","Lauv;Troye Sivan",2020-03-06,162586,73,false,nicmf,2025-01-10T03:18:49Z,"","Lauv",0.548,0.735,11,-7.572,1,0.236,0.173,0,0.195,0.498,101.252,4
spotify:track:4CZRLZfFQrgsGp1idffY95,"Call My Dad","The Click","AJR",2017-06-30,135693,31,true,raphaelfr17,2025-01-10T03:20:21Z,"","Black Butter",0.619,0.206,2,-10.758,1,0.245,0.685,0,0.133,0.357,70.928,5
spotify:track:01Q3OyB05mLgH01fpdAMPP,"Wait","Hurry up, We're Dreaming","M83",2011-10-17,343253,76,false,nicmf,2025-01-10T03:22:28Z,"","M83 Recording Inc",0.426,0.228,2,-10.552,1,0.0322,0.198,0.13,0.0832,0.0822,147.994,4
spotify:track:1RxAzmAuN6KldKrMeVKkf2,"Pra Dizer Adeus - Ao Vivo","Acústico MTV","Titãs",1997-09-22,222426,71,false,nicmf,2025-01-10T03:24:20Z,"rock brasileiro,mpb,pop nacional","WM Brazil",0.544,0.805,7,-9.591,1,0.0334,0.0335,0,0.67,0.654,127.793,4
spotify:track:4RzFPIpnYo7vf0kQI8Gdg1,"Cedo Ou Tarde","Agora","NX Zero",2008-01-01,193466,68,false,raphaelfr17,2025-01-10T03:25:11Z,"rock brasileiro,emo,pop nacional","Universal Music Ltda.",0.594,0.924,10,-2.907,1,0.0269,0.336,0,0.277,0.416,107.258,4
spotify:track:4zguEJ2UaLe4zbEIDWqiVP,"Hammer To Fall - Remastered 2011","Greatest Hits II (2011 Remaster)","Queen",1991-10-28,218320,43,false,raphaelfr17,2025-01-10T03:26:46Z,"rock clássico,rock,glam rock","EMI",0.428,0.787,9,-4.998,1,0.0849,0.315,0.0000203,0.124,0.523,128.582,4
spotify:track:6f4TUUHjfRjYkyrM5KSoJ4,"If I Had a Hammer","Peter, Paul and Mary","Peter, Paul and Mary",1962-05-01,130626,46,false,nicmf,2025-01-10T03:27:51Z,"folk,folk rock","Warner Records",0.471,0.387,9,-9.298,1,0.0316,0.269,0,0.337,0.512,89.692,4
spotify:track:5ToS87qHMGKpWu56Fphox5,"Datemi un martello","31 Grandi Successi","Rita Pavone",2016-02-08,172013,0,false,nicmf,2025-01-10T03:28:02Z,"","MSQ",0.576,0.759,5,-10.39,0,0.0564,0.223,0.0000353,0.24,0.747,83.653,4
spotify:track:3SKH53SPQbEnZR4cJPVaz2,"Messy","Messy","Lola Young",2024-05-30,284068,83,true,nicmf,2025-01-10T03:32:09Z,"","Universal-Island Records Ltd.",0.797,0.549,9,-5.81,1,0.0373,0.105,0.00343,0.123,0.647,110.981,4
spotify:track:0daHbdrLvUmkh81rnolMcG,"Angry","Angry","The Rolling Stones",2023-09-06,226735,57,false,nicmf,2025-01-10T03:33:11Z,"rock clássico,rock","Polydor Records",0.596,0.893,4,-3.468,1,0.0822,0.000644,0.0000122,0.0326,0.695,113.065,4
spotify:track:1GcVa4jFySlun4jLSuMhiq,"Angie - Remastered 2009","Goats Head Soup (Remastered 2009)","The Rolling Stones",1973-08-31,272000,77,false,nicmf,2025-01-10T03:33:45Z,"rock clássico,rock","Polydor Records",0.429,0.554,9,-6.128,0,0.0291,0.67,0.000152,0.105,0.407,136.302,4
spotify:track:4WpmwEdc4RBos8W8icSSxW,"Moonlight Shadow","The Mike Oldfield Collection","Mike Oldfield",2009-01-01,218186,69,false,nicmf,2025-01-11T00:03:19Z,"rock progressivo,new age","UMC (Universal Music Catalogue)",0.611,0.72,4,-8.359,1,0.0259,0.291,0,0.356,0.8,128.594,4
spotify:track:3Fzlg5r1IjhLk2qRw667od,"Dancing in the Moonlight","Onka's Big Moka","Toploader",2000,232693,85,false,nicmf,2025-01-11T00:04:10Z,"","Sony Soho Square",0.632,0.856,10,-3.463,1,0.0348,0.0624,0,0.347,0.867,119.397,4
spotify:track:68UU9oaQtMDnh6PRlW842H,"I Like Him","Everything Sucks","Princess Nokia",2020-02-26,132453,60,true,nicmf,2025-01-12T05:31:59Z,"","Platoon",0.893,0.579,9,-8.995,1,0.113,0.0641,0.000121,0.215,0.611,133.018,4
spotify:track:7BKLCZ1jbUBVqRi2FVlTVw,"Closer","Closer","The Chainsmokers;Halsey",2016-07-29,244960,92,false,raphaelfr17,2025-01-14T00:40:10Z,"","Disruptor Records/Columbia",0.748,0.524,8,-5.599,1,0.0338,0.414,0,0.111,0.661,95.01,4
spotify:track:2stkLJ0JNcXkIRDNF3ld6c,"You've Got a Friend in Me","Toy Story (Original Motion Picture Soundtrack)","Randy Newman",1995-01-01,124160,80,false,nicmf,2025-01-16T03:26:33Z,"","Walt Disney Records",0.691,0.333,3,-12.135,1,0.0307,0.817,0.00000503,0.285,0.472,115.845,4
spotify:track:0pUdOFWYSL4c7bFlpV68GG,"Amigo Estou Aqui","Toy Story 4 (Trilha Sonora Original em Português)","Zé Da Viola",2019-06-21,124960,60,false,nicmf,2025-01-16T03:26:44Z,"canção de ninar","Walt Disney Records",0.748,0.304,8,-9.306,1,0.0423,0.769,0,0.279,0.62,116.016,4
spotify:track:5vjLSffimiIP26QG5WcN2K,"Hold On","Hold On","Chord Overstreet",2017-02-03,198853,82,false,nicmf,2025-01-16T03:30:03Z,"","Safehouse Records / Island Records",0.618,0.443,2,-9.681,1,0.0526,0.469,0,0.0829,0.167,119.949,4
spotify:track:1nahzW3kfMuwReTka28tH5,"Hold On","Justice","Justin Bieber",2021-03-19,170813,76,false,nicmf,2025-01-16T03:30:08Z,"","RBMG/Def Jam",0.658,0.634,1,-6.068,0,0.0431,0.0104,0,0.12,0.302,140.002,4
spotify:track:1p0rEzrK7YtdRZVtiyV7RN,"Lemonade (feat. NAV)","B4 The Storm","Internet Money;Gunna;Don Toliver;NAV",2020-08-28,195428,81,true,nicmf,2025-01-20T21:53:07Z,"rap melódico","Internet Money Records / TenThousand Projects",0.8,0.658,1,-6.142,0,0.079,0.25,0,0.111,0.462,140.042,4
spotify:track:4k9it7Buh3IXU7o3oLRjJL,"Lemonade (with Denzel Curry)","Lemonade (with Denzel Curry)","YUNGBLUD;Denzel Curry",2020-08-14,165685,49,false,nicmf,2025-01-20T21:53:21Z,"","Locomotion Recordings/Interscope Records",0.79,0.836,0,-4.071,1,0.065,0.0287,0,0.398,0.923,117.005,4
spotify:track:55GFbaI6W1laRMFdLdRw8Z,"Ainda Te Amo","LOBOS","Jão",2018-08-17,190062,55,false,nicmf,2025-01-23T15:18:14Z,"pop nacional,nova mpb,mpb","Universal Music Ltda.",0.669,0.247,11,-9.272,1,0.0686,0.851,0,0.208,0.737,143.839,4
spotify:track:4QTuyRQshEZYurtIDfE6g0,"By Your Side","Blue","Jonas Blue;RAYE",2018-11-09,201254,70,false,nicmf,2025-01-23T15:18:25Z,"tropical house","Positiva",0.695,0.743,6,-3.85,1,0.0329,0.0786,0,0.0587,0.634,123.007,4
spotify:track:4OmFmE0fzcMG6g0Y8p4eSD,"Better Man (Taylor's Version) (From The Vault)","Red (Taylor's Version)","Taylor Swift",2021-11-12,297013,74,false,nicmf,2025-01-23T18:10:32Z,"","Taylor Swift",0.473,0.579,4,-5.824,1,0.0384,0.214,0,0.0877,0.255,73.942,4
spotify:track:5HCXMBxZIVaVLXpyoqPM3g,"Leave the City","Trench","Twenty One Pilots",2018-10-05,280493,62,false,nicmf,2025-01-23T20:55:17Z,"","Fueled By Ramen",0.506,0.379,4,-11.64,0,0.0334,0.726,0.00458,0.0956,0.299,134.985,4
spotify:track:75ELnvpSiymLZVmYvqyvZJ,"strawberry lipstick","weird!","YUNGBLUD",2020-12-04,163861,55,true,nicmf,2025-02-09T15:39:21Z,"","Locomotion Recordings/Interscope Records",0.408,0.92,10,-3.729,1,0.133,0.00000956,0,0.426,0.181,126.947,4
spotify:track:5HvDKyJlHWg42BdsE4ycSm,"Paladin Strait","Clancy","Twenty One Pilots",2024-05-24,388586,67,false,nicmf,2025-02-22T13:42:11Z,"","Fueled By Ramen",0.33,0.491,5,-9.458,1,0.0628,0.0121,0.00000111,0.0892,0.169,119.023,4
spotify:track:57wrj5gmY8aZA4YBmqfitc,"Teto de Vidro","Admirável Chip Novo","Pitty",2003-04-16,212720,66,false,raphaelfr17,2025-02-22T14:16:57Z,"rock brasileiro,mpb,pop nacional","Deckdisc",0.635,0.926,1,-2.687,0,0.03,0.0161,0,0.0999,0.336,95.97,4
spotify:track:3Fb4cttE912XgIeD25rXRn,"Sober","Revival (Deluxe)","Selena Gomez",2015-10-09,194826,54,false,nicmf,2025-03-07T21:15:22Z,"","Selena Gomez PS",0.575,0.741,9,-3.219,1,0.0785,0.17,0,0.104,0.537,92.021,4
spotify:track:3jJ5NJ3aNWvV70Rd7hgZIH,"Gotta Be You","Up All Night","One Direction",2012-05-25,244506,67,false,nicmf,2025-03-07T21:16:13Z,"","Syco Music UK",0.495,0.583,8,-4.531,1,0.0249,0.374,0,0.0781,0.603,84.969,4
spotify:track:5yFI0Vs3x4EbeIDerT0ck1,"Codinome Beija-Flor","Exagerado","Cazuza",1985,150752,68,false,raphaelfr17,2025-03-08T13:18:24Z,"mpb,rock brasileiro,pop nacional","Som Livre",0.482,0.255,11,-9.793,0,0.031,0.946,0.0000967,0.107,0.301,95.205,3
spotify:track:4XrAf0Z1J2NunZXl4BMjlA,"A Rosa E O Beija-Flor - Na Praia / Ao Vivo","Na Praia (Ao Vivo)","Matheus & Kauan",2016-02-26,170853,74,false,nicmf,2025-03-08T13:18:54Z,"sertanejo,sertanejo universitário,arrocha,agronejo","Universal Music Ltda.",0.484,0.928,8,-3,1,0.223,0.0784,0,0.856,0.579,165.962,4
spotify:track:6Qs4SXO9dwPj5GKvVOv8Ki,"Dancing With A Stranger (with Normani)","Dancing With A Stranger (with Normani)","Sam Smith;Normani",2019-01-11,171029,77,false,raphaelfr17,2025-03-08T13:38:35Z,"o lado suave do pop","PLG - Capitol",0.741,0.52,8,-7.513,1,0.0656,0.447,0.00000197,0.222,0.347,102.998,4
spotify:track:6rmXhRIemCTPyMYZRDN7Qg,"Black Magic","Get Weird (Expanded Edition)","Little Mix",2015-11-06,211786,81,false,nicmf,2025-03-08T13:41:12Z,"","Syco Music",0.776,0.875,4,-5.535,1,0.0575,0.0343,0,0.314,0.849,111.988,4
spotify:track:52xJxFP6TqMuO4Yt0eOkMz,"We Don't Talk About Bruno","Encanto (Original Motion Picture Soundtrack)","Carolina Gaitán - La Gaita;Mauro Castillo;Adassa;Rhenzy Feliz;Diane Guerrero;Stephanie Beatriz;Encanto - Cast",2021-11-19,216120,77,false,nicmf,2025-03-08T13:42:07Z,"","Walt Disney Records",0.577,0.45,0,-8.516,0,0.0834,0.357,0,0.111,0.83,205.863,4
spotify:track:4zUUkbANxHqIGNAtaQf0Qg,"Não Falamos do Bruno","Encanto (Trilha Sonora Original em Português)","Veridiana Benassi;Claudio Galvan;Jeniffer Nascimento;Filipe Bragança;Larissa Cardoso;Mari Evangelista;Encanto - Elenco",2021-11-19,216120,56,false,nicmf,2025-03-08T13:42:17Z,"","Walt Disney Records",0.617,0.467,0,-8.149,0,0.0654,0.431,0,0.107,0.799,205.874,4
spotify:track:5QKk5N5xJQGsWMhPM80Kfv,"No se habla de Bruno","Encanto (Banda Sonora Original en Español)","Carolina Gaitán - La Gaita;Mauro Castillo;Daniela Sierra;Juanse Diez;Isabel Garcés;Olga Lucía Vives;Encanto - Elenco",2021-11-19,216120,64,false,nicmf,2025-03-08T13:42:22Z,"","Walt Disney Records",0.812,0.471,0,-8.314,0,0.0404,0.303,0,0.104,0.756,102.964,4
spotify:track:3hWLK4ew0rGtaFdjwcq1u4,"180","180","Alok;Mc Davi;MC Marks;MC Dricka;MC Hariel;MC Leozinho ZS;Dj Victor",2021-08-26,358950,46,false,nicmf,2025-03-08T16:41:49Z,"brazilian bass,eletronic,slap house,eletrohouse,funk,funk consciente,trap funk,brega funk,funk de bh","GR6 Music",0.469,0.568,0,-8.272,1,0.0626,0.0972,0,0.199,0.242,99.919,4
spotify:track:05rJdH2MRLJ3sQoEUO78qs,"Paradinha","Paradinha","Anitta",2017-05-31,141316,60,false,nicmf,2025-03-08T21:07:44Z,"pop nacional,funk pop,funk,funk carioca","WM Brazil",0.695,0.775,11,-5.041,0,0.0887,0.0117,0.191,0.0702,0.869,180.054,4
spotify:track:0XkZmBCCcdMY0EPY8ij6Gb,"Slim Pickins","Short n' Sweet","Sabrina Carpenter",2024-08-23,152195,73,false,nicmf,2025-03-16T01:27:41Z,"pop","Island Records",0.619,0.542,2,-8.681,1,0.0529,0.288,0,0.151,0.308,99.824,4
spotify:track:0qxLQ6opocOGyFnlXqJ53x,"Bipolar","Bipolar","Mc Davi;Mc Pedrinho;Mc Don Juan;DJ 900",2021-04-09,276480,61,true,nicmf,2025-03-20T00:51:58Z,"funk,funk consciente,trap funk","GR6 Music",0.601,0.36,9,-7.791,0,0.0877,0.586,0,0.0882,0.335,124.993,4
spotify:track:2wu3qpX3z6GfVmeeNF2GO2,"Volcano","Songs Of Innocence","U2",2014-01-01,194116,43,false,raphaelfr17,2025-03-20T01:06:32Z,"rock","Universal-Island Records Ltd.",0.611,0.753,0,-6.558,1,0.0335,0.00603,0.000264,0.124,0.601,134.86,4
spotify:track:275a9yzwGB6ncAW4SxY7q3,"Panda","Panda","Desiigner",2016-02-26,247866,70,true,nicmf,2025-03-20T01:15:40Z,"","Getting Out Our Dreams Inc. (G.O.O.D.) Music / IDJ",0.686,0.73,10,-5.504,0,0.412,0.0287,0,0.369,0.271,145.251,4
spotify:track:7K8QsHbmUpSX37oOCL4e2g,"Kung Fu Fighting","Kung Fu Fighter","Carl Douglas",1974-01-01,197935,76,false,raphaelfr17,2025-03-20T01:20:29Z,"","Sanctuary Records",0.621,0.764,2,-8.702,1,0.0578,0.146,0.0000497,0.161,0.745,102.288,4
spotify:track:70mHIUa4beJjFpBNyHYwT2,"Taste The Feeling (Avicii Vs. Conrad Sewell)","Taste The Feeling (Avicii Vs. Conrad Sewell)","Avicii;Conrad Sewell",2016-03-11,191065,59,false,nicmf,2025-03-20T20:06:16Z,"edm","Pophouse Entertainment Group",0.633,0.79,6,-4.529,1,0.0539,0.0335,0,0.0626,0.558,89.933,4
spotify:track:7G2XZhDNHo7SSDWSVxC0UT,"Terremoto","Terremoto","Anitta;MC Kevinho",2019-02-01,146276,65,false,nicmf,2025-03-20T22:53:17Z,"pop nacional,funk pop,funk,funk carioca","WM Brazil",0.891,0.805,8,-5.836,0,0.0898,0.329,0,0.277,0.967,95.045,4
spotify:track:0TDLuuLlV54CkRRUOahJb4,"Titanium (feat. Sia)","Nothing but the Beat (Ultimate Edition)","David Guetta;Sia",2012-12-07,245040,89,false,nicmf,2025-03-20T22:58:19Z,"edm","Parlophone (France)",0.604,0.787,0,-3.674,0,0.103,0.0679,0.15,0.127,0.301,126.062,4
spotify:track:6RzcNTnS02dnqoQMdTkQwi,"Descer Pra BC","Descer Pra BC","Brenno & Matheus;DJ Ari SL",2024-11-15,166451,70,false,nicmf,2025-03-20T23:01:01Z,"agronejo,sertanejo,sertanejo universitário,piseiro","New Music",0.913,0.802,0,-5.758,1,0.0456,0.34,0,0.0645,0.762,124.014,4
spotify:track:35ay7VDBY355v1ElCVsbIz,"Stonehenge","Stonehenge","Ylvis",2011-10-31,233560,41,true,nicmf,2025-03-23T01:10:36Z,"","Urheim Records",0.503,0.618,7,-6.06,0,0.0299,0.379,0,0.114,0.232,81.907,4
spotify:track:7MN8RYSofZsFROBlEOAzXq,"Past Life (with Selena Gomez)","Past Life (with Selena Gomez)","Trevor Daniel;Selena Gomez",2020-06-26,186480,59,false,nicmf,2025-03-27T00:42:57Z,"","Alamo",0.575,0.543,3,-5.062,1,0.0529,0.102,0,0.176,0.283,159.905,4
spotify:track:1Dr5JexwA15wmKe7Y7maA9,"Past Lives","Dopamine","BØRNS",2015-10-16,274320,74,false,raphaelfr17,2025-03-27T00:44:11Z,"","UMGRI Interscope",0.743,0.685,4,-6.863,1,0.0975,0.0664,0.0000675,0.0884,0.443,109.988,4
spotify:track:4LimlSNYAlc5TMCi32Yuy8,"AfterHours","I'm Ready - EP","AJR",2014-03-25,204517,0,false,raphaelfr17,2025-03-27T00:46:59Z,"","AJR Productions/Warner Records",0.505,0.917,3,-4.435,1,0.164,0.00293,0.00396,0.204,0.39,124.953,4
spotify:track:478MR37OX1FZV8ngGCqemn,"TOMORROW","SOL","Machico",2017-05-24,277480,54,false,raphaelfr17,2025-03-27T01:27:48Z,"anime","Nippon Columbia Co., Ltd. / NIPPONOPHONE",0.622,0.984,5,-1.561,1,0.183,0.0654,0.00000304,0.199,0.478,134.067,4
spotify:track:6BL4PpswVjH9BAajbIbpmZ,"Tomorrow Comes Today","Gorillaz","Gorillaz",2001-03-26,193600,66,false,raphaelfr17,2025-03-27T01:27:53Z,"","Parlophone UK",0.751,0.596,6,-4.594,1,0.0301,0.0071,0.589,0.103,0.57,93.213,4
spotify:track:1T0Dv84b0Za7FoLcoeajgh,"Tomorrow","Let Go","Avril Lavigne",2002-06-04,228840,59,false,nicmf,2025-03-27T01:46:03Z,"","Arista",0.632,0.793,6,-7.184,0,0.0274,0.00853,0.00089,0.157,0.609,136.012,4
spotify:track:5TvE3pk05pyFIGdSY9j4DJ,"Say Something","Is There Anybody Out There? - Track by Track Commentary","A Great Big World;Christina Aguilera",2014-01-16,229400,70,false,nicmf,2025-03-27T01:48:52Z,"","Epic",0.407,0.147,2,-8.822,1,0.0355,0.857,0.00000289,0.0913,0.0765,141.284,3
spotify:track:1LhMopPAallLeaeNutqbgS,"Say Something (feat. Chris Stapleton)","Man of the Woods","Justin Timberlake;Chris Stapleton",2018-02-02,278895,72,false,nicmf,2025-03-27T01:48:59Z,"country,outlaw country","RCA Records Label",0.707,0.632,10,-7.031,1,0.0789,0.103,0.0000109,0.0841,0.372,97.04,4
spotify:track:1ixbwbeBi5ufN4noUKmW5a,"Paper Planes","Kala","M.I.A.",2007-08-20,205200,84,false,nicmf,2025-03-27T19:01:02Z,"","XL Recordings",0.447,0.848,2,-6.175,1,0.222,0.033,0.0000746,0.65,0.485,172.253,4
spotify:track:4Y7FCCc3LvDxfzLjXJgi0v,"Seen It All","Jake Bugg","Jake Bugg",2012-01-01,171213,59,false,nicmf,2025-03-27T20:07:45Z,"","EMI",0.38,0.844,2,-5.859,1,0.0636,0.00226,0,0.0729,0.442,166.789,4
spotify:track:6wUp7y502iyWLuLuurlOyw,"A Banda","Chico Buarque de Hollanda","Chico Buarque",1966-01-01,131000,62,false,nicmf,2025-03-28T01:06:12Z,"mpb,bossa nova,samba","Som Livre",0.67,0.669,2,-7.081,1,0.0476,0.831,0.0000689,0.101,0.927,118.968,4
spotify:track:7i9763l5SSfOnqZ35VOcfy,"Heavydirtysoul","Blurryface","Twenty One Pilots",2015-05-15,234813,78,false,nicmf,2025-03-29T01:01:53Z,"","Fueled By Ramen",0.613,0.873,7,-6.376,0,0.0449,0.00397,0.00111,0.367,0.392,129.989,4
spotify:track:7mDTvYD2ieE4Q28XFziMfJ,"Cry","Cry","Cigarettes After Sex",2019-10-25,256799,89,false,nicmf,2025-03-29T01:02:18Z,"dream pop","Partisan Records",0.408,0.397,7,-10.448,1,0.0274,0.755,0.67,0.112,0.163,142.803,4
spotify:track:3AWDeHLc88XogCaCnZQLVI,"Cry For Me","Hurry Up Tomorrow","The Weeknd",2025-01-31,224136,85,true,nicmf,2025-03-29T01:02:25Z,"","XO / Republic Records",0.647,0.645,7,-6.425,0,0.0303,0.0871,0,0.671,0.422,120.098,4
spotify:track:16sbugRbf9xEKlekuQ7Whm,"Imma Be","THE E.N.D. (THE ENERGY NEVER DIES) [Deluxe Version]","Black Eyed Peas",2009-01-01,257560,64,true,raphaelfr17,2025-03-29T12:19:17Z,"","Interscope",0.597,0.517,0,-6.963,1,0.366,0.179,0,0.307,0.413,92.035,4
spotify:track:6dGnYIeXmHdcikdzNNDMm2,"Here Comes The Sun - Remastered 2009","Abbey Road (Remastered)","The Beatles",1969-09-26,185733,88,false,nicmf,2025-03-29T12:19:31Z,"rock clássico,rock psicodélico","EMI Catalogue",0.557,0.54,9,-10.484,1,0.0347,0.0339,0.00248,0.179,0.394,129.177,4
spotify:track:6Gt2XKuKdwnMZmmXOXAUGo,"Here Comes The Sun","4 ALL AGES: Summer Fun Music","Sheryl Crow",2020-04-24,181106,39,false,nicmf,2025-03-29T12:19:51Z,"","UME - Global Clearing House",0.448,0.828,11,-6.186,1,0.0272,0.0417,0.000196,0.11,0.581,135.408,4
spotify:track:26lpBVeky6Jtm7HIK9w8GR,"Buck Bumble Main Theme","Buck Bumble (Original Soundtrack)","Justin Scharvona",2024-03-15,146865,57,false,raphaelfr17,2025-03-29T12:21:12Z,"garage reino unido","Justin Scharvona",0.84,0.81,9,-9.874,0,0.0735,0.00371,0.573,0.152,0.756,134.034,4
spotify:track:2cYqizR4lgvp4Qu6IQ3qGN,"BUTTERFLY EFFECT","ASTROWORLD","Travis Scott",2018-08-03,190557,84,false,nicmf,2025-03-29T12:21:20Z,"rap","Cactus Jack / Epic",0.763,0.628,11,-5.85,1,0.05,0.0531,0,0.114,0.193,140.958,4
spotify:track:1yjY7rpaAQvKwpdUliHx0d,"Still into You","Paramore","Paramore",2013-04-05,216013,88,false,raphaelfr17,2025-03-29T12:21:20Z,"pop punk,emo","Fueled By Ramen",0.602,0.923,5,-3.763,1,0.044,0.0098,0,0.0561,0.765,136.01,4
spotify:track:70CVvLgtiLQTW7kNk7kea2,"Bicharia","Os Saltimbancos","Os Saltimbancos",1977-01-01,94400,35,false,nicmf,2025-03-29T16:13:50Z,"canção de ninar,música infantil","Universal Music Ltda.",0.658,0.242,2,-9.72,1,0.797,0.425,0,0.0944,0.405,90.119,3
spotify:track:4n7GVLsN4FBLyKhi0BySUq,"to bem","Ontem Eu Tinha Certeza (Hoje Eu Tenho Mais)","Jovem Dionisio",2024-05-10,155805,52,false,nicmf,2025-03-31T00:08:42Z,"nova mpb,mpb","JD PRODUÇÕES",0.976,0.398,1,-10.79,1,0.0659,0.107,0.0311,0.113,0.678,112.019,4
spotify:track:1LomCMl5wD3MPVlC6smUHe,"Don’t Delete The Kisses","Visions Of A Life","Wolf Alice",2017-09-29,275226,73,false,nicmf,2025-03-31T00:09:24Z,"indie","Dirty Hit",0.604,0.789,5,-6.259,1,0.0273,0.0011,0.828,0.368,0.348,122.032,4
spotify:track:03y6MsaseYEO7DfwqsgcAI,"Delete Ya","Delete Ya","Djo",2025-02-27,203349,62,false,nicmf,2025-03-31T00:09:54Z,"","Djo",0.832,0.674,8,-6.381,1,0.0419,0.25,0.0627,0.481,0.841,118.029,4
spotify:track:23T0OX7QOiIUFShSzbJ5Uo,"I Hope","Goldmine","Gabby Barrett",2020-06-19,210772,76,false,nicmf,2025-03-31T01:44:13Z,"country","Warner Records Nashville",0.466,0.536,6,-6.227,1,0.0429,0.0951,0,0.114,0.377,75.998,4
spotify:track:3Tsh9pjiJ5cvmuiZALdgVz,"What Do You Want from Me","The Division Bell","Pink Floyd",1994,261480,65,false,nicmf,2025-03-31T01:56:46Z,"rock progressivo,rock psicodélico,rock clássico,art rock,rock","Pink Floyd Records",0.515,0.565,4,-9.547,1,0.0304,0.113,0.0000135,0.122,0.374,104.372,4
spotify:track:2rDwdvBma1O1eLzo29p2cr,"Whataya Want from Me","For Your Entertainment","Adam Lambert",2009-11-23,227320,67,false,nicmf,2025-03-31T01:56:51Z,"","RCA Records Label",0.44,0.683,11,-4.732,0,0.0489,0.00706,0,0.0593,0.445,185.948,4
spotify:track:5OpXp5NZvzcIrVuUaFlUHE,"I Should Be Home","I Should Be Home","Balu Brigada",2022-09-23,180495,60,false,nicmf,2025-03-31T02:19:47Z,"","Atlantic Records",0.739,0.642,11,-6.043,0,0.0322,0.0359,0.000124,0.248,0.886,128.011,4
spotify:track:2Morv8EWzWFsfbqG8vdUfy,"Fire in These Hills","LOOM","Imagine Dragons",2024-06-28,219280,64,false,raphaelfr17,2025-03-31T02:20:06Z,"","KIDinaKORNER/Interscope Records",0.659,0.523,1,-7.585,1,0.0368,0.154,0,0.117,0.274,125.013,4
spotify:track:39shmbIHICJ2Wxnk1fPSdz,"Should I Stay or Should I Go - Remastered","Combat Rock (Remastered)","The Clash",1982,188987,86,false,nicmf,2025-03-31T02:20:10Z,"punk","Sony Music UK",0.743,0.836,2,-6.465,1,0.116,0.0804,0,0.384,0.82,113.375,4
spotify:track:1TEDAg7S7iClCBtpvaQQGA,"Only the Strong Survive","Only The Strong Survive","Billy Paul",1977-01-01,335613,48,false,nicmf,2025-03-31T02:22:24Z,"philly soul,soul clássico,soul,motown","Legacy Recordings",0.741,0.701,5,-7.74,1,0.0309,0.161,0.000679,0.0524,0.845,130.173,4
spotify:track:3dnP0JxCgygwQH9Gm7q7nb,"Ella Baila Sola","Ella Baila Sola","Eslabon Armado;Peso Pluma",2023-03-16,165671,80,false,nicmf,2025-03-31T02:28:29Z,"corridos tumbados,sierreño triste,corrido,sierreño,música mexicana,corridos bélicos,banda music","DEL Records",0.668,0.758,5,-5.176,0,0.0332,0.483,0.0000189,0.0837,0.834,147.989,3
spotify:track:2QSKqb1s96PggfK0hv0W8u,"The Legend Of Zelda - Main Theme","The Legend Of Zelda - Main Theme","Geek Music",2018-04-23,169761,42,false,raphaelfr17,2025-04-02T01:29:24Z,"anime","Geek Music",0.519,0.362,6,-14.709,1,0.0355,0.72,0.727,0.178,0.572,121.691,4
spotify:track:4jVu0QPK9BVeNgAmfvkocn,"For Whom The Bell Tolls","Size Isn't Everything","Bee Gees",1993-01-01,306533,64,false,nicmf,2025-04-02T01:59:10Z,"disco","Bee Gees Catalog",0.537,0.695,4,-6.886,1,0.0365,0.0535,0,0.0691,0.338,82.055,4
spotify:track:49oxuPnuWOL793zpF6zgLQ,"Lavish","Clancy","Twenty One Pilots",2024-05-24,158866,65,false,raphaelfr17,2025-04-02T02:17:54Z,"","Fueled By Ramen",0.702,0.783,4,-4.988,1,0.0434,0.129,0,0.35,0.664,99.964,4
spotify:track:0PQ8MsAxETdEW3LigpDujI,"Cruella De Vil - Original Version","Disneymania 6","Selena Gomez",2008-01-01,201733,40,false,nicmf,2025-04-02T02:50:39Z,"","Walt Disney Records",0.625,0.735,1,-4.901,1,0.0261,0.000969,0,0.161,0.305,108.988,4
spotify:track:0lwyzp7GppQxv0Eu6wRkUo,"Satisfaction","Satisfaction","David Guetta;Benny Benassi",2022-08-12,155676,75,false,raphaelfr17,2025-04-02T03:17:36Z,"edm,eletrohouse","Spinnin' Records",0.752,0.935,11,-6.263,1,0.203,0.0742,0.0352,0.081,0.31,126.022,4
spotify:track:2PzU4IB8Dr6mxV3lHuaG34,"(I Can't Get No) Satisfaction - Mono","Out Of Our Heads","The Rolling Stones",1965-07-30,222813,77,false,nicmf,2025-04-02T03:17:48Z,"rock clássico,rock","ABKCO Music and Records, Inc.",0.723,0.863,2,-7.89,1,0.0338,0.0383,0.0317,0.128,0.931,136.302,4
spotify:track:7BpYWzZwrsljT1eIjb0TqR,"Told You So","After Laughter","Paramore",2017-05-12,188946,63,false,raphaelfr17,2025-04-02T03:20:31Z,"pop punk,emo","Fueled By Ramen",0.639,0.814,2,-5.632,0,0.0385,0.0029,0.0000298,0.0529,0.904,123.922,4
spotify:track:52dEZA0A4siRTuA4e8w3ll,"Told You So","Told You So","Martin Garrix;Jex",2024-11-22,187031,70,false,raphaelfr17,2025-04-02T03:25:02Z,"edm,house progressivo,eletrônica","Intercord",0.645,0.731,6,-6.521,0,0.0512,0.192,0.00000428,0.271,0.672,127.929,4
spotify:track:4isCUHcZJs0o8niODly6qc,"Room for 2","Dua Lipa (Deluxe)","Dua Lipa",2017-06-02,208689,44,false,nicmf,2025-04-02T03:47:17Z,"pop","Warner Records",0.536,0.488,9,-5.752,1,0.0354,0.396,0.0000144,0.133,0.382,75.761,4
spotify:track:3wfsYdyzcQErCGQ9kGMglS,"You Don't Do It For Me Anymore","Tell Me You Love Me","Demi Lovato",2017-09-29,197720,52,false,nicmf,2025-04-03T02:29:04Z,"","Island Records",0.565,0.44,5,-6.359,0,0.0466,0.0977,0,0.0783,0.12,127.868,3
spotify:track:4CGGIk81BvfCZiscwFP6t0,"Sex","Sex","Cheat Codes;Kris Kross Amsterdam",2016-05-27,228361,61,true,nicmf,2025-04-03T02:42:16Z,"música holandesa","Casablanca new/Republic Records",0.51,0.692,0,-5.825,1,0.171,0.00451,0,0.138,0.209,102.42,4
spotify:track:10nyNJ6zNy2YVYLrcwLccB,"No Surprises","OK Computer","Radiohead",1997-05-28,229120,89,false,raphaelfr17,2025-04-03T02:45:38Z,"art rock,rock alternativo","XL Recordings",0.255,0.393,5,-10.654,1,0.0278,0.0577,0.00361,0.113,0.118,76.426,4
spotify:track:611nlMA40SKg9gQ4pTVXT3,"Discord","Discord","The Living Tombstone;Eurobeat Brony",2012-01-21,193776,68,false,raphaelfr17,2025-04-03T02:47:00Z,"","628798 Records DK2",0.676,0.835,8,-4.382,0,0.044,0.00682,0.0000304,0.081,0.8,104.987,4
spotify:track:2Znta32gZvOyF5cQn4seTU,"Le Freak","The Studio Album Collection 1977-1992","CHIC",2013-11-09,327573,36,false,nicmf,2025-04-03T02:47:20Z,"disco,funk americano","Rhino Atlantic",0.867,0.746,7,-7.445,1,0.0475,0.0458,0,0.124,0.933,118.626,4
spotify:track:1KEdF3FNF9bKRCxN3KUMbx,"Friday","Friday","Rebecca Black",2011-03-14,210025,56,false,nicmf,2025-04-03T02:54:21Z,"hyperpop","Rebecca Black",0.684,0.889,8,-4.555,0,0.102,0.0307,0.00000257,0.775,0.582,112.005,4
spotify:track:3E7ZwUMJFqpsDOJzEkBrQ7,"Can't Get You out of My Head","Fever","Kylie Minogue",2002-11-19,230640,89,false,nicmf,2025-04-03T03:01:55Z,"dance pop","Parlophone UK",0.766,0.563,9,-7.516,0,0.0339,0.0263,0.683,0.115,0.964,126.007,4
spotify:track:0C4ejWmOTMv8vuYj85mf8m,"S&M","Loud","Rihanna",2010-11-16,243533,78,true,nicmf,2025-04-03T03:07:32Z,"","Def Jam Recordings",0.767,0.682,1,-5.02,1,0.042,0.0113,0.00016,0.104,0.833,127.975,4
spotify:track:0MaUkkAY8As9h2yHHrXmSu,"Misunderstood","Bounce","Bon Jovi",2002-01-01,210080,69,false,nicmf,2025-04-03T03:27:08Z,"glam metal","Island Records",0.486,0.883,7,-4.201,1,0.055,0.0133,0.00000881,0.0924,0.439,111.046,4
spotify:track:2fTsFCKRFQ5M0igJgabnLA,"Price Tag","Who You Are (Platinum Edition)","Jessie J;B.o.B",2011-01-01,223053,82,false,raphaelfr17,2025-04-03T03:32:10Z,"","Lava Music/Republic Records",0.636,0.831,5,-3.945,1,0.182,0.0294,0.00000385,0.272,0.668,175.015,4
spotify:track:3A6nR4GSolo160nu7xtDk7,"All My Favorite Songs (feat. AJR)","All My Favorite Songs (feat. AJR)","Weezer;AJR",2021-05-12,170720,59,false,raphaelfr17,2025-04-03T19:55:48Z,"rock alternativo","Crush Music/Atlantic",0.605,0.7,4,-6.47,1,0.0277,0.00998,0,0.116,0.588,84.962,4
spotify:track:2NniAhAtkRACaMeYt48xlD,"50 Ways to Say Goodbye","California 37","Train",2012-04-17,247946,75,false,nicmf,2025-04-03T23:02:05Z,"o lado suave do pop","Columbia",0.591,0.935,6,-2.664,1,0.0478,0.000284,0.000278,0.142,0.736,140.043,4
spotify:track:5GbVzc6Ex5LYlLJqzRQhuy,"Mystery of Love","Mystery of Love","Sufjan Stevens",2017-12-01,248960,86,false,nicmf,2025-04-04T02:07:28Z,"pop barroco","Masterworks",0.365,0.273,4,-16.526,0,0.038,0.94,0.431,0.109,0.238,132.285,5
spotify:track:2ykUHVogYjpPElqwwD1xnZ,"O Cravo Brigou Com a Rosa","Estrelinhas","Raquel Durães",1998-02-06,74600,17,false,nicmf,2025-04-04T02:08:56Z,"canção de ninar","Savalla Records",0.461,0.392,2,-9.314,1,0.0379,0.787,0,0.134,0.902,200.115,3
spotify:track:006wUABTBP0B0QWDapfZBT,"Quer um Beijo Meu?","29","Ivo Mozart",2015-10-09,151576,45,false,nicmf,2025-04-04T02:29:34Z,"mpb","Deckdisc",0.864,0.467,3,-6.885,0,0.0407,0.368,0.000314,0.126,0.909,91.957,4
spotify:track:6DDEfqOoLlasIbPdzboOu4,"Signs","So Close To What","Tate McRae",2025-02-21,173765,66,true,nicmf,2025-04-04T02:45:52Z,"","RCA Records Label",0.665,0.579,6,-5.2,0,0.0426,0.386,0,0.0854,0.664,112.067,4
spotify:track:1zhvxTuSha22nsUT5Nw8gE,"15 Minutes","Short n' Sweet (Deluxe)","Sabrina Carpenter",2025-02-14,191519,76,true,nicmf,2025-04-06T00:55:43Z,"pop","Island Records",0.581,0.888,7,-3.795,1,0.0714,0.00946,0,0.308,0.731,132.002,4
spotify:track:3cfOd4CMv2snFaKAnMdnvK,"All Star","Astro Lounge","Smash Mouth",1999-06-08,200373,85,false,nicmf,2025-04-06T01:12:26Z,"","Interscope",0.731,0.867,11,-5.881,1,0.032,0.0394,0,0.0861,0.776,104.02,4
spotify:track:7zLGHdfJ3JRPxvc96mEPEi,"Out of Touch","The Very Best of Daryl Hall / John Oates","Daryl Hall & John Oates",2009-02-20,249573,73,false,nicmf,2025-04-06T01:20:32Z,"yacht rock,soft rock","RCA Records Label",0.806,0.649,9,-9.004,0,0.0347,0.0391,0.0000555,0.0557,0.897,114.834,4
spotify:track:1RouRzlg8OKFeqc6LvdxmB,"Felices los 4","F.A.M.E.","Maluma",2018-05-18,229848,84,false,raphaelfr17,2025-04-06T02:42:39Z,"reggaeton,latino,urbano latino","Sony Music Latin",0.766,0.756,5,-5.861,1,0.132,0.213,0,0.349,0.716,94.027,4
spotify:track:4od95JLsipc4EsSlv8RvqS,"Busy - (For Me) (Bonus Track)","Aurea","Aurea",2010-11-22,237240,35,false,nicmf,2025-04-06T02:54:15Z,"","Áurea",0.367,0.425,9,-4.961,1,0.0298,0.448,0,0.319,0.341,179.71,3
spotify:track:0y3fi7fknIXOxnkbUgzT3n,"HandClap","HandClap","Fitz and The Tantrums",2016-03-25,193173,51,false,nicmf,2025-04-06T03:08:32Z,"","Elektra (NEK)",0.633,0.833,8,-3.001,1,0.043,0.00615,0.000148,0.0827,0.693,139.963,4
spotify:track:57rAvblBMBmdPBugRF1T77,"The Skin of My Yellow Country Teeth","Clap Your Hands Say Yeah","Clap Your Hands Say Yeah",2005-09-13,343773,56,false,nicmf,2025-04-06T03:09:22Z,"","Clap Your Hands Say Yeah",0.456,0.971,0,-5.159,1,0.0678,0.00743,0.000205,0.128,0.397,141.567,4
spotify:track:2zFdsAIk9r2Mi7Lmm1w3sM,"That's All - 2007 Remaster","Genesis (2007 Remaster)","Genesis",1983-10-03,264573,80,false,raphaelfr17,2025-04-06T03:10:43Z,"rock progressivo,art rock","Rhino Atlantic",0.596,0.657,4,-8.784,0,0.0345,0.235,0.0139,0.102,0.774,175.263,4
spotify:track:0afhq8XCExXpqazXczTSve,"Galway Girl","÷ (Deluxe)","Ed Sheeran",2017-03-03,170826,83,false,nicmf,2025-04-06T20:48:52Z,"o lado suave do pop","Atlantic Records UK",0.624,0.876,9,-3.374,1,0.1,0.0735,0,0.327,0.781,99.943,4
spotify:track:2TF4UtYreqNbQ6Z9AccldU,"Teardrops On My Guitar - Radio Single Remix","Taylor Swift (Deluxe Edition)","Taylor Swift",2006-10-24,203040,62,false,nicmf,2025-04-06T20:49:17Z,"","Taylor Swift",0.621,0.417,10,-6.941,1,0.0231,0.288,0,0.119,0.289,99.953,4
spotify:track:0Lmbke3KNVFXtoH2mMSHCw,"the boy is mine","eternal sunshine","Ariana Grande",2024-03-08,173639,83,true,nicmf,2025-04-06T21:28:52Z,"pop","Republic Records",0.795,0.63,7,-5.854,0,0.0434,0.157,0,0.0732,0.447,97.998,4
spotify:track:0Vl9aGb0dmeiCQ2ATgNK2B,"Mas Que Nada","Mas Que Nada","Sergio Mendes & Brasil '66",2006-01-01,159333,64,false,nicmf,2025-04-06T21:29:29Z,"bossa nova,jazz brasileiro,jazz latino","Universal Music Group International",0.592,0.761,5,-6.432,0,0.0514,0.614,0.0000358,0.301,0.843,88.47,4
spotify:track:2CS4Ukg7da5hSGmLBdzhK9,"Drawing Board","Wanted on Voyage (Expanded Edition)","George Ezra",2014-06-30,226054,42,false,raphaelfr17,2025-04-06T21:30:23Z,"","Columbia",0.608,0.725,5,-6.347,1,0.0397,0.0458,0,0.373,0.662,99.844,4
spotify:track:7Cm5N53OPd5szi1KsD4a1d,"Vitória","Vitória","Marcelo Falcão",2023-09-29,209719,46,false,nicmf,2025-04-06T22:10:53Z,"pop nacional,rock brasileiro","Virgin Music Label And Artist Services (S&D)",0.552,0.849,8,-5.299,0,0.0352,0.0529,0.00252,0.0574,0.766,140.026,4
spotify:track:6TFGNgCyhgHKNn046iG6fa,"Victorious","Victorious","Wolfmother",2016-02-19,264986,51,false,raphaelfr17,2025-04-06T22:11:27Z,"stoner rock","UMe Direct 2",0.396,0.933,9,-3.757,1,0.0669,0.0000803,0.00000317,0.177,0.329,160.061,4
spotify:track:2SHnUyZq0zwmvRIl4WY77G,"Alive","Play Hard EP","Krewella",2012-06-18,290760,60,false,nicmf,2025-04-06T22:17:22Z,"edm,dubstep","Krewella Music LLC",0.663,0.822,9,-2.909,1,0.0557,0.00413,0.00318,0.234,0.567,128.002,4
spotify:track:0EhpEsp4L0oRGM0vmeaN5e,"UN DIA (ONE DAY) (Feat. Tainy)","UN DIA (ONE DAY) (Feat. Tainy)","J Balvin;Dua Lipa;Bad Bunny;Tainy",2020-07-24,232253,75,false,nicmf,2025-04-06T22:27:47Z,"reggaeton,latino,pop,trap latino,urbano latino","Universal Music Latino/ NEON16",0.571,0.693,6,-8.234,0,0.0545,0.00536,0,0.173,0.393,168.169,4
spotify:track:5GbHZKTVm6rcBiQF31JG2l,"Weave Me the Sunshine","The Solo Recordings (1971-1972)","Peter Yarrow",2008-11-18,267600,37,false,nicmf,2025-04-07T00:46:40Z,"folk","Rhino",0.522,0.672,7,-8.082,1,0.0337,0.649,0,0.104,0.655,138.707,4
spotify:track:4cNpO3kF8rqcH8G3huFCJp,"you are my sunshine","songs for carmella: lullabies & sing-a-longs","Christina Perri",2019-01-17,82200,82,false,raphaelfr17,2025-04-07T00:47:07Z,"o lado suave do pop","Elektra (NEK)",0.574,0.121,10,-14.275,1,0.0426,0.978,0.00000104,0.353,0.657,115.165,4
spotify:track:6Ps2nryJgGqtYXbsHfjmfP,"You Said You Were Sorry","I Said I Love You First...","Selena Gomez;benny blanco",2025-03-28,179968,41,true,nicmf,2025-04-07T00:47:46Z,"","SMG Music LLC & Friends Keep Secrets under exclusive license to Interscope Records",0.658,0.514,3,-6.343,0,0.0298,0.165,0.00226,0.131,0.233,124.059,4
spotify:track:09g15LN2bq7kRXc3BBo1mb,"I Still Think We Made It","I Still Think We Made It","The Astronomers",2024-11-29,139500,0,false,raphaelfr17,2025-04-07T00:48:50Z,"","The Astronomers LLC",0.571,0.83,2,-7.949,1,0.231,0.0839,0,0.144,0.365,160.004,4
spotify:track:3tCYlGxMS5ht2g3vB36SiJ,"We Made It","Walls","Louis Tomlinson",2020-01-31,201613,51,false,nicmf,2025-04-07T00:52:12Z,"","Syco Music",0.531,0.78,10,-5.071,1,0.0317,0.0166,0,0.363,0.688,155.082,4
spotify:track:3xQHEb5UNyVXIl6T46NptY,"Don’t Take It Personally","I Said I Love You First...","Selena Gomez;benny blanco",2025-03-28,154808,40,false,nicmf,2025-04-07T00:53:17Z,"","SMG Music LLC & Friends Keep Secrets under exclusive license to Interscope Records",0.419,0.312,6,-9.457,1,0.0336,0.777,0,0.105,0.195,97.842,4
spotify:track:33SNO8AaciGbNaQFkxvPrW,"Kiwi","Harry Styles","Harry Styles",2017-05-12,176386,75,false,nicmf,2025-04-07T01:03:08Z,"","Columbia",0.375,0.93,2,-2.631,1,0.0561,0.00064,0,0.318,0.491,147.124,4
spotify:track:3MJHSt27qd1umxmtt4IVmu,"Nossa música","Tudo que sonhamos","UM44K",2019-01-18,239642,61,false,nicmf,2025-04-07T01:07:41Z,"pop nacional,hip hop brasileiro,nova mpb","WM Brazil",0.598,0.4,2,-9.167,1,0.0385,0.853,0,0.109,0.726,126.074,4
spotify:track:1v3bR4v6SruaE8efrTUqqp,"Lost In Your Light (feat. Miguel)","Lost in Your Light (feat. Miguel)","Dua Lipa;Miguel",2017-04-21,203769,59,false,nicmf,2025-04-07T01:10:25Z,"pop,r&b","Warner Records",0.646,0.772,2,-3.826,1,0.0564,0.000402,0,0.102,0.414,117.097,4
spotify:track:5txoZyuAmtCfmDjUCEphWm,"Somebody To Love","Bohemian Rhapsody (The Original Soundtrack)","Queen",2018-10-19,295733,43,false,nicmf,2025-04-07T01:15:38Z,"rock clássico,rock,glam rock","EMI",0.465,0.704,8,-6.975,1,0.0653,0.164,0,0.127,0.366,109.772,3
spotify:track:6Uhnj8W9qflWLavYUfHkPJ,"Cabide","Menino do Rio","Mart'nália",2006-02-01,153666,64,false,nicmf,2025-04-07T01:20:37Z,"samba,mpb","Biscoito Fino",0.842,0.416,7,-9.292,1,0.0972,0.125,0,0.0927,0.542,133.938,4
spotify:track:4MyvjyMcDnwFtPvEGSKrbI,"Humpty Dumpty","OK ORCHESTRA","AJR",2021-03-26,217702,42,false,raphaelfr17,2025-04-07T01:20:40Z,"","Black Butter",0.577,0.55,0,-7.875,1,0.0342,0.0118,0,0.0743,0.477,86.977,4
spotify:track:70ZMGJGfSXw5pIvi0wbNja,"MTG QUERO VER SE VOCÊ TEM ATITUDE","MTG QUERO VER SE VOCÊ TEM ATITUDE","Dj Luan Gomes;Tropa da W&S",2024-07-02,117576,61,true,nicmf,2025-04-07T01:20:48Z,"funk,funk de bh","PDF Records / W&S Music",0.67,0.288,4,-1.107,0,0.506,0.482,0.0000205,0.173,0.397,84.427,5
spotify:track:60QN1JrgYM7jcfW8pdQFqT,"Sinceramente","E POI SIAMO FINITI NEL VORTICE","Annalisa",2023-09-29,215714,63,false,nicmf,2025-04-07T01:21:17Z,"","Warner Music",0.73,0.803,3,-3.056,0,0.04,0.036,0,0.14,0.406,126.049,4
spotify:track:6qxPykWNMJos87C8atw9bE,"Die For a Man (feat. Lil Uzi Vert)","Die For a Man (feat. Lil Uzi Vert)","Bebe Rexha;Lil Uzi Vert",2021-04-30,167179,38,true,nicmf,2025-04-07T01:41:04Z,"rap melódico,rage rap","Warner Records",0.669,0.893,4,-3.319,0,0.0372,0.0736,0,0.14,0.314,89.996,4
spotify:track:3aQGknD9CVAtpQFh6Qtalq,"Live Forever (With Cheat Codes)","LP1","Liam Payne;Cheat Codes",2019-12-06,174779,50,false,raphaelfr17,2025-04-07T01:43:15Z,"","Capitol Records UK / EMI",0.69,0.676,7,-6.111,1,0.0335,0.213,0,0.123,0.665,100.02,4
spotify:track:1SixO8bwraCnWfgdvFzy69,"Mais Um Drama","Mais Um Drama","Lucas Pretti;CANETARIA",2023-05-26,152951,18,false,nicmf,2025-04-07T01:55:55Z,"pop nacional,nova mpb","Virgin Music Label And Artist Services (S&D)",0.651,0.705,2,-5.713,1,0.0475,0.00989,0.0000132,0.404,0.773,145.933,4
spotify:track:36yrRl61EcLYpTgiy2MB8V,"here, alone, again","love & limerence","Olivia O'Brien",2024-06-21,263739,39,true,nicmf,2025-04-07T02:15:27Z,"","girlhood records",0.637,0.551,2,-7.179,1,0.0307,0.0954,0.0044,0.108,0.288,139.916,4
spotify:track:1tF3aRmgGqWOGaRrgIKDKx,"Bom Dia, Amor","Bom Dia, Amor","Lipe",2022-03-29,210994,33,false,nicmf,2025-04-07T02:32:33Z,"pop nacional","4CTRL",0.622,0.638,10,-5.173,1,0.0331,0.271,0,0.191,0.22,143.891,4
spotify:track:376Gg7Oxo5C5jUWDWpVXeI,"Where Were You In The Morning?","Shawn Mendes","Shawn Mendes",2018-05-25,200600,62,false,nicmf,2025-04-07T04:00:39Z,"","Island Records",0.714,0.519,7,-7.472,1,0.0772,0.555,0,0.0993,0.451,88.017,4
spotify:track:2PpruBYCo4H7WOBJ7Q2EwM,"Hey Ya!","Speakerboxxx/The Love Below","Outkast",2003,235213,89,true,raphaelfr17,2025-04-07T22:37:43Z,"southern hip hop,hip hop","Arista",0.727,0.974,4,-2.261,0,0.0664,0.103,0.000532,0.174,0.965,79.526,4
spotify:track:5yDL13y5giogKs2fSNf7sj,"Glad You Came","Battleground (Deluxe Edition)","The Wanted",2011-01-01,197935,83,false,raphaelfr17,2025-04-07T22:39:13Z,"","Universal-Island Records Ltd.",0.722,0.851,7,-3.873,0,0.0639,0.0319,0,0.108,0.452,126.885,4
spotify:track:0AH0eFTZaQ6V7Qzj3ap7QY,"Rap Dos Coringas: Circo Dos Horrores (Nerd Hits)","Rap Dos Coringas: Circo Dos Horrores (Nerd Hits)","7 Minutoz",2020-04-06,151314,55,false,raphaelfr17,2025-04-08T00:48:01Z,"rap de anime,anime","7 Minutoz",0.868,0.648,5,-7.697,0,0.0859,0.532,0,0.202,0.699,114.979,4
spotify:track:7JJmb5XwzOO8jgpou264Ml,"There's Nothing Holdin' Me Back","Illuminate (Deluxe)","Shawn Mendes",2017-04-20,199440,93,false,nicmf,2025-04-08T00:55:49Z,"","Island Records",0.866,0.811,11,-4.063,0,0.0553,0.375,0,0.078,0.969,121.995,4
spotify:track:3vkCueOmm7xQDoJ17W1Pm3,"My Love Mine All Mine","The Land Is Inhospitable and So Are We","Mitski",2023-09-15,137773,89,false,nicmf,2025-04-08T00:56:24Z,"","Dead Oceans",0.504,0.308,9,-14.958,1,0.0321,0.868,0.135,0.158,0.121,113.95,4
spotify:track:4sscDOZCkbLSlDqcCgUJnX,"Whip It","Freedom of Choice","DEVO",1980,161133,69,false,nicmf,2025-04-08T01:13:13Z,"new wave,post-punk,synthpop","Warner Records",0.78,0.869,9,-7.255,1,0.0517,0.0744,0.004,0.0621,0.957,157.902,4
spotify:track:23Ypb2SLgeY2OQxfXHPKLN,"Bibbidi-Bobbidi-Boo - From ""Cinderella"" Soundtrack","Songs and Story: Cinderella","Verna Felton",2009-01-01,77973,50,false,nicmf,2025-04-08T01:14:42Z,"","Walt Disney Records",0.541,0.57,8,-6.712,1,0.0492,0.951,0.0000561,0.269,0.852,105.556,4
spotify:track:7rlCeTnjn0plPZkVAcctPZ,"Bills","Bills","LunchMoney Lewis",2015-02-05,204600,61,true,nicmf,2025-04-08T01:44:36Z,"","Kemosabe Records/RCA Records",0.699,0.747,5,-3.453,1,0.0964,0.274,0,0.486,0.683,126.001,4
spotify:track:3QGsuHI8jO1Rx4JWLUh9jd,"Treat You Better","Illuminate","Shawn Mendes",2017-04-20,187973,96,false,nicmf,2025-04-08T01:46:11Z,"","Island Records",0.443,0.82,10,-4.091,0,0.34,0.107,0,0.107,0.771,82.697,4
spotify:track:2QZ7WLBE8h2y1Y5Fb8RYbH,"In My Blood","Shawn Mendes","Shawn Mendes",2018-05-25,211360,77,false,nicmf,2025-04-08T01:47:14Z,"","Island Records",0.622,0.711,5,-7.321,1,0.0665,0.0573,0,0.13,0.487,140.016,4
spotify:track:5HeKOKc4phmLn8e4I7EkzD,"My Blood","Trench","Twenty One Pilots",2018-10-05,229120,74,false,raphaelfr17,2025-04-08T01:47:48Z,"","Fueled By Ramen",0.749,0.723,1,-6.609,1,0.0432,0.0563,0.022,0.0977,0.674,108.999,4
spotify:track:7HMmFQsKsljwTw8bS7lu19,"Rare","Rare","Selena Gomez",2020-01-10,220589,62,false,nicmf,2025-04-08T01:53:14Z,"","Interscope Records",0.838,0.541,5,-6.746,1,0.0708,0.207,0.0000797,0.103,0.637,114.996,4
spotify:track:6DRZmJa38MaMNthwG3fCBD,"two","two","bbno$",2024-10-04,135212,71,true,raphaelfr17,2025-04-08T01:56:35Z,"","bbno$$",0.862,0.878,1,-5.175,1,0.0805,0.00768,0.0000163,0.331,0.883,128.059,4
spotify:track:1IHWl5LamUGEuP4ozKQSXZ,"Tití Me Preguntó","Un Verano Sin Ti","Bad Bunny",2022-05-06,243716,93,true,nicmf,2025-04-08T01:56:42Z,"reggaeton,trap latino,latino,urbano latino","Rimas Entertainment LLC.",0.65,0.715,5,-5.198,0,0.253,0.0993,0.000291,0.126,0.187,106.672,4
spotify:track:2FrYyDemG5M15U4qFO0ezK,"Permanent","Kids in Love","Kygo;JHart",2017-11-03,228280,56,false,nicmf,2025-04-08T02:06:17Z,"tropical house","Kygo",0.64,0.636,0,-6.718,1,0.0277,0.0123,0,0.0818,0.24,108.017,4
spotify:track:24XihnoVPWXlKJ4BgXqjVM,"It's ok I'm ok","It's ok I'm ok","Tate McRae",2024-09-12,156521,73,true,nicmf,2025-04-08T02:09:33Z,"","RCA Records Label",0.754,0.514,1,-7.721,0,0.0471,0.0257,0.0000398,0.0808,0.363,114.997,4
spotify:track:14sOS5L36385FJ3OL8hew4,"Happy Now","Happy Now","Kygo;Sandro Cavazza",2018-10-26,211362,69,false,raphaelfr17,2025-04-08T02:27:13Z,"tropical house","Kygo",0.693,0.575,9,-6.998,1,0.0801,0.374,0,0.252,0.492,117.999,4
spotify:track:05oC2UvKDcx0cY2wg9gzKC,"Happy For You","Radical Optimism","Dua Lipa",2024-05-03,245680,66,false,nicmf,2025-04-08T02:27:48Z,"pop","Warner Records",0.59,0.705,3,-6.057,1,0.035,0.0156,0,0.158,0.327,120.04,4
spotify:track:27KDaaYxMJgJcyixSP7oHO,"happy for you","happy for you","Jasmine Thompson",2021-07-29,165989,37,false,nicmf,2025-04-08T02:28:02Z,"","Atlantic Records",0.462,0.338,3,-8.788,1,0.045,0.824,0,0.129,0.416,139.845,4
spotify:track:4keoy2fqgwGnbWlm3ZVZFa,"Happy Now","Happy Now","Zedd;Elley Duhé",2018-07-18,207029,70,false,nicmf,2025-04-08T02:29:03Z,"edm","UMGRI Interscope",0.503,0.741,4,-5.128,1,0.047,0.579,0.00000149,0.0712,0.458,88.335,3
spotify:track:3CJvmtWw2bJsudbAC5uCQk,"Hands To Myself","Revival (Deluxe)","Selena Gomez",2015-10-09,200680,73,false,nicmf,2025-04-08T02:30:45Z,"","Selena Gomez PS",0.811,0.507,5,-7.161,0,0.117,0.0146,0.00000214,0.342,0.438,111.016,4
spotify:track:6Knv6wdA0luoMUuuoYi2i1,"My House","My House","Flo Rida",2015-04-07,192190,84,false,nicmf,2025-04-08T02:51:24Z,"","Poe Boy/Atlantic",0.688,0.702,7,-4.792,0,0.0499,0.0215,0,0.128,0.74,94.006,4
spotify:track:51w95jAPQDOWN3M7xopWWh,"Help Me Help You (feat. Why Don't We)","Help Me Help You (feat. Why Don't We)","Logan Paul;Why Don't We",2017-05-19,152822,53,false,nicmf,2025-04-08T23:15:32Z,"","Signature Entertainment, LLC",0.811,0.641,1,-4.167,0,0.256,0.205,0,0.547,0.781,134.971,4
spotify:track:6Fy3rqcawKukpl2OOBgtwh,"Pigs Oinking","Farm Sounds","Digiffects Sound Effects Library",2016-02-27,36304,22,false,raphaelfr17,2025-04-09T00:52:18Z,"","Hot Ideas 2016",0.391,0.42,10,-23.54,0,0.08,0.746,0.503,0.366,0.0325,182.128,3
spotify:track:7fbcxxZdvREJAmgKUzifOn,"Jakers! The Adventures of Piggley Winks Main Theme (From ""Jakers! The Adventures of Piggley Winks"")","Jackers! The Adventures of Piggley Winks Main Theme (From ""Jackers! The Adventures of Piggley Winks"")","Geek Music",2022-09-08,117531,13,false,nicmf,2025-04-09T00:59:09Z,"anime","Geek Music",0.756,0.682,10,-9.745,1,0.0353,0.648,0,0.144,0.934,102.111,4
spotify:track:1YaVmBh7EAeR54FIjuFcb5,"Naturally","Kiss & Tell","Selena Gomez & The Scene",2009-01-01,202586,72,false,nicmf,2025-04-09T01:00:19Z,"","Hollywood Records",0.605,0.902,10,-5.406,0,0.0511,0.0185,0.00000101,0.0534,0.875,132.612,4
spotify:track:0fMhhdMdbC94rHHK63jwWu,"Fix a Heart","Unbroken","Demi Lovato",2011-01-01,193040,51,false,nicmf,2025-04-09T01:20:28Z,"","Hollywood Records",0.491,0.452,0,-7.86,1,0.0491,0.579,0,0.0907,0.455,160.227,3
spotify:track:1m9TZ1dpYEQnczSsI6z9Ku,"Pure Imagination (from ""Wonka"")","Wonka (Original Motion Picture Soundtrack)","Timothée Chalamet",2023-12-08,187997,64,false,raphaelfr17,2025-04-10T02:32:09Z,"","WaterTower Music",0.491,0.0964,6,-14.795,0,0.041,0.737,0,0.117,0.122,106.067,4
spotify:track:63VzPkoz5BzivuDW7kK5fq,"Pure Imagination","Pure Imagination","Kathleen",2020-02-21,155856,50,false,raphaelfr17,2025-04-10T02:33:43Z,"","Warner Records",0.65,0.54,8,-7.793,0,0.0382,0.282,0.00702,0.0866,0.235,145.996,4
spotify:track:297PYWIVLP38C1a92ND8Kv,"So Cold","So Cold","Balu Brigada",2024-06-07,201133,62,false,raphaelfr17,2025-04-10T03:07:54Z,"","WM Australia",0.658,0.771,10,-6.09,0,0.072,0.000893,0.001,0.0767,0.79,111.057,4
spotify:track:5N4erncE7kuUccm7zEmwzk,"Electricity","Electricity","Silk City;Dua Lipa;Mark Ronson;Diplo",2018-09-06,238173,71,false,nicmf,2025-04-10T03:08:00Z,"pop,moombahton","Columbia",0.588,0.67,0,-6.439,1,0.0473,0.0104,0.00000333,0.338,0.505,118.159,4
spotify:track:28NIIkZTxJ0S7toJ5f7tCY,"Atitude e Alicerce","Mundão Girou (Deluxe)","MC Hariel",2022-05-27,141333,25,false,nicmf,2025-04-10T03:18:21Z,"funk,funk consciente,trap funk","WM Brazil",0.617,0.594,9,-5.044,1,0.382,0.627,0,0.0896,0.542,89.577,4
spotify:track:1T7AiFL9ruKKwlONN35Vh0,"A Little Too Much","Handwritten","Shawn Mendes",2015-04-14,187026,60,false,nicmf,2025-04-10T03:56:32Z,"","Island Records",0.451,0.507,11,-6.24,1,0.0316,0.473,0,0.108,0.564,165.76,4
spotify:track:6OtCIsQZ64Vs1EbzztvAv4,"Good Life","Waking Up","OneRepublic",2009-01-01,253306,53,true,nicmf,2025-04-10T03:57:45Z,"","Mosley / Interscope",0.634,0.69,6,-7.804,1,0.052,0.0771,0,0.132,0.645,94.988,4
spotify:track:5phOffUF55tovtQaz1alMo,"You're On Your Own, Kid","Midnights (3am Edition)","Taylor Swift",2022-10-21,194206,44,false,raphaelfr17,2025-04-10T04:08:41Z,"","Taylor Swift",0.696,0.39,2,-10.331,1,0.0616,0.447,0.0000155,0.125,0.395,120.032,4
spotify:track:4UldILPVpnZO69ffK4B9aA,"Tubarão Te Amo","Tubarão Te Amo","Dj LK da Escócia;Tchakabum;MC Ryan SP;mc jhenny;Mc RF",2022-09-28,149076,65,true,raphaelfr17,2025-04-11T03:41:20Z,"funk carioca,funk,axé,pagode baiano,funk consciente,trap funk,brega funk","Nas Nuvens Music Group",0.889,0.742,4,-3.495,0,0.358,0.299,0.000568,0.066,0.479,130.089,4
spotify:track:0FGgL1dliivVUlQPVzUW40,"Cara Correria","Cara Correria","HOZE",2023-03-17,184545,0,true,nicmf,2025-04-11T18:36:05Z,"rock brasileiro","Best Play",0.39,0.911,8,-6.904,0,0.128,0.00622,0,0.113,0.631,98.963,4
spotify:track:1zQ0YSxpBwR3i7QIlgEw7v,"Overture of Conclave","Conclave (Original Motion Picture Soundtrack)","Volker Bertelmann",2024-10-25,87085,34,false,raphaelfr17,2025-04-12T00:11:36Z,"trilha sonora original","Back Lot Music",0.315,0.117,0,-24.347,1,0.0419,0.0595,0.751,0.107,0.0376,149.876,3
spotify:track:5Uc37Y6FijZcM538PqqkWd,"Legendary Lovers","PRISM (Deluxe)","Katy Perry",2013-10-18,224216,86,false,nicmf,2025-04-12T00:14:23Z,"pop","Capitol Records (CAP)",0.622,0.839,4,-4.788,0,0.0843,0.0222,0,0.0781,0.403,126.027,4
spotify:track:1DFmBjoeQN9DpOVTEewyx0,"Ojos Tristes (with The Marías)","I Said I Love You First","Selena Gomez;benny blanco;The Marías",2025-03-21,201920,72,false,raphaelfr17,2025-04-12T00:29:52Z,"bedroom pop","SMG Music LLC & Friends Keep Secrets under exclusive license to Interscope Records",0.666,0.628,8,-7.185,1,0.0291,0.735,0.0352,0.204,0.731,110.031,4
spotify:track:4s1jXpACCXFDNYTKWKH3tq,"Don’t Wanna Cry","I Said I Love You First","Selena Gomez;benny blanco",2025-03-21,207852,57,true,nicmf,2025-04-12T00:29:58Z,"","SMG Music LLC & Friends Keep Secrets under exclusive license to Interscope Records",0.69,0.693,9,-5.462,0,0.0595,0.0245,0.000853,0.345,0.571,114.001,4
spotify:track:68eRXsHoxQMBxtTR60hKPv,"Novos Ricos - Ao Vivo","Funk Superação (Ao Vivo)","MC Hariel;Kyan",2024-08-29,208241,48,false,nicmf,2025-04-12T00:38:51Z,"funk,funk consciente,trap funk,trap brasileiro,trap,hip hop brasileiro","WM Brazil",0.75,0.909,1,-2.793,1,0.184,0.531,0,0.933,0.775,130.028,4
spotify:track:2PkjXSAJmiQxBDgswAn3l9,"Forte Pra Dar Sorte - Ao Vivo","Funk Superação (Ao Vivo)","MC Hariel",2024-08-29,196819,62,false,nicmf,2025-04-12T00:42:58Z,"funk,funk consciente,trap funk","WM Brazil",0.651,0.804,9,-4.764,0,0.284,0.414,0,0.942,0.498,159.9,4
spotify:track:3ZCBSFcZSRM9Z48ew28Zrf,"Souvenir","Rare (Deluxe)","Selena Gomez",2020-04-09,161605,67,false,nicmf,2025-04-12T00:54:27Z,"","Interscope Records",0.842,0.479,0,-5.837,0,0.0377,0.207,0.0000116,0.122,0.453,112.97,4
spotify:track:4Y2IzExzwVrUpc5SD0cQ5S,"Cumplicidade - Live From Parque de Exposições de Campo Grande,Brazil/2011","Amannda","Amannda",2011-01-01,197746,4,false,nicmf,2025-04-12T01:00:04Z,"sertanejo universitário,sertanejo","EMI",0.284,0.794,9,-3.832,1,0.052,0.506,0,0.603,0.5,179.943,3
spotify:track:3cNjgVBKTJ1SvKhunrCdVy,"Please Don't Go","Please Don't Go","Joel Adams",2015-11-06,210580,66,false,nicmf,2025-04-12T01:30:41Z,"","Will Walker Records, LLC",0.513,0.768,4,-4.868,0,0.0587,0.0118,0.0000194,0.294,0.235,84.264,4
spotify:track:6jg5SRvdGxvJ0DzNV0UqEK,"Please Don't Go","31 Minutes to Takeoff","Mike Posner",2010-08-09,196813,77,false,nicmf,2025-04-12T01:30:45Z,"","J Records",0.699,0.882,4,-3.896,0,0.0311,0.00296,0.0544,0.13,0.657,120.016,4
spotify:track:2o0V0AATmWmCmMOAFWDuEV,"Let Me Go (feat. Chad Kroeger)","Avril Lavigne (Expanded Edition)","Avril Lavigne;Chad Kroeger",2013-11-01,267973,61,false,nicmf,2025-04-12T01:31:22Z,"","Epic",0.385,0.654,4,-6.635,1,0.0342,0.212,0,0.136,0.125,164.196,3
spotify:track:53H3ajzHjI5M9ZeewvRO3h,"messier","THINK LATER","Tate McRae",2023-12-08,237191,68,true,nicmf,2025-04-12T02:34:40Z,"","RCA Records Label",0.592,0.47,4,-7.054,1,0.0283,0.0325,0,0.126,0.318,89.965,4
spotify:track:3Y9WaG78KtzydfPotu6suF,"Crazy","Handwritten","Shawn Mendes",2015-04-14,191800,48,false,nicmf,2025-04-12T02:41:14Z,"","Island Records",0.433,0.266,4,-8.824,1,0.0364,0.613,0,0.109,0.284,157.349,4
spotify:track:2XPUl05bHm0B8upUng1YRQ,"Até o Sol Raiar","Até o Sol Raiar","MC Hariel",2024-01-24,173566,67,false,nicmf,2025-04-12T03:19:55Z,"funk,funk consciente,trap funk","WM Brazil",0.803,0.44,11,-5.18,0,0.0792,0.528,0.00000189,0.198,0.879,90.058,4
spotify:track:3w0h0BOLFIyS80gO5ybFkg,"Todos os Dias","Aos Ouvidos Sensíveis de Coração (Remasterizado)","Catedral",1989-10-16,255661,28,false,nicmf,2025-04-12T03:20:38Z,"rock cristão,pop cristão","Gravadora Doce Harmonia",0.489,0.569,7,-7.928,1,0.0284,0.331,0.0574,0.163,0.19,135.339,4
spotify:track:6F5c58TMEs1byxUstkzVeM,"Roar","PRISM (Deluxe)","Katy Perry",2013-10-18,223546,78,false,nicmf,2025-04-12T05:50:17Z,"pop","Capitol Records (CAP)",0.671,0.771,7,-4.821,0,0.0316,0.00492,0.00000728,0.354,0.436,90.003,4
spotify:track:5ivya8USJX3ezDjd2FYSXa,"Camaro Amarelo","Camaro Amarelo - Single","Munhoz & Mariano",2012-06-25,212751,60,false,nicmf,2025-04-12T14:28:38Z,"sertanejo universitário,sertanejo,arrocha,agronejo","Som Livre",0.563,0.954,8,-4.481,1,0.0625,0.172,0.000268,0.963,0.789,148.051,4
spotify:track:5wxurz8J6YlyQRNnGN8zXS,"Nervous","Shawn Mendes","Shawn Mendes",2018-05-25,164146,57,false,nicmf,2025-04-16T01:32:02Z,"","Island Records",0.84,0.623,0,-6.76,1,0.0773,0.0397,0,0.126,0.744,121.983,4
spotify:track:47No93LxERvV6MtOAmQzHS,"Ignorance","Brand New Eyes","Paramore",2009-09-25,218626,76,false,raphaelfr17,2025-04-16T02:18:58Z,"pop punk,emo","Fueled By Ramen",0.522,0.964,11,-2.645,0,0.095,0.00109,0.000389,0.0387,0.51,170.944,4
spotify:track:7w6PJe5KBPyvuRYxFkPssC,"No More Tears","No More Tears (Expanded Edition)","Ozzy Osbourne",1991-09-17,444983,83,false,raphaelfr17,2025-04-16T02:37:33Z,"metal,glam metal,heavy metal,hard rock","Epic",0.346,0.749,6,-6.506,1,0.035,0.00167,0.0000886,0.648,0.315,102.591,4
spotify:track:34TufQ4EFzmDIFXJ3A8Yau,"Flamingo","Flamingo","Kero Kero Bonito",2014-09-23,197528,59,false,raphaelfr17,2025-04-17T00:38:11Z,"","Kero Kero Bonito",0.788,0.49,8,-6.29,1,0.511,0.311,0,0.0968,0.791,177.865,4
spotify:track:30FURVTCpbKyykjSEQzGkH,"Back To Black","Back To Black","Amy Winehouse",2006-10-27,240440,86,true,nicmf,2025-04-17T00:39:03Z,"","Universal-Island Records Ltd.",0.49,0.725,10,-3.304,1,0.0392,0.123,0.0000268,0.0983,0.335,123.28,4
spotify:track:21TcDbGosp7w9YhTjOszgA,"Imagination","Handwritten (Deluxe)","Shawn Mendes",2015-04-14,217773,76,false,nicmf,2025-04-17T00:54:53Z,"","Island Records",0.64,0.455,0,-5.942,1,0.0247,0.0743,0,0.0694,0.333,89.948,4
spotify:track:6uDBSDI9pDM7C4Gm0hc2hI,"Castaways","The Backyardigans","The Backyardigans",2005-07-12,87706,51,false,raphaelfr17,2025-04-17T00:57:59Z,"música infantil","Nick Records",0.756,0.211,5,-17.646,1,0.409,0.784,0.00000865,0.11,0.307,81.253,4
spotify:track:43dcCpx19I0R4zLr4KH1UC,"One And Only","21","Adele",2011-01-24,348226,70,false,nicmf,2025-04-17T01:24:44Z,"o lado suave do pop","XL Recordings",0.528,0.468,5,-5.306,1,0.0287,0.295,0,0.165,0.185,154.974,3
spotify:track:1gJA27xiMdENwoAVN7kMlo,"My Only One (No Hay Nadie Más)","My Only One (No Hay Nadie Más)","Sebastian Yatra;Isabela Merced",2018-07-27,198280,62,false,nicmf,2025-04-17T01:24:52Z,"pop colombiano,reggaeton","UMLE - Latino",0.727,0.526,6,-6.307,1,0.0378,0.693,0,0.116,0.681,105.086,4
spotify:track:3HMzCcVRL5fHNF0Uv73LFV,"Only One","Only One","Carlie Hanson",2017-11-24,190731,0,false,nicmf,2025-04-17T01:25:13Z,"","Carlie Hanson",0.558,0.486,8,-5.89,1,0.189,0.254,0,0.0908,0.668,122.946,4
spotify:track:2zYzyRzz6pRmhPzyfMEC8s,"Highway to Hell","Highway to Hell","AC/DC",1979-07-27,208110,91,false,nicmf,2025-04-21T15:47:35Z,"rock,hard rock,rock clássico,rock and roll","Columbia",0.574,0.913,6,-4.793,0,0.133,0.061,0.00158,0.156,0.423,115.728,4
spotify:track:69QHm3pustz01CJRwdo20z,"Hells Bells","Back In Black","AC/DC",1980-07-25,312815,82,false,nicmf,2025-04-21T15:49:07Z,"rock,hard rock,rock clássico,rock and roll","Columbia",0.389,0.873,4,-4.768,0,0.0475,0.00532,0.0055,0.273,0.303,106.767,4
spotify:track:30Y4CV7A6YqtQtTTo7Ue4j,"Mean (Taylor's Version)","Speak Now (Taylor's Version)","Taylor Swift",2023-07-07,238693,67,false,nicmf,2025-04-22T02:04:25Z,"","Taylor Swift",0.526,0.7,4,-3.95,1,0.0392,0.321,0,0.213,0.596,163.949,4
spotify:track:7gVzhRCrLRUBEGdS7zNTp0,"Malvada","Malvada","Zé Felipe",2022-01-28,145853,57,false,nicmf,2025-04-24T00:04:46Z,"piseiro,sertanejo,agronejo,arrocha,sertanejo universitário,forró","Som Livre",0.894,0.859,5,-2.981,0,0.0471,0.159,0.000153,0.075,0.888,134.947,4
spotify:track:6EzuVdWmzgOBmqHpzbbzfQ,"Witness","Witness (Deluxe)","Katy Perry",2017-06-09,250506,47,true,raphaelfr17,2025-04-24T00:05:24Z,"pop","Capitol Records (CAP)",0.508,0.614,6,-8.811,0,0.0584,0.0351,0.00017,0.106,0.121,119.705,4
spotify:track:4xfK2IC5wej7O4HLSKRdCm,"I Know I'll Find It","Always In My Head","APRE",2020-11-06,232173,11,false,nicmf,2025-04-24T01:19:11Z,"","Polydor Records",0.345,0.585,8,-5.997,1,0.0327,0.119,0.000284,0.0707,0.448,79.826,4
spotify:track:2NHAO5DIJNTiOTGek65DBh,"Intuition","A Year Without Rain (International Standard Version)","Selena Gomez & The Scene;Eric Bellinger",2010-01-01,178986,33,false,nicmf,2025-04-24T01:56:31Z,"","Hollywood Records",0.556,0.834,7,-4.216,1,0.0814,0.0587,0,0.352,0.617,153.056,4
spotify:track:4ByQfp6BCjrlIET6aAgmkr,"A Rezadeira","Foco, Força E Fé","Projota",2014-01-01,263106,51,false,nicmf,2025-04-24T03:01:37Z,"hip hop brasileiro,pop nacional","Universal Music Ltda.",0.75,0.818,6,-5.279,1,0.124,0.0073,0,0.076,0.848,139.978,4
spotify:track:2bqLj0NvdtGbPCl9PdBtP2,"Purple lace bra","So Close To What","Tate McRae",2025-02-21,191132,66,false,nicmf,2025-04-24T03:34:26Z,"","RCA Records Label",0.478,0.8,5,-3.991,0,0.0311,0.156,0.0000262,0.136,0.409,145.016,4
spotify:track:1uvyZBs4IZYRebHIB1747m,"Purple Rain","Purple Rain","Prince",1984-06-25,521866,91,false,nicmf,2025-04-24T03:34:42Z,"funk americano,funk rock","Warner Records",0.373,0.452,10,-10.417,1,0.0321,0.0354,0.00227,0.689,0.179,113.212,4
spotify:track:31ypEgZwfK9bpBY3kRvIgf,"Song 6","Wanted on Voyage (Expanded Edition)","George Ezra",2014-06-30,256200,44,false,raphaelfr17,2025-04-24T23:39:46Z,"","Columbia",0.402,0.435,7,-8.549,1,0.034,0.146,0.0000402,0.234,0.073,172.088,4
spotify:track:7lIkAqZttsDeShLOLyVhyk,"Te Odeio","A Cura","Mayra;Nanno",2023-03-31,153000,24,false,nicmf,2025-04-25T00:27:42Z,"pop nacional,brazilian bass","Universal Music Ltda.",0.611,0.773,1,-13.002,0,0.0366,0.0122,0,0.315,0.943,149.994,4
spotify:track:1fwF0BA6R1ZLaXWmClIAw3,"Reach Out To The Truth","ペルソナ4 オリジナル・サウンドトラック","平田志穂子",2008-07-23,167880,57,false,raphaelfr17,2025-04-25T00:27:49Z,"vgm japonesa","アニプレックス",0.642,0.921,7,-4.742,1,0.0384,0.00175,0,0.0384,0.919,169.97,4
spotify:track:1v3lhrZEsOcazqR2QIyyRu,"De Una Vez","Revelación - EP","Selena Gomez",2021-03-12,155956,56,false,nicmf,2025-04-25T01:00:17Z,"","Selena Gomez Latin Project",0.659,0.479,11,-6.79,0,0.2,0.152,0.0025,0.268,0.0395,163.882,4
spotify:track:5gfK6bZFaApxdSHsHXrwPD,"Be Careful What You Wish For","This One's for You","Luke Combs",2017-06-02,175346,59,false,nicmf,2025-04-25T03:28:18Z,"country","River House Artists/Columbia Nashville",0.501,0.876,3,-4.792,1,0.0404,0.0106,0,0.135,0.681,159.025,4
spotify:track:0TJRfA2MIIRd3tTDK9tPPf,"Angels Cry Remix - Remix","Angels Cry Remix feat. Ne-Yo","Mariah Carey;Ne-Yo",2010-01-01,233746,60,false,nicmf,2025-04-25T03:28:38Z,"natal","Def Jam Recordings",0.368,0.53,0,-7.242,1,0.102,0.0814,0,0.377,0.325,85.381,4
spotify:track:3uVCPFmavlWGQUqeYh8HhR,"Don't Think They Know (feat. Aaliyah)","X (Expanded Edition)","Chris Brown;Aaliyah",2014-09-16,237981,70,false,nicmf,2025-04-25T20:44:57Z,"r&b,r&b contemporâneo","RCA Records Label",0.479,0.606,0,-6.424,0,0.0676,0.0241,0,0.33,0.626,88.573,5
spotify:track:0Fs9cdPDhptWEDJmiCbkEW,"She Knows (feat. Amber Coffman & Cults)","Born Sinner (Deluxe Version)","J. Cole;Cults;Amber Coffman",2013-06-18,296520,78,true,raphaelfr17,2025-04-25T20:46:18Z,"rap,dubstep,dub","Roc Nation LLC",0.766,0.74,1,-10.363,1,0.0807,0.0193,0.0784,0.229,0.183,118.008,4
spotify:track:2Tu1lrx0WVnAjRX42h5oqe,"Think Twice","Memoir of a Sparklemuffin","Suki Waterhouse",2024-09-13,192098,58,false,nicmf,2025-04-25T20:46:29Z,"","Sub Pop Records",0.621,0.751,6,-5.477,0,0.0369,0.079,0.000698,0.144,0.295,119.966,4
spotify:track:1iDNbpfBB7jWkhDIGA6xUv,"She Knows Me","Tracks of My Years (Deluxe)","Bryan Adams",2014-09-30,217960,33,false,nicmf,2025-04-25T20:46:55Z,"","Badams Music Limited",0.692,0.627,4,-6.735,1,0.0288,0.0812,0,0.0707,0.573,120.98,4
spotify:track:2d4Zg9Iupw6kJXVrQPERvh,"Nobody Knows","Nobody Knows","Shawn Mendes",2024-09-12,152239,0,true,nicmf,2025-04-25T20:55:39Z,"","Island Records",0.419,0.426,0,-8.252,1,0.0372,0.313,0,0.338,0.287,111.722,3
spotify:track:34fkQYZUIXOsI2xNxEZbTO,"Nobody Love","Unbreakable Smile","Tori Kelly",2015-10-16,203457,40,false,nicmf,2025-04-25T20:55:47Z,"","Tori Kelly",0.754,0.716,1,-5.141,0,0.0349,0.00606,0.000898,0.0971,0.571,99.976,4
spotify:track:0hK93KD6Y0j9giUGh4Valj,"Ours","Speak Now (Deluxe Package)","Taylor Swift",2010-01-01,238173,52,false,nicmf,2025-04-25T20:56:48Z,"","Taylor Swift",0.61,0.556,0,-7.369,1,0.0285,0.505,0,0.0851,0.192,159.838,4
spotify:track:22GUd9JOxhSidGguHxf3Nu,"All My Love","Staying at Tamara's","George Ezra",2018-03-23,160950,52,false,raphaelfr17,2025-04-25T20:56:54Z,"","Columbia",0.449,0.571,0,-5.206,1,0.0503,0.135,0,0.279,0.656,173.73,4
spotify:track:6CUQWmCR9YCpmfIrzgzImC,"Fell In Love At The End of The World","Gold Rush Kid","George Ezra",2022-06-10,197980,48,false,raphaelfr17,2025-04-25T20:56:57Z,"","Columbia",0.491,0.666,9,-4.904,1,0.0353,0.508,0,0.099,0.294,77.031,4
spotify:track:6vN77lE9LK6HP2DewaN6HZ,"Yes Indeed","Harder Than Ever","Lil Baby;Drake",2018-05-18,142273,80,true,nicmf,2025-04-26T11:56:38Z,"rap","Quality Control Music, LLC",0.963,0.346,5,-9.309,0,0.53,0.0355,0,0.108,0.562,119.957,4
spotify:track:46s6p0tsgRBfzWriIg3w9o,"Pais E Filhos","As Quatro Estações","Legião Urbana",1989,308800,74,false,raphaelfr17,2025-04-26T12:09:00Z,"rock brasileiro,mpb,pop nacional","EMI Brazil",0.601,0.263,7,-16.087,1,0.0273,0.17,0.0000262,0.0971,0.688,89.873,4
spotify:track:1ere9b9vDw2N3m9d4uiXxa,"Facas - Ao Vivo","Facas (Ao Vivo)","Diego & Victor Hugo;Bruno & Marrone",2020-10-15,196379,67,false,nicmf,2025-04-26T12:10:38Z,"sertanejo,sertanejo universitário,arrocha,sertanejo tradicional","Sony Music Entertainment",0.443,0.509,2,-5.995,1,0.0536,0.615,0,0.472,0.69,160.984,4
spotify:track:4f0aDk7HX37SfzerfznYlr,"Lapada Dela - Ao Vivo","Confia (Ao Vivo)","Grupo Menos É Mais;Matheus Fernandes",2023-01-20,159322,77,false,nicmf,2025-04-26T12:17:06Z,"pagode,samba,piseiro,sertanejo,forró,arrocha,sertanejo universitário","Som Livre",0.691,0.752,4,-6.796,0,0.157,0.708,0.00000607,0.912,0.684,167.073,4
spotify:track:2RJfK2pOvGpnxC255YOy5k,"Rose-Colored Boy","After Laughter","Paramore",2017-05-12,212853,68,false,raphaelfr17,2025-04-26T12:17:51Z,"pop punk,emo","Fueled By Ramen",0.768,0.826,5,-4.904,1,0.0335,0.00199,0.000374,0.031,0.926,114.997,4
spotify:track:3nqQXoyQOWXiESFLlDF1hG,"Unholy (feat. Kim Petras)","Unholy (feat. Kim Petras)","Sam Smith;Kim Petras",2022-09-22,156943,79,false,nicmf,2025-04-26T12:50:45Z,"o lado suave do pop","Capitol Records UK / EMI",0.719,0.454,2,-7.384,1,0.0707,0.0138,0.00000483,0.318,0.224,131.007,4
spotify:track:1YZOcaGiN1cCwANvG3Ib9G,"Nostalgia","So Close To What","Tate McRae",2025-02-21,183499,64,true,nicmf,2025-04-26T14:16:50Z,"","RCA Records Label",0.432,0.328,4,-6.601,0,0.0278,0.568,0,0.117,0.221,172.743,4
spotify:track:4NzY5auu3oohqRKDPZxKEF,"Refazenda","Refazenda","Gilberto Gil",1977,190133,56,false,nicmf,2025-04-26T16:16:50Z,"mpb,bossa nova,forró tradicional,samba","WM Brazil",0.59,0.742,2,-6.628,1,0.0311,0.452,0,0.0976,0.932,136.725,4
spotify:track:4ENxv7tus1yjM4QJRfgzEK,"Menina Má","Menina Má","Anitta",2014-11-03,177254,62,false,raphaelfr17,2025-04-26T19:01:57Z,"pop nacional,funk pop,funk,funk carioca","Furacao 2000",0.81,0.954,1,-5.377,0,0.159,0.249,0,0.297,0.877,130.053,4
spotify:track:7j74lucZ59vqN67Ipe2ZcY,"Maneater","H2O","Daryl Hall & John Oates",1982-10-04,273173,88,false,nicmf,2025-04-26T19:54:39Z,"yacht rock,soft rock","RCA/Legacy",0.724,0.498,11,-13.083,0,0.0423,0.0405,0.0000856,0.0761,0.823,88.825,4
spotify:track:2Q4zHSJgtlc9mWoWQXpSJX,"Sua Amiga Vou Pegar","Sua Amiga Vou Pegar","MC WM;MC Lan",2017-04-12,156969,64,true,nicmf,2025-04-26T19:54:49Z,"funk","Warner Music Brasil sob licenciamento exclusivo da Play Produtora e Start Music",0.931,0.415,6,-6.159,1,0.395,0.0779,0,0.364,0.699,130.033,4
spotify:track:4th4IS49UurfhQbsA4Cs2j,"Femme Fatale (Júpiter)","COSMOS","Ananda;Clau",2024-05-23,208045,32,false,nicmf,2025-04-26T20:06:12Z,"pop nacional,hip hop brasileiro","Disizmusic",0.527,0.71,10,-6.54,0,0.313,0.337,0.00000783,0.0544,0.364,173.901,4
spotify:track:4kuPeLqTPXDkPB2injreCw,"Omen","Caracal (Deluxe)","Disclosure;Sam Smith",2015-09-25,230250,70,false,nicmf,2025-04-26T20:06:21Z,"house,o lado suave do pop","Universal-Island Records Ltd.",0.723,0.678,8,-5.224,1,0.125,0.0614,0,0.372,0.633,106.011,4
spotify:track:0vW819CC45qQzi1lM9PaAg,"This Is What It Takes","Handwritten","Shawn Mendes",2015-04-14,230440,50,false,nicmf,2025-04-26T20:30:04Z,"","Island Records",0.483,0.324,0,-6.703,1,0.0317,0.384,0,0.119,0.324,81.879,4
spotify:track:7zyHjiSi5heAVF9UjFMCL2,"Everything Is AWESOME!!!","The Lego® Movie (Original Motion Picture Soundtrack)","JoLi",2013-02-04,86735,58,false,raphaelfr17,2025-04-26T20:30:10Z,"","WaterTower Music",0.66,0.83,5,-7.965,1,0.275,0.08,0,0.374,0.864,148.081,4
spotify:track:6GcuA4J9ruyClBizBd4m5E,"Ego","I AM...SASHA FIERCE","Beyoncé",2008-11-14,236360,63,false,nicmf,2025-04-26T20:30:37Z,"","Music World Music/Columbia",0.623,0.389,1,-7.816,1,0.241,0.155,0,0.163,0.489,79.454,4
spotify:track:1p787PB1sNKkN8wpI49jcJ,"Zap","Natural","Lauana Prado",2022-03-10,155281,46,false,nicmf,2025-04-26T20:47:36Z,"sertanejo,sertanejo universitário","Universal Music Ltda.",0.452,0.913,5,-3.369,0,0.0498,0.478,0,0.187,0.674,74.687,4
spotify:track:63kd4m3VFxcJjPVVtbVNAu,"Hello, Dolly!","Hello, Dolly! (Remastered)","Louis Armstrong",1964-10-25,147000,63,false,nicmf,2025-04-26T20:47:52Z,"jazz,swing music,vocal jazz,big band","Verve Reissues",0,0.405,0,-9.935,1,0,0.842,0.00114,0.198,0,0,0
spotify:track:3M4BUxp3L2RtlFXbysF7p9,"I Hope It's Cold in New York","Static","The Wrecks",2020-12-18,247293,24,false,raphaelfr17,2025-04-26T22:21:10Z,"","The Wrecks",0.542,0.637,9,-6.62,1,0.0273,0.0378,0,0.0608,0.697,81.574,4
spotify:track:2dLLR6qlu5UJ5gk0dKz0h3,"Royals","Pure Heroine","Lorde",2013-09-27,190185,83,false,raphaelfr17,2025-04-26T22:34:58Z,"","Universal Music New Zealand Limited",0.674,0.426,7,-9.504,1,0.122,0.12,0,0.132,0.337,84.876,4
spotify:track:2yMSZdcN47ht9zAXsP4LTW,"In The Morning","Gold Rush Kid","George Ezra",2022-06-10,257486,45,false,raphaelfr17,2025-04-27T12:57:05Z,"","Columbia",0.332,0.35,3,-8.512,1,0.0286,0.785,0,0.106,0.533,75.961,1
spotify:track:59uQI0PADDKeE6UZDTJEe8,"Last Night","3 Songs At A Time Sampler","Morgan Wallen",2023-01-31,163854,14,true,nicmf,2025-04-30T00:14:39Z,"country","Big Loud Records / Mercury Records / Republic Records",0.492,0.673,6,-5.431,1,0.0347,0.413,0,0.137,0.488,203.812,4
spotify:track:4VFE6ZNqa8jHAmbYICoAFg,"God, Your Mama, And Me","Dig Your Roots","Florida Georgia Line;Backstreet Boys",2016-08-26,183413,64,false,nicmf,2025-04-30T00:21:59Z,"country,pop country,country acústico","Big Machine Label Group, LLC",0.442,0.817,7,-3.729,1,0.0513,0.312,0,0.374,0.653,168.115,4
spotify:track:0zMzyHAeMvwq5CRstru1Fp,"Lost Boy","Safe Haven","Ruth B.",2017-05-05,276066,74,false,nicmf,2025-04-30T01:25:09Z,"","Columbia",0.586,0.128,7,-9.297,1,0.0496,0.963,0,0.0858,0.371,123.498,4
spotify:track:2GGPfFKUa0bXxtk2GOBBCR,"Música da Dengue","Música da Dengue","Crianças Inteligentes",2024-03-18,140085,1,false,nicmf,2025-05-01T01:30:56Z,"canção de ninar,música infantil","Crianças Inteligentes",0.928,0.49,2,-7.044,1,0.531,0.35,0,0.215,0.962,126.993,4
spotify:track:3GZD6HmiNUhxXYf8Gch723,"Lost","channel ORANGE","Frank Ocean",2012-07-10,234093,87,true,nicmf,2025-05-01T02:17:13Z,"","Red Zone Entertainment / IDJ",0.913,0.603,8,-4.892,1,0.226,0.0272,0.000503,0.167,0.497,123.061,4
spotify:track:5xdVqHtFS0eLuNp4Z8Wbpa,"Good For You","Revival (Deluxe)","Selena Gomez;A$AP Rocky",2015-10-09,221280,78,false,nicmf,2025-05-01T02:32:37Z,"rap","Selena Gomez PS",0.609,0.674,5,-6.484,0,0.0502,0.179,0,0.069,0.228,88.945,4
spotify:track:40sRwFjfrRnaTdYPJIg4CP,"Hometown","Blurryface","Twenty One Pilots",2015-05-15,234946,74,false,nicmf,2025-05-01T03:01:14Z,"","Fueled By Ramen",0.683,0.753,2,-5.564,0,0.0317,0.0577,0.00208,0.357,0.389,120.03,4
spotify:track:4fCFuTPTLIh59R71vNKOkQ,"Hometown","Watching The Sky","Sheppard",2018-06-08,187200,50,false,raphaelfr17,2025-05-01T03:02:12Z,"","Decca (UMO)",0.706,0.69,4,-6.722,1,0.046,0.266,0,0.218,0.807,115.035,4
spotify:track:1dGr1c8CrMLDpV6mPbImSI,"Lover","Lover","Taylor Swift",2019-08-23,221306,87,false,nicmf,2025-05-01T03:33:43Z,"","Taylor Swift",0.359,0.543,7,-7.582,1,0.0919,0.492,0.0000158,0.118,0.453,68.534,4
spotify:track:0QEHPwL7DmksroF5MulAoc,"Bang A Drum","Another Cinderella Story (Original Motion Picture Soundtrack)","Selena Gomez",2008-08-26,192866,40,false,nicmf,2025-05-02T12:04:17Z,"","Razor & Tie",0.732,0.972,7,-3.196,1,0.125,0.0631,0.000176,0.381,0.724,100.999,4
spotify:track:6xepovPqjvrkEw9Y5AMmTm,"Lambada - Original Version 1989","Lambada - Les originaux No. 1 de l'été (Original 1989)","Kaoma",1989-01-01,207466,77,false,nicmf,2025-05-02T12:12:30Z,"","Lambada",0.756,0.8,5,-5.158,1,0.0329,0.211,0.000724,0.0466,0.967,118.924,4
spotify:track:4k6ktr10Hczmh55NY3LfJy,"Holiday","Celebration (double disc version)","Madonna",2009-09-18,368280,7,false,nicmf,2025-05-02T12:14:41Z,"","Warner Records",0.853,0.796,11,-5.567,0,0.0399,0.0542,0.0018,0.151,0.946,115.626,4
spotify:track:5vfjUAhefN7IjHbTvVCT4Z,"Holiday","Holiday","Green Day",2005-03-30,233026,73,false,nicmf,2025-05-02T12:14:46Z,"punk,pop punk","Reprise",0.538,0.884,8,-3.251,1,0.031,0.000138,0,0.466,0.736,146.511,4
spotify:track:5428XgSLRJfpMRN3r6YXob,"Holiday","Confetti","Little Mix",2020-11-06,213600,55,false,nicmf,2025-05-02T12:14:53Z,"","RCA Records Label",0.691,0.68,5,-6.007,1,0.185,0.0875,0,0.0618,0.676,106.106,4
spotify:track:4EF6IyONolQy0bIQXm2EmX,"The Albatross","THE TORTURED POETS DEPARTMENT: THE ANTHOLOGY","Taylor Swift",2024-04-19,183878,69,false,nicmf,2025-05-02T13:20:21Z,"","Taylor Swift",0.352,0.479,2,-8.942,1,0.0583,0.655,0,0.0935,0.292,172.013,4
spotify:track:5MhsZlmKJG6X5kTHkdwC4B,"I'm an Albatraoz","I'm an Albatraoz","AronChupa;Little Sis Nora",2014-08-08,166848,77,true,raphaelfr17,2025-05-02T13:20:55Z,"electro swing,melbourne bounce","Aron Ekberg",0.883,0.817,0,-5.414,1,0.235,0.601,0.00449,0.11,0.595,128.078,4
spotify:track:37IToWWYUc9nuH3ijz4tqV,"Camouflage","Revival (Deluxe)","Selena Gomez",2015-10-09,249080,44,true,nicmf,2025-05-02T13:29:50Z,"","Selena Gomez PS",0.481,0.41,7,-7.164,1,0.0317,0.614,0,0.123,0.177,126.74,4
spotify:track:32yGPOxJAgWMMCpjZA0YmH,"Perereca Suicida","Mestre da Ousadia","MC Japa",2017-05-30,212064,39,false,nicmf,2025-05-02T13:32:25Z,"brega funk,funk","Mc Japa",0.863,0.695,6,-5.623,0,0.0817,0.255,0.00000473,0.0728,0.675,95.058,4
spotify:track:0fQ6MHfawydZoCykGWDj3O,"Casa Das Primas","Conceito do Luan","Mc Luan",2016-10-10,161542,48,true,nicmf,2025-05-02T13:32:43Z,"phonk brasileiro,phonk,funk de bh","Gufo Records",0.889,0.766,1,-5.387,1,0.56,0.635,0,0.229,0.857,130.259,4
spotify:track:61PSbDyD3azmcwCy81luKt,"Sapo Cururu","Galinha Pintadinha, Vol. 2","Galinha Pintadinha",2010-07-01,121786,56,false,nicmf,2025-05-02T13:33:29Z,"canção de ninar,música infantil","Tratore",0.658,0.591,2,-6.203,1,0.0403,0.459,0.0003,0.0538,0.911,91.06,4
spotify:track:3uT22GK4OuP2op103sGC4s,"O Sapo Não Lava o Pé","Galinha Pintadinha, Vol. 1","Galinha Pintadinha",2006-06-01,115746,64,false,nicmf,2025-05-02T13:33:35Z,"canção de ninar,música infantil","Bromélia [dist. Tratore]",0.916,0.492,11,-6.393,0,0.0972,0.886,0,0.294,0.879,101.031,4
spotify:track:7m2XXwQ27bHRUwwo37icdJ,"Arapongas Criminal, Pt. 2","Arapongas Criminal, Pt. 2","Mano Fler",2020-11-27,318591,17,true,nicmf,2025-05-02T13:36:33Z,"hip hop brasileiro,hip hop cristão,boom bap","Mano Fler",0.587,0.727,7,-6.855,1,0.25,0.23,0.00000557,0.615,0.366,141.875,4
spotify:track:2VxeLyX666F8uXCJ0dZF8B,"Shallow","A Star Is Born Soundtrack","Lady Gaga;Bradley Cooper",2018-10-05,215733,88,false,nicmf,2025-05-02T13:53:06Z,"art pop,pop","A Star is Born OST",0.577,0.385,7,-6.362,1,0.03,0.371,0,0.231,0.331,95.82,4
spotify:track:2PIWldP9oUhb9iqe3EJh1e,"Juntos","Juntos","Paula Fernandes;Luan Santana",2019-05-19,204000,44,false,raphaelfr17,2025-05-02T14:01:57Z,"sertanejo,sertanejo tradicional,sertanejo universitário,arrocha","Universal Music Ltda.",0.687,0.411,3,-8.619,1,0.0338,0.866,0,0.0967,0.184,101.851,4
spotify:track:3be9ACTxtcL6Zm4vJRUiPG,"blue","blue","yung kai",2024-08-02,214357,84,false,raphaelfr17,2025-05-02T14:02:23Z,"","BMG Rights Management (US) LLC",0.746,0.317,4,-11.982,1,0.0342,0.933,0.0186,0.121,0.585,97.49,3
spotify:track:003NOwks3Z1XDDt8cFbENd,"A Car, a Torch, a Death","Twenty One Pilots","Twenty One Pilots",2009-12-29,273786,58,false,nicmf,2025-05-02T14:18:49Z,"","Twenty One Pilots",0.618,0.732,5,-4.609,1,0.0723,0.147,0.00000945,0.0925,0.447,140.09,4
spotify:track:3w6f34fBUXOvuko0Ihq7he,"Commander In Chief","Commander In Chief","Demi Lovato",2020-10-14,194746,40,false,nicmf,2025-05-02T14:37:33Z,"","Island Records",0.496,0.502,0,-7.696,1,0.052,0.251,0,0.0935,0.144,78.042,4
spotify:track:4k6Uh1HXdhtusDW5y8Gbvy,"Bad Habit","Gemini Rights","Steve Lacy",2022-07-15,232114,90,true,nicmf,2025-05-02T14:38:58Z,"","L-M Records/RCA Records",0.686,0.494,1,-7.093,1,0.0355,0.613,0.000058,0.402,0.7,168.946,4
spotify:track:2KH16WveTQWT6KOG9Rg6e2,"Eye of the Tiger","Rocky IV","Survivor",1985,245640,81,false,nicmf,2025-05-02T14:46:36Z,"","Volcano/Legacy",0.817,0.599,0,-9.249,0,0.0328,0.132,0.000311,0.0873,0.548,108.873,4
spotify:track:0rXw5rWZpOdfeeCbMln8MU,"Peacock","Teenage Dream: The Complete Confection","Katy Perry",2012-03-12,231920,55,true,nicmf,2025-05-02T15:01:13Z,"pop","Capitol Records",0.825,0.757,0,-3.121,1,0.0428,0.0569,0,0.202,0.941,139.975,4
spotify:track:3pt4BDnaMo2vznoVSv7b2y,"Kissin U","Sparks Fly (Deluxe Version)","Miranda Cosgrove",2010,199693,56,false,nicmf,2025-05-02T15:03:26Z,"","Nickelodeon/Columbia",0.624,0.86,0,-3.129,0,0.043,0.0119,0,0.0598,0.521,110.018,4
spotify:track:029NqmIySn1kOY305AAhxT,"Sledgehammer","So (Remastered)","Peter Gabriel",1986-05-19,313533,70,false,nicmf,2025-05-02T15:11:54Z,"art rock","Real World Productions Ltd.",0.657,0.685,1,-5.203,1,0.0334,0.0246,0,0.037,0.424,96.458,4
spotify:track:3EdsfpdAlaQBMO0LgNOEhn,"Sledgehammer - From The Motion Picture ""Star Trek Beyond""","Sledgehammer (From The Motion Picture ""Star Trek Beyond"")","Rihanna",2016-06-27,211400,52,false,nicmf,2025-05-02T15:12:02Z,"","Roc Nation / Rihanna",0.387,0.822,10,-3.071,1,0.0918,0.489,0,0.284,0.475,130.825,4
spotify:track:1VVPehFnj7rLilwH8C9HHO,"Eu Me Remexo Muito","Eu Me Remexo Muito","DJ Arana;REI JULIAN",2025-02-11,116256,46,false,nicmf,2025-05-02T15:13:30Z,"funk,funk bruxaria","Love Funk",0.733,0.708,7,-4.821,0,0.178,0.073,0.00000133,0.211,0.708,129.967,4
spotify:track:6pAIZfkNBQh4RAiOliPo4t,"The Unforgiven - Remastered 2021","Metallica (Remastered Deluxe Box Set)","Metallica",2021-09-10,387160,63,false,nicmf,2025-05-02T15:16:46Z,"metal,thrash metal,rock,heavy metal,hard rock","Blackened Recordings / Universal Music",0.526,0.579,7,-9.489,1,0.0257,0.0179,0.00861,0.216,0.211,139.496,4
spotify:track:72KReh9TpK9uZI7uyxTf2y,"Fragile","Fragile","Prince Fox;Hailee Steinfeld",2016-05-06,216533,39,false,nicmf,2025-05-02T15:19:28Z,"","Casablanca new/Republic Records",0.42,0.755,0,-5.462,0,0.115,0.156,0,0.117,0.546,92.2,4
spotify:track:0HU5JnVaKNTWf6GykV9Zn8,"Circle of Life","The Lion King","Carmen Twillie;Lebo M.",1994-01-01,239146,69,false,raphaelfr17,2025-05-02T15:29:35Z,"","Walt Disney Records",0.402,0.391,10,-16.112,1,0.0405,0.0634,0,0.296,0.566,83.788,4
spotify:track:5pyoxDZ1PX0KxBxiRVxA4U,"BREAK MY SOUL","RENAISSANCE","Beyoncé",2022-07-29,278281,70,false,nicmf,2025-05-02T15:32:57Z,"","Parkwood Entertainment/Columbia",0.693,0.887,1,-5.039,0,0.0795,0.0581,0.00000271,0.27,0.864,114.942,4
spotify:track:1mxaufUe16G9wOoG9ptUqr,"Garden","Dua Lipa (Deluxe)","Dua Lipa",2017-06-02,227946,47,false,nicmf,2025-05-02T15:44:01Z,"pop","Warner Records",0.46,0.828,10,-4.005,0,0.148,0.00475,0,0.141,0.419,151.548,4
spotify:track:4bAFo6r2ODMDoqM5YHV2gM,"I Like To Move It","Madagascar: Escape 2 Africa (Music From The Motion Picture)","will.i.am",2008-11-04,221466,80,false,nicmf,2025-05-02T15:44:47Z,"","Interscope",0.842,0.791,7,-5.277,0,0.0437,0.428,0,0.0989,0.95,126.962,4
spotify:track:7DY756WOLyOz2Xnhw4EFiC,"São Paulo (feat. Anitta)","Hurry Up Tomorrow","The Weeknd;Anitta",2025-01-31,301623,87,true,nicmf,2025-05-02T15:55:36Z,"pop nacional,funk pop,funk,funk carioca","XO / Republic Records",0.538,0.658,5,-7.273,0,0.076,0.0385,0.000146,0.573,0.553,127.322,4
spotify:track:2ynFHEs826lmtQYtUizmX3,"Bud Like You","The Click","AJR",2017-06-30,230918,38,false,raphaelfr17,2025-05-02T17:13:38Z,"","Black Butter",0.619,0.595,2,-3.634,1,0.0472,0.0697,0,0.637,0.695,124.981,4
spotify:track:1mXuMM6zjPgjL4asbBsgnt,"Firework","Teenage Dream","Katy Perry",2010-08-24,227893,75,false,raphaelfr17,2025-05-02T17:13:48Z,"pop","Capitol Records",0.638,0.831,8,-5.039,1,0.049,0.142,0,0.113,0.649,124.071,4
spotify:track:7KM7AeGDIWKxrMN7E4ljRA,"Shine","Communion (Deluxe)","Olly Alexander (Years & Years)",2015-07-10,255506,61,false,nicmf,2025-05-02T17:13:53Z,"","Polydor Records",0.667,0.716,1,-5.21,0,0.0349,0.189,0,0.104,0.493,108.002,4
spotify:track:3Y1JP1ulhlpgCqRzMQhVJr,"Shine On","All the Lost Souls","James Blunt",2007-09-05,266533,48,false,nicmf,2025-05-02T17:13:59Z,"","Custard/Atlantic",0.356,0.355,7,-9.877,1,0.0455,0.371,0.0000795,0.0814,0.189,179.073,4
spotify:track:5GUERyJBNRbdXbMtpez4L9,"The Night Begins To Shine","Teen Titans Go! (Songs From The Night Begins To Shine Special)","CeeLo Green;Teen Titans Go!",2017-07-28,219720,53,false,raphaelfr17,2025-05-02T17:14:02Z,"","WaterTower Music",0.7,0.736,4,-5.34,0,0.0355,0.00204,0.0255,0.0875,0.802,129.958,4
spotify:track:2p8IUWQDrpjuFltbdgLOag,"After Hours","After Hours","The Weeknd",2020-03-20,361026,87,false,nicmf,2025-05-02T18:07:05Z,"","Republic Records",0.658,0.572,5,-6.099,0,0.0308,0.0811,0.0061,0.121,0.144,108.968,4
spotify:track:3VhhZte8PZti6prvx50Pjr,"Talk","I Said I Love You First... And You Said It Back","Selena Gomez;benny blanco",2025-05-02,134085,20,false,nicmf,2025-05-02T18:07:55Z,"","SMG Music LLC & Friends Keep Secrets under exclusive license to Interscope Records",0.799,0.851,1,-4.029,1,0.0561,0.00269,0.302,0.251,0.64,126.074,4
spotify:track:78M6xJBjU3Kyl9rfScnkgc,"Hipnose","Manu","Manu Gavassi",2017-04-21,166006,30,false,nicmf,2025-05-02T18:11:27Z,"pop nacional,nova mpb","Universal Music Ltda.",0.727,0.781,11,-4.525,0,0.0745,0.146,0.0000199,0.1,0.59,94.984,4
spotify:track:1R0a2iXumgCiFb7HEZ7gUE,"Don’t Blame Me","reputation","Taylor Swift",2017-11-10,236413,84,false,raphaelfr17,2025-05-02T18:17:38Z,"","Taylor Swift",0.615,0.534,9,-6.719,0,0.0386,0.106,0.0000176,0.0607,0.193,135.917,4
spotify:track:4svZDCRz4cJoneBpjpx8DJ,"I Did Something Bad","reputation","Taylor Swift",2017-11-10,238253,76,false,nicmf,2025-05-02T18:24:22Z,"","Taylor Swift",0.696,0.602,0,-6.156,0,0.159,0.0679,0.0000211,0.0696,0.305,82.989,4
spotify:track:18TFoAFWWnioLhmnyfRdLr,"Gentileza - 2004 Digital Remaster","Memórias, Crônicas e Declarações de Amor","Marisa Monte",2000-01-01,167266,57,false,nicmf,2025-05-02T18:39:30Z,"mpb,nova mpb","Phonomotor",0.659,0.47,0,-7.808,1,0.0272,0.611,0.0092,0.102,0.579,145.988,4
spotify:track:5Fgs5BpJufdxh4qPmcnChV,"Breathing Underwater - Ether Remix","Starting Over (Deluxe Edition)","Hollywood Principle;Ether",2017-11-12,277750,48,false,raphaelfr17,2025-05-02T19:02:19Z,"chillstep,drumstep,melodic bass,future bass","Hollywood Principle",0.463,0.508,6,-9.249,0,0.0468,0.087,0.0000913,0.482,0.282,139.913,4
spotify:track:4OafepJy2teCjYJbvFE60J,"breathin","Sweetener","Ariana Grande",2018-08-17,198160,77,true,nicmf,2025-05-02T19:02:50Z,"pop","Republic Records",0.568,0.656,8,-5.413,1,0.0433,0.0211,0.0000137,0.213,0.364,100.049,4
spotify:track:73W5aXorr5vxrySFcoZqIN,"Renegade","How Long Do You Think It's Gonna Last?","Big Red Machine;Taylor Swift",2021-08-27,254466,72,true,nicmf,2025-05-02T19:26:53Z,"","Jagjaguwar",0.53,0.712,0,-8.135,1,0.0461,0.44,0.0233,0.0931,0.577,167.964,4
spotify:track:1DTRUYVd8rYpla9hhVVwjo,"The Manuscript","THE TORTURED POETS DEPARTMENT: THE ANTHOLOGY","Taylor Swift",2024-04-19,224743,69,false,nicmf,2025-05-02T19:28:43Z,"","Taylor Swift",0.509,0.256,0,-11.665,1,0.0306,0.901,0.00000243,0.103,0.436,94.184,4
spotify:track:7yBbV2k2S2uhaQc24NF2xt,"Stupid Love","Chromatica","Lady Gaga",2020-05-29,193533,68,false,nicmf,2025-05-03T00:08:44Z,"art pop,pop","Interscope",0.68,0.825,8,-4.296,1,0.0702,0.00173,0.000122,0.27,0.784,117.987,4
spotify:track:0iQ77tSa7ncj7zBPtVx6cU,"One Foot","What If Nothing","WALK THE MOON",2017-11-10,261371,62,false,nicmf,2025-05-03T01:24:48Z,"","RCA Records Label",0.582,0.822,0,-4.861,1,0.0365,0.00749,0.00000209,0.818,0.471,100.025,4
spotify:track:08CcGMDeP00EgxA3SMHqSP,"Stop & Erase","Kiss & Tell","Selena Gomez & The Scene",2009-01-01,172640,38,false,nicmf,2025-05-03T01:32:42Z,"","Hollywood Records",0.53,0.917,9,-3.59,1,0.142,0.00965,0,0.0751,0.668,161.942,4
spotify:track:6hQ6RpI0o01A0H67iZeqqC,"Extra-Introverted","Extra-Introverted","The Astronomers",2024-01-26,193404,0,false,raphaelfr17,2025-05-03T15:12:24Z,"","The Astronomers",0.735,0.519,7,-10.443,1,0.281,0.308,0.00000103,0.0967,0.685,89.99,4
spotify:track:1OdvKyTexzm8ZEmdCxhGsX,"Call Me When You Break Up (with Gracie Abrams)","I Said I Love You First","Selena Gomez;benny blanco;Gracie Abrams",2025-03-19,126831,66,false,nicmf,2025-05-08T01:22:54Z,"","SMG Music LLC & Friends Keep Secrets under exclusive license to Interscope Records",0.793,0.701,0,-5.028,1,0.158,0.366,0.000122,0.0537,0.891,148.004,4
spotify:track:5DBQcz2oHj8T50xV82Ktn8,"Suspiros","Manu Gavassi (Deluxe Version)","Manu Gavassi",2012-05-28,161240,15,false,nicmf,2025-05-08T01:42:12Z,"pop nacional,nova mpb","Midas Music",0.759,0.508,11,-5.548,1,0.0361,0.396,0.00126,0.113,0.782,132.016,4
spotify:track:0TrtQY1GaxehOsttX2x3gF,"Normal People (feat. rei brown)","Nectar","Joji;rei brown",2020-09-24,166883,57,false,nicmf,2025-05-08T01:57:47Z,"","88rising Music",0.685,0.679,10,-9.437,1,0.0479,0.388,0.744,0.0989,0.651,173.085,4
spotify:track:0M3bFM31Q3jSMxXBbrwSdF,"Overture","The Click","AJR",2017-06-30,214406,39,false,raphaelfr17,2025-05-08T01:58:33Z,"","Black Butter",0.381,0.65,7,-4.266,1,0.038,0.132,0.00000119,0.0369,0.312,132.205,4
spotify:track:74IgSPXYXx7v95NpCzGgsW,"Share Your Address","Sing To Me Instead","Ben Platt",2019-03-29,182466,51,false,nicmf,2025-05-08T02:23:05Z,"musicais","Atlantic Records",0.582,0.829,11,-5.054,1,0.0741,0.209,0,0.0828,0.714,127.937,4
spotify:track:3nsfB1vus2qaloUdcBZvDu,"All Too Well (Taylor's Version)","Red (Taylor's Version)","Taylor Swift",2021-11-12,329160,78,false,raphaelfr17,2025-05-08T02:24:26Z,"","Taylor Swift",0.44,0.528,0,-7.809,1,0.0317,0.0171,0.00203,0.234,0.132,185.972,4
spotify:track:09x9v1o51dbqi5H0u7UGfp,"I Will - Remastered 2009","The Beatles (Remastered)","The Beatles",1968-11-22,105933,72,false,nicmf,2025-05-08T02:25:40Z,"rock clássico,rock psicodélico","EMI Catalogue",0.631,0.387,5,-11.529,1,0.0262,0.742,0.000406,0.0822,0.832,103.11,4
spotify:track:0gZXockVcE7rEhSf4mcGLO,"Guitar Man","Guitar Man","Bread",1972,226213,72,false,nicmf,2025-05-08T02:26:57Z,"soft rock,yacht rock","Elektra Asylum",0.553,0.506,4,-13.271,0,0.046,0.144,0.00000378,0.438,0.51,143.278,4
spotify:track:7nnWIPM5hwE3DaUBkvOIpy,"Drive","Make Yourself","Incubus",1999-10-26,232453,85,false,nicmf,2025-05-08T02:28:41Z,"nu metal,funk rock,metal alternativo,rock alternativo","Epic/Immortal",0.645,0.792,4,-7.34,0,0.036,0.0562,0.0121,0.119,0.666,90.565,4
spotify:track:2NcQic8JxdjAlAHuNbOIRE,"Keep Driving","Harry's House","Harry Styles",2022-05-20,140241,75,false,raphaelfr17,2025-05-08T02:29:20Z,"","Columbia",0.721,0.479,9,-9.669,1,0.226,0.321,0.00156,0.182,0.902,164.948,3
spotify:track:6yf3MxEOScNBTYCHOAIiNQ,"Instruction (feat. Demi Lovato & Stefflon Don)","Instruction (feat. Demi Lovato & Stefflon Don)","Jax Jones;Demi Lovato;Stefflon Don",2017-06-16,165466,56,true,nicmf,2025-05-08T02:33:08Z,"dancehall","Polydor Records",0.767,0.929,9,-3.08,0,0.185,0.102,0,0.0921,0.923,121.082,4
spotify:track:0I1WEMYSU0dfENElriMamz,"23:42","Little House","Rachel Chinouriri",2025-04-04,181785,0,false,nicmf,2025-05-08T02:45:57Z,"","Parlophone UK",0.589,0.814,6,-5.676,1,0.0623,0.332,0.000519,0.132,0.769,133.953,4
spotify:track:6a3tkCh4IRkloHPVYxwtZ0,"Brown Eyes","The Fame","Lady Gaga",2008-01-01,243000,46,false,nicmf,2025-05-08T02:49:56Z,"art pop,pop","Streamline/Interscope",0.747,0.508,10,-4.764,1,0.0313,0.131,0.00000618,0.0842,0.595,125.073,4
spotify:track:6owKuyHxUqidcAA6fPKSyy,"We Can't Stop","Cover Sessions, Vol. 3","Boyce Avenue;Bea Miller",2015-04-28,222146,64,false,nicmf,2025-05-08T04:08:31Z,"pop acústico","3 Peace Records",0.705,0.347,2,-8.249,1,0.0301,0.674,0,0.12,0.36,80.057,4
spotify:track:1EQFOouqdKYdpbNoOHRVO2,"abcdefu (angrier)","abcdefu (angrier)","GAYLE",2021-09-24,159836,58,true,raphaelfr17,2025-05-08T04:09:11Z,"","Atlantic Records/Arthouse Records",0.671,0.599,4,-6.18,1,0.0405,0.0658,0,0.101,0.448,121.849,3
spotify:track:1NpD7cQH8hGMZrufOQQ0Xk,"Chora, Me Liga - Ao Vivo","Curtição (Ao Vivo)","João Bosco & Vinícius",2008-07-14,181146,69,false,nicmf,2025-05-08T04:12:43Z,"sertanejo,sertanejo universitário,agronejo,arrocha,sertanejo tradicional","Sony BMG Music Entertainment",0.682,0.905,0,-3.825,1,0.112,0.257,0,0.831,0.636,98.102,4
spotify:track:4G7LYlnVgPWVmjXERE8NnB,"Bad Dream","Bad Dream","Wallows",2024-04-26,210904,46,false,nicmf,2025-05-08T04:15:14Z,"indie","Atlantic Records",0.485,0.879,7,-5.028,1,0.0299,0.101,0,0.139,0.9,176.145,4
spotify:track:13xxBnXOuiBxVxJI458B0i,"Unfaithful","A Girl Like Me","Rihanna",2006-04-10,226973,76,false,nicmf,2025-05-08T04:16:30Z,"","Def Jam Recordings",0.588,0.391,0,-8.607,0,0.0334,0.839,0,0.227,0.349,144.069,4
spotify:track:3QM2hhOJCvw7BquWa0n14Q,"Big Idea","Living Room","AJR",2015-03-03,200573,0,false,raphaelfr17,2025-05-08T04:16:37Z,"","AJR Productions/Warner Records",0.598,0.865,0,-3.953,0,0.113,0.0129,0.00000516,0.0915,0.59,117.913,4
spotify:track:5fztgDIt1Nq32VHJrAHq0Y,"Big Yellow Taxi","Hard Candy","Counting Crows;Vanessa Carlton",2002-01-01,226826,68,false,nicmf,2025-05-08T04:16:52Z,"","Geffen",0.674,0.867,1,-4.329,1,0.0462,0.00199,0,0.206,0.821,88.04,4
spotify:track:4e0Ucc0BKHNHRefqVMz7ck,"Da Vinci Riot Police","Wanted on Voyage (Expanded Edition)","George Ezra",2014-06-30,221973,39,false,raphaelfr17,2025-05-08T04:18:14Z,"","Columbia",0.634,0.763,9,-5.398,1,0.0326,0.00195,0,0.359,0.434,98.996,4
spotify:track:0dEQaNYfp5G7Sflek2Qnde,"Don't Tell Me","Under My Skin","Avril Lavigne",2004,202013,65,true,nicmf,2025-05-08T04:18:15Z,"","Arista",0.523,0.795,4,-2.92,1,0.0386,0.00462,0,0.358,0.484,144.106,4
spotify:track:5KD6AEm19QnMbfWpfoOHMl,"Now That We Don't Talk (Taylor's Version) (From The Vault)","1989 (Taylor's Version)","Taylor Swift",2023-10-26,146436,73,false,nicmf,2025-05-10T01:32:17Z,"","Taylor Swift",0.8,0.509,0,-9.386,1,0.034,0.16,0.0000305,0.0834,0.0768,109.994,4
spotify:track:4qO03RMQm88DdpTJcxlglY,"Call Me","Atomic/Atomix","Blondie",1999-01-01,212600,73,false,nicmf,2025-05-10T01:38:24Z,"","Parlophone Catalogue",0.56,0.824,2,-6.711,0,0.0348,0.000785,0.00246,0.0892,0.74,142.667,4
spotify:track:2Y0wPrPQBrGhoLn14xRYCG,"Come & Go (with Marshmello)","Legends Never Die","Juice WRLD;Marshmello",2020-07-10,205484,80,true,raphaelfr17,2025-05-10T01:42:43Z,"rap melódico,rap emo,edm","Grade A Productions/Interscope Records",0.625,0.814,0,-5.181,1,0.0657,0.0172,0,0.158,0.535,144.991,4
spotify:track:3s4U7OHV7gnj42VV72eSZ6,"Rather Be (feat. Jess Glynne)","Rather Be (feat. Jess Glynne)","Clean Bandit;Jess Glynne",2014-01-17,227833,79,false,nicmf,2025-05-10T02:51:14Z,"","Atlantic Records",0.799,0.586,11,-6.735,1,0.0377,0.162,0.00000203,0.193,0.549,120.97,4
spotify:track:5V03tsbEzYG0PmRrh3K4rF,"Rockland","This Is What It Feels Like","Gracie Abrams",2021-11-12,217368,63,false,nicmf,2025-05-10T03:10:28Z,"","Gracie Abrams, under exclusive license to Interscope Records",0.568,0.402,5,-11.344,1,0.0448,0.787,0.000188,0.103,0.397,125.743,4
spotify:track:41HyMiZSBLGlfopnDE7Ppc,"Baby Baby","Get A Good Look","Sports",2022-02-11,182601,70,false,nicmf,2025-05-10T03:14:30Z,"","Sports",0.762,0.672,11,-5.358,1,0.0346,0.111,0.807,0.0461,0.841,76.496,4
spotify:track:54ZydtdUOVRV78drWmJeII,"Together","Under My Skin","Avril Lavigne",2004,194626,53,false,nicmf,2025-05-10T03:20:30Z,"","Arista",0.435,0.861,7,-2.91,0,0.035,0.000346,0.0857,0.228,0.301,82.386,4
spotify:track:1JO1xLtVc8mWhIoE3YaCL0,"Happy Together","Happy Together","The Turtles",1967,176293,81,false,raphaelfr17,2025-05-10T03:20:56Z,"","Flo & Eddie, Inc.",0.584,0.367,6,-9.638,0,0.0328,0.55,0.0000138,0.0818,0.588,120.175,4
spotify:track:6Pa6VpdGS8OfiVOEnNAHHw,"Eduardo E Mônica","Dois","Legião Urbana",1986-01-01,271440,73,false,nicmf,2025-05-10T03:28:46Z,"rock brasileiro,mpb,pop nacional","EMI Brazil",0.671,0.443,9,-12.776,1,0.0389,0.485,0.000283,0.112,0.589,79.275,4
spotify:track:1ia019RqDK2o4QiANR1Dyn,"Moment 4 Life","Pink Friday","Nicki Minaj;Drake",2010-01-01,279306,77,true,nicmf,2025-05-10T03:30:07Z,"rap","Nicki Minaj/Cash Money",0.475,0.882,11,-3.883,1,0.351,0.406,0,0.241,0.369,98.001,4
spotify:track:5uraJqtCBvLpwt3VeomZdq,"Shinzo wo Sasageyo !","Shingeki no Kiseki","Linked Horizon",2017-05-17,341413,72,false,raphaelfr17,2025-05-10T03:30:45Z,"anime","PONY CANYON INC.",0.44,0.983,0,-4.36,1,0.0868,0.22,0,0.26,0.203,159.968,4
spotify:track:0hDQV9X1Da5JrwhK8gu86p,"Maps","Fever To Tell (Deluxe Remastered)","Yeah Yeah Yeahs",2003-04-29,219986,73,false,nicmf,2025-05-10T03:37:16Z,"indie rock","Yeah Yeah Yeahs - Fever to Tell PS",0.502,0.941,7,-5.194,1,0.0716,0.000346,0.319,0.553,0.124,119.783,4
spotify:track:4hhc1rMxhTFbTRf9gCFgyR,"Chlorine (Mexico City)","Chlorine (Mexico City)","Twenty One Pilots",2019-06-21,238866,49,false,nicmf,2025-05-10T03:59:07Z,"","Fueled By Ramen",0.773,0.188,8,-12.383,0,0.0624,0.709,0.00000155,0.103,0.288,79.042,4
spotify:track:0OlnLZY4cmQzT6ZGttvWBM,"So Far Away (feat. Jamie Scott & Romy Dya)","So Far Away (feat. Jamie Scott & Romy Dya)","Martin Garrix;David Guetta;Jamie Scott;Romy Dya",2017-12-01,183636,67,false,nicmf,2025-05-10T04:03:57Z,"edm,house progressivo,eletrônica","Epic Amsterdam",0.526,0.52,6,-7.985,0,0.0569,0.435,0,0.197,0.13,149.119,4
spotify:track:2NeEBTGoyyAdQ4BDOuN6aN,"Chance Pro Azar","Nos Arcos da Lapa","Péricles",2013-11-18,196453,29,false,nicmf,2025-05-10T13:38:52Z,"pagode,samba","Inovashow",0.563,0.691,0,-6.157,1,0.0504,0.442,0,0.658,0.754,76.361,4
spotify:track:5XHf9PBxxHmJFuiDkGNIOA,"Wish You Were Here","Goodbye Lullaby (Expanded Edition)","Avril Lavigne",2011-03-08,225760,73,true,nicmf,2025-05-12T01:58:50Z,"","Epic",0.454,0.865,4,-3.841,1,0.0561,0.0323,0,0.186,0.34,166.018,4
spotify:track:6mFkJmJqdDVQ1REhVfGgd1,"Wish You Were Here","Wish You Were Here","Pink Floyd",1975-09-12,338466,87,false,nicmf,2025-05-12T01:58:57Z,"rock progressivo,rock psicodélico,rock clássico,art rock,rock","Pink Floyd Records",0.481,0.262,7,-15.73,1,0.0414,0.735,0.0114,0.832,0.375,122.861,4
spotify:track:2J051fjLklkoPbzOoTAACZ,"Sally, When The Wine Runs Out","Kansas Anymore (The Longest Goodbye)","ROLE MODEL",2025-02-14,218660,83,true,nicmf,2025-05-12T02:34:27Z,"","Interscope Records",0.678,0.814,1,-6.065,1,0.0294,0.015,0,0.104,0.857,119.974,4
spotify:track:13J4KuQoJaf0ubp9gzPuFo,"Inconsolable","Unbreakable","Backstreet Boys",2007-10-24,216653,62,false,nicmf,2025-05-14T05:10:26Z,"","Jive",0.4,0.754,7,-3.899,1,0.0348,0.0186,0,0.316,0.231,160.031,4
spotify:track:09LrGvT9KsACH66RHYMDyR,"Don’t Smile","Short n' Sweet","Sabrina Carpenter",2024-08-23,206295,80,false,nicmf,2025-05-14T13:54:42Z,"pop","Island Records",0.628,0.453,1,-10.141,1,0.0271,0.448,0.000538,0.165,0.328,89.969,4
spotify:track:4bZd0nRuX8HyjeXAUBczvm,"I Cry","Wild Ones","Flo Rida",2012-06-22,223800,79,false,nicmf,2025-05-14T13:54:53Z,"","Poe Boy/Atlantic",0.693,0.822,4,-5.441,0,0.0439,0.00616,0.00000179,0.315,0.763,126.035,4
spotify:track:2SkLXwEqAH7WZ5MKNPuyB1,"Última Vez","Última Vez","Hungria",2024-05-03,254117,1,true,nicmf,2025-05-14T13:55:02Z,"hip hop brasileiro","Hungria Hip Hop",0.658,0.571,4,-6.585,0,0.0428,0.707,0,0.0665,0.6,136.126,4
spotify:track:27cXevtj5VflsCUAZwr9eI,"Music","Celebration (double disc version)","Madonna",2009-09-18,225813,1,false,nicmf,2025-05-14T13:58:05Z,"","Warner Records",0.738,0.852,7,-6.13,1,0.0768,0.00153,0.0892,0.178,0.834,119.735,4
spotify:track:7qjWYlQwqMwgxJb2PbFXhU,"Music Feels Better - Bonus Track","Stars Dance (Bonus Track Version)","Selena Gomez",2013-01-01,190106,39,false,raphaelfr17,2025-05-14T14:09:28Z,"","Hollywood Records",0.597,0.658,3,-4.909,1,0.0701,0.0712,0,0.255,0.536,127.072,4
spotify:track:0A1JLUlkZkp2EFrosoNQi0,"Labyrinth","Midnights","Taylor Swift",2022-10-21,247962,75,false,nicmf,2025-05-27T01:24:57Z,"","Taylor Swift",0.48,0.295,0,-15.512,1,0.0384,0.797,0.333,0.12,0.132,110.018,4
spotify:track:5INKIG4QNuD4xq7qZcfPzp,"Bandito","Trench","Twenty One Pilots",2018-10-05,330986,66,false,nicmf,2025-05-29T02:40:28Z,"","Fueled By Ramen",0.661,0.52,11,-8.367,0,0.028,0.256,0.0246,0.105,0.427,127.089,4
spotify:track:4BxzNZpcm1j3JczZzGNe2k,"Bandoleros","The Fast And The Furious: Tokyo Drift (Original Motion Picture Soundtrack)","Don Omar;Tego Calderón",2006-06-20,305280,75,false,raphaelfr17,2025-05-29T02:59:31Z,"reggaeton,urbano latino,hip hop latino","Universal (MT)",0.662,0.896,5,-5.311,0,0.251,0.318,0,0.186,0.79,90.622,4
spotify:track:4i7r96g8VprgX43fgUflli,"Kid cavaquinho","Maria Alcina","Maria Alcina",1974,211613,23,false,nicmf,2025-05-29T02:59:35Z,"","WM Brazil",0.633,0.521,9,-9.533,1,0.204,0.389,0,0.0766,0.682,127.305,4
spotify:track:4BYejINgfZF0qKDMEH2cim,"Picture To Burn","Taylor Swift (Deluxe Edition)","Taylor Swift",2006-10-24,173066,62,false,nicmf,2025-05-31T13:13:54Z,"","Taylor Swift",0.658,0.877,7,-2.098,1,0.0323,0.173,0,0.0962,0.821,105.586,4
spotify:track:0BEcMX7OjzOLvgEqQBcUba,"Tailor Made","Coco","Colbie Caillat",2007-01-01,268760,32,false,nicmf,2025-05-31T13:25:19Z,"","Universal Records",0.69,0.831,11,-4.542,0,0.0264,0.00669,0,0.47,0.757,123.045,4
spotify:track:1PQRwFvNM7xV65bIkHmDtx,"Partilhar","Partilhar","Rubel;ANAVITÓRIA",2019-11-11,262552,1,false,nicmf,2025-06-01T01:59:32Z,"mpb,nova mpb,pop nacional","Dorileo",0.617,0.533,7,-6.386,1,0.0395,0.47,0,0.114,0.589,123.959,4
spotify:track:0Qh38w01QRXK6KHIv0e3hb,"What About Us","Beautiful Trauma","P!nk",2017-10-13,269595,82,false,raphaelfr17,2025-06-01T02:54:08Z,"","RCA Records Label",0.491,0.588,1,-6.177,1,0.0506,0.0281,0.00000201,0.0906,0.193,113.608,4
spotify:track:0UQAkAVNk3tubJYlOHyG3q,"All About Us","My Forever","He Is We;Owl City",2010-01-01,206173,52,false,nicmf,2025-06-01T02:54:42Z,"","Motown",0.44,0.547,4,-5.26,1,0.027,0.168,0,0.117,0.365,172.227,4
spotify:track:3MGJF1CDFGfjXESL2Heva0,"F**kin' Perfect","Greatest Hits...So Far!!!","P!nk",2010-11-12,213413,68,true,raphaelfr17,2025-06-01T02:54:47Z,"","LaFace Records",0.565,0.646,7,-4.749,1,0.0335,0.0412,0,0.362,0.481,91.973,4
spotify:track:77KMqmYgnKSDkGvj7qdhaZ,"She's Casual","100","The Hunna",2016-08-26,183760,62,false,nicmf,2025-06-01T03:04:48Z,"","LMW Records under exclusive license to Believe",0.435,0.588,2,-6.968,1,0.0572,0.0127,0,0.101,0.101,129.962,4
spotify:track:0jWgAnTrNZmOGmqgvHhZEm,"What's Up?","Bigger, Better, Faster, More !","4 Non Blondes",1992-01-01,295533,90,false,nicmf,2025-06-01T03:23:32Z,"","Interscope",0.565,0.564,2,-10.044,1,0.0292,0.161,0,0.114,0.454,134.358,4
spotify:track:5GQPBzoRBDxcAjwSSluQXD,"Pretty Little Baby","Connie Francis Sings Second Hand Love & Other Hits","Connie Francis",1962-04-10,142520,74,false,raphaelfr17,2025-06-01T03:42:32Z,"schlager","Universal Records",0.783,0.396,8,-8.792,1,0.035,0.734,0.0000033,0.264,0.627,121.397,4
spotify:track:1PZhJNvdDjpsjZWrkfgff4,"Oh No Darling!","Oh No Darling!","Sarah Kinsley",2023-04-14,203876,53,false,nicmf,2025-06-01T05:08:39Z,"","Sarah Kinsley Verve Forecast",0.471,0.773,9,-6.862,1,0.0478,0.142,0.289,0.224,0.527,166.945,4
spotify:track:1qskwaEEWMBqkeHINOSTtc,"Louis Vuitton","Louis Vuitton","Mc Davi;MC GP;DJ Kaio Mix",2023-03-17,198750,42,true,nicmf,2025-06-03T02:28:33Z,"funk,funk consciente,trap funk","GR6 Music",0.76,0.526,9,-6.281,0,0.096,0.212,0,0.128,0.293,128.051,4
spotify:track:59NraMJsLaMCVtwXTSia8i,"Prada","Prada","cassö;RAYE;D-Block Europe",2023-08-11,132359,83,true,nicmf,2025-06-03T02:29:07Z,"hyper techno,grime,drill reino unido","Ministry of Sound Recordings",0.638,0.717,8,-5.804,1,0.0375,0.001,0.00000179,0.113,0.422,141.904,4
spotify:track:4svaKoxMMP7ImmKrD5hfQu,"Victoria's Secret","Victoria’s Secret","Jax",2022-06-30,175934,64,true,raphaelfr17,2025-06-03T02:29:19Z,"","Atlantic Records",0.586,0.556,6,-7.639,1,0.0592,0.00655,0,0.0836,0.517,167.018,4
spotify:track:37BTh5g05cxBIRYMbw8g2T,"Rosanna","Toto IV","TOTO",1982-04-08,330943,79,false,nicmf,2025-06-03T04:21:41Z,"yacht rock,soft rock","Columbia",0.365,0.513,7,-13.034,0,0.0357,0.0208,0.000147,0.205,0.739,80.647,4
spotify:track:0NuWgxEp51CutD2pJoF4OM,"blind","our little angel - EP","ROLE MODEL",2020-10-21,153293,62,false,nicmf,2025-06-03T04:37:43Z,"","Interscope Records",0.765,0.663,0,-5.223,1,0.0652,0.141,0.000297,0.0924,0.686,150.091,4
spotify:track:3gBxsj1226b38ZxdvsTyd1,"Survivors","Revival (Deluxe)","Selena Gomez",2015-10-09,221853,43,false,nicmf,2025-06-03T04:40:40Z,"","Selena Gomez PS",0.684,0.867,10,-5.261,0,0.053,0.0207,0.00355,0.0733,0.245,109.971,4
spotify:track:34oB5r0lcN3fYWCs2uA1k5,"The Cure","The Cure","Lady Gaga",2017-04-16,211363,68,false,raphaelfr17,2025-06-03T04:47:28Z,"art pop,pop","Interscope",0.697,0.506,8,-4.863,1,0.0325,0.0792,0,0.0893,0.516,100.002,4
spotify:track:2EoOZnxNgtmZaD8uUmz2nD,"Black Hole Sun","Superunknown (Deluxe Edition)","Soundgarden",1994-03-09,318586,81,false,raphaelfr17,2025-06-03T04:48:40Z,"grunge,post-grunge,hard rock","Geffen",0.35,0.828,6,-5.373,1,0.041,0.000217,0.000161,0.0774,0.147,105.435,4
spotify:track:1CnPYaKxTVb4LWOtiGOm0m,"All Time Low","The Human Condition","Jon Bellion",2016-06-10,217603,70,true,raphaelfr17,2025-06-03T04:49:57Z,"","Capitol Records (CAP)",0.617,0.567,0,-4.188,1,0.0828,0.0584,0,0.0933,0.505,90.246,4
spotify:track:1OcUArRQYutRFrNhyZSN8Q,"Rumo à Vitória","Validation","YUNG LIXO",2022-12-16,207230,0,false,raphaelfr17,2025-06-03T04:51:07Z,"trap brasileiro","YungTrashRecords",0.765,0.86,2,-2.799,1,0.131,0.525,0.0000508,0.749,0.703,130.041,4
spotify:track:442j8VxaB60dWf9cBFuX5w,"Almost Is Never Enough","Yours Truly","Ariana Grande;Nathan Sykes",2013-01-01,327773,73,false,nicmf,2025-06-04T00:54:28Z,"pop","Universal Records",0.324,0.327,2,-7.494,1,0.0409,0.825,0,0.101,0.334,81.328,4
spotify:track:2ogKhhoMClkFXek7ZgxAhN,"Shameless","Romance","Camila Cabello",2019-12-06,219733,85,false,nicmf,2025-06-06T00:37:11Z,"","Syco Music/Epic",0.377,0.651,4,-5.437,0,0.0589,0.0197,0.0000531,0.174,0.0851,129.607,4
spotify:track:5hkjlU7sUcZb9wOYd1eRBE,"Eu Era","Acredite","Marcos & Belutti",2017-05-26,211173,73,false,nicmf,2025-06-06T03:10:45Z,"sertanejo,sertanejo universitário","Marcos & Belutti Produções Artísticas ltda. ME",0.545,0.657,2,-5.277,1,0.0353,0.352,0,0.109,0.697,132.337,4
spotify:track:55h7vJchibLdUkxdlX3fK7,"Treasure","Unorthodox Jukebox","Bruno Mars",2012-12-07,178560,87,true,nicmf,2025-06-06T03:52:28Z,"","Atlantic Records",0.874,0.692,5,-5.28,0,0.0431,0.0412,0.0000724,0.324,0.937,116.017,4
spotify:track:6T0sEnqjmHISIKwFETeeiP,"Suburban Legends (Taylor's Version) (From The Vault)","1989 (Taylor's Version)","Taylor Swift",2023-10-26,171818,65,false,raphaelfr17,2025-06-06T03:52:50Z,"","Taylor Swift",0.695,0.607,0,-8.84,1,0.0357,0.212,0,0.102,0.394,118.043,4
spotify:track:7G2KkFVGcvUkEXqLJuNwdI,"paranoia/deja vu","paranoia/deja vu","VÉRITÉ",2023-10-27,231032,30,true,nicmf,2025-06-06T05:24:17Z,"","VÉRITÉ, Distributed by Venice Music",0.565,0.384,9,-8.586,1,0.0325,0.296,0.217,0.0943,0.283,98.714,4
spotify:track:0xD23i0X1WjqMSYIxRfO80,"Unfair","#000000 & #FFFFFF (No DJ Version)","The Neighbourhood",2014-11-28,146866,68,false,nicmf,2025-06-07T02:34:03Z,"","Columbia",0.477,0.572,8,-7.328,1,0.0319,0.00708,0.784,0.144,0.0414,194.033,4
spotify:track:2laLtOeiQv9HwgPefvEQXY,"Junção Venenosa","Passado & Presente","Mc Kevin;MC Hariel",2021-05-21,205714,1,true,nicmf,2025-06-07T03:30:23Z,"funk,funk consciente,trap funk","Revolução Record",0.681,0.465,0,-10.063,0,0.312,0.555,0,0.107,0.623,129.974,5
spotify:track:7zMUCLm1TN9o9JlLISztxO,"Burning Love","Elvis (Fool)","Elvis Presley",1973-07-16,171533,82,false,raphaelfr17,2025-06-07T03:52:41Z,"rockabilly,rock and roll","RCA/Legacy",0.66,0.748,2,-11.206,1,0.0284,0.0993,0.00585,0.283,0.972,143.549,4
spotify:track:2jdAk8ATWIL3dwT47XpRfu,"Slow Dancing in a Burning Room","Continuum","John Mayer",2006-09-11,241946,73,false,nicmf,2025-06-07T04:08:23Z,"cantor e compositor","Aware/Columbia",0.667,0.361,1,-8.69,0,0.0273,0.575,0.00506,0.0805,0.29,134.018,5
spotify:track:0Bo5fjMtTfCD8vHGebivqc,"Axel F","Crazy Frog presents Crazy Hits","Crazy Frog",2005-08-01,171739,77,false,nicmf,2025-06-07T04:11:48Z,"","Mach 1",0.842,0.927,2,-1.496,1,0.0439,0.288,0.653,0.0972,0.866,138.004,4
spotify:track:5Hk4Mpex0s2ndUpDQ5v2rU,"Walk Of Life - Remastered 1996","Brothers In Arms (Remastered 1996)","Dire Straits",1985-05-13,248893,84,false,nicmf,2025-06-07T04:28:06Z,"rock clássico","UMC (Universal Music Catalogue)",0.461,0.915,4,-8.524,1,0.0899,0.381,0.000359,0.13,0.777,172.348,4
spotify:track:1z5ebC9238uGoBgzYyvGpQ,"toxic till the end","rosie","ROSÉ",2024-12-06,156685,83,false,nicmf,2025-06-07T04:47:11Z,"k-pop","Atlantic Records",0.413,0.604,7,-5.628,1,0.0999,0.0498,0,0.114,0.296,167.232,4
spotify:track:5pMPNxZz50iup8cXchRHxm,"Cupid - Twin Version","The Beginning: Cupid","FIFTY FIFTY",2023-02-24,174253,72,false,raphaelfr17,2025-06-07T11:55:29Z,"k-pop","SME Korea Inc.",0.783,0.592,11,-8.332,0,0.0331,0.435,0.00000415,0.347,0.726,120.018,4
spotify:track:3XmvImic98fx2CEVCdWk5w,"Rotina Maluca","Rotina Maluca","MC Hariel;André Nine;Perera DJ",2024-12-05,150209,42,false,nicmf,2025-06-07T17:50:47Z,"funk,funk consciente,trap funk,trap brasileiro,hip hop brasileiro","WM Brazil",0.752,0.535,9,-7.036,0,0.267,0.486,0,0.108,0.785,90.04,4
spotify:track:0kjoJgSi8k6B7pUGyoS32e,"Let It Shine","Let It Shine (Original Soundtrack)","Coco Jones;Tyler James Williams",2012-06-12,173053,52,false,nicmf,2025-06-07T17:51:03Z,"","Walt Disney Records",0.35,0.952,5,-4.043,1,0.242,0.0022,0,0.386,0.529,182.916,4
spotify:track:6Uj1ctrBOjOas8xZXGqKk4,"Woman","Planet Her","Doja Cat",2021-06-25,172626,88,true,nicmf,2025-06-08T00:58:46Z,"","Kemosabe Records/RCA Records",0.824,0.764,5,-4.175,0,0.0854,0.0888,0.00294,0.117,0.881,107.998,4
spotify:track:4nqxb2Lc7iN7yRGCkZYB2T,"A Woman","PERSONA5 ORIGINAL SOUNDTRACK","アトラスサウンドチーム;ATLUS GAME MUSIC",2017-01-17,131226,51,false,raphaelfr17,2025-06-08T00:58:58Z,"vgm japonesa,trilha sonora","ATLUS",0.837,0.405,2,-12.986,1,0.0497,0.175,0.846,0.104,0.534,139.996,4
spotify:track:5rPnv4gceOGKCqbN06F2aJ,"No Woman, No Cry - Live At The Lyceum, London/1975","Legend - The Best Of Bob Marley And The Wailers","Bob Marley & The Wailers",2002-01-01,428360,65,false,nicmf,2025-06-08T00:58:59Z,"reggae,reggae raiz","UMC (Universal Music Catalogue)",0.64,0.658,1,-9.354,1,0.0596,0.278,0.0264,0.713,0.605,78.139,4
spotify:track:6ciLLh4TkPYDUfNxn2Z0KO,"Hit The Lights","When The Sun Goes Down","Selena Gomez & The Scene",2011-01-01,194426,64,false,nicmf,2025-06-08T01:16:26Z,"","Hollywood Records",0.56,0.88,7,-3.953,1,0.0567,0.115,0,0.299,0.573,129.97,4
spotify:track:23IebZSNZ8VzwUr4rJNGRG,"MEIO TERMO - Ao Vivo","LUAN CITY 2.0 (Ao Vivo)","Luan Santana",2023-11-09,175468,76,false,nicmf,2025-06-08T01:22:18Z,"sertanejo,sertanejo universitário,arrocha","Sony Music Entertainment",0.48,0.955,9,-4.771,1,0.178,0.123,0,0.393,0.337,164.126,4
spotify:track:34tDhqHhkxwDp4llQ5PxVj,"Karma's A Bitch","Karma's A Bitch","Brit Smith",2024-04-13,224860,51,true,nicmf,2025-06-08T02:09:21Z,"","broke",0.696,0.88,0,-3.529,1,0.0541,0.028,0.0000917,0.224,0.714,117.901,4
spotify:track:3Kuu5vASpXK8oRsxOvau6P,"Think About You","Think About You","Kygo;Valerie Broussard",2019-02-14,208566,56,false,raphaelfr17,2025-06-08T02:10:38Z,"tropical house","Kygo",0.673,0.596,10,-7.891,1,0.0354,0.166,0,0.11,0.19,123.969,4
spotify:track:5E30LdtzQTGqRvNd7l6kG5,"Daddy Issues","Wiped Out!","The Neighbourhood",2015-10-30,260163,89,false,nicmf,2025-06-08T02:10:44Z,"","Columbia",0.588,0.521,10,-9.461,1,0.0329,0.0678,0.149,0.123,0.337,85.012,4
spotify:track:7221xIgOnuakPdLqT0F3nP,"I Had Some Help (Feat. Morgan Wallen)","I Had Some Help","Post Malone;Morgan Wallen",2024-05-10,178205,83,true,nicmf,2025-06-08T03:05:17Z,"country","Mercury Records/Republic Records",0.638,0.855,7,-4.86,1,0.0264,0.00757,0,0.245,0.731,127.986,4
spotify:track:70e9zuv2pJc7ON1OUAJ1zl,"Sad Beautiful Tragic","Red (Deluxe Edition)","Taylor Swift",2012-10-22,284866,49,false,nicmf,2025-06-08T03:34:25Z,"","Taylor Swift",0.624,0.34,7,-12.411,1,0.029,0.632,0.0337,0.0805,0.261,129.987,3
spotify:track:2nWEi53A9CWG35Zj02Sy1M,"Mulher - Ao Vivo","3Fs (Ao Vivo)","Projota",2016-05-27,409426,49,false,nicmf,2025-06-08T03:35:48Z,"hip hop brasileiro,pop nacional","Universal Music Ltda.",0.506,0.885,5,-6.668,0,0.32,0.34,0,0.943,0.322,79.951,4
spotify:track:0Ujq6dOlBbkyGsqtRICWmC,"Dream Woman","Dream Woman","Suki Waterhouse",2025-02-19,248601,25,false,nicmf,2025-06-09T03:30:06Z,"","Sub Pop Records",0.338,0.529,2,-7.999,0,0.0311,0.127,0.00025,0.38,0.145,129.648,3
spotify:track:2OBe07lGUaVaNStu6ZHXFY,"Vacilão - Ao Vivo","Isso É Raffa Torres (Ao Vivo)","Raffa Torres",2022-05-05,174649,41,false,nicmf,2025-06-11T21:51:05Z,"sertanejo","Raffa Torres",0.533,0.768,9,-6.434,0,0.032,0.0809,0,0.714,0.593,100.098,4
spotify:track:2Eeur20xVqfUoM3Q7EFPFt,"the last great american dynasty","folklore","Taylor Swift",2020-07-24,230999,71,true,nicmf,2025-06-12T02:09:03Z,"","Taylor Swift",0.686,0.662,7,-8.505,1,0.0413,0.467,0.0023,0.109,0.706,147.922,4
spotify:track:7pu8AhGUxHZSCWTkQ2eb5M,"Bad Reputation","Bad Reputation (Expanded Edition)","Joan Jett & the Blackhearts",1981-01-23,169186,19,false,nicmf,2025-06-12T02:44:53Z,"rock","Legacy Recordings",0.378,0.974,6,-4.055,1,0.194,0.00192,0.0139,0.0588,0.824,203.715,4
spotify:track:58ZYHG6xGz1Lx25FsvVH1A,"Bad Reputation","Goodbye Lullaby (Expanded Edition)","Avril Lavigne",2011-03-08,162266,56,false,nicmf,2025-06-12T02:45:09Z,"","Epic",0.468,0.985,6,-3.026,1,0.0395,0.0000381,0.000528,0.167,0.927,103.017,3
spotify:track:03zWQa4ZQEMofug2Gmh6io,"Basic Being Basic","Basic Being Basic","Djo",2025-01-24,158109,62,false,nicmf,2025-06-12T03:02:19Z,"","Djo Music",0.857,0.576,6,-5.613,1,0.0527,0.0842,0.0000536,0.0817,0.949,122.015,4
spotify:track:1A2Ut8eNxoa3TSg7EFO9Sq,"Propaganda Enganosa - Ao Vivo","Propaganda Enganosa (Ao Vivo)","DENNIS;Naiara Azevedo",2022-05-19,130909,10,false,nicmf,2025-06-12T03:05:04Z,"funk,funk carioca,funk pop,sertanejo,sertanejo universitário","Sony Music Entertainment",0.791,0.611,3,-5.254,1,0.0956,0.381,0.00000509,0.139,0.664,132.154,4
spotify:track:1nNvIXCUmjcSp59qbwWktb,"Disaster - 2018","Disaster (2018)","Jojo",2018-12-20,218813,44,false,nicmf,2025-06-12T03:09:13Z,"","Clover Music",0.469,0.899,7,-3.847,1,0.0968,0.0119,0.0000082,0.117,0.527,79.553,4
spotify:track:6RNDeRnWsRMjPdNVgupZCs,"I Just Called To Say I Love You","At The Close Of A Century","Stevie Wonder",1999-11-23,262240,82,false,nicmf,2025-06-12T03:13:22Z,"motown,soul clássico,soul","UNI/MOTOWN",0.748,0.551,1,-9.054,1,0.0239,0.243,0.00000157,0.0943,0.65,113.535,4
spotify:track:3fi1xpGiyg5bRs64gJSak5,"Vicio","Revelación - EP","Selena Gomez",2021-03-12,160141,46,false,nicmf,2025-06-12T03:26:08Z,"","Selena Gomez Latin Project",0.696,0.573,6,-8.203,0,0.0603,0.41,0.000159,0.0893,0.285,92.955,4
spotify:track:6DzXaIgVIH7oLA1pkUtFaG,"The Contract","The Contract","Twenty One Pilots",2025-06-12,228000,64,false,nicmf,2025-06-12T16:30:33Z,"","Fueled By Ramen",0.422,0.887,7,-3.761,0,0.0891,0.0934,0,0.217,0.196,134.743,4
spotify:track:6mADjHs6FXdroPzEGW6KVJ,"bloody valentine","Tickets To My Downfall","mgk",2020-09-25,205158,74,true,nicmf,2025-06-13T01:47:27Z,"","Bad Boy/Interscope Records",0.533,0.858,2,-4.212,1,0.0766,0.00021,0,0.148,0.506,160.057,4
spotify:track:5iwz1NiezX7WWjnCgY5TH4,"Calma - Remix","Calma (Remix)","Pedro Capó;Farruko",2018-10-05,238200,78,false,raphaelfr17,2025-06-13T03:56:50Z,"pop latino,reggaeton,trap latino","Sony Music Latin",0.826,0.773,11,-4.218,0,0.0524,0.323,0,0.143,0.761,126.899,4
spotify:track:1PVv78GWjf9EMnUHjAUzLl,"That's More Like It","When The Sun Goes Down","Selena Gomez & The Scene",2011-01-01,188720,38,false,nicmf,2025-06-13T04:11:48Z,"","Hollywood Records",0.513,0.926,2,-2.905,1,0.25,0.0107,0.00000381,0.0499,0.403,163.012,4
spotify:track:6CLVh9sekZ1p2G8Tfhhj8h,"All That Matters","Journals","Justin Bieber",2014-05-13,191173,79,false,nicmf,2025-06-13T13:05:25Z,"","RBMG/Def Jam",0.698,0.509,1,-5.798,1,0.0503,0.00535,0,0.0703,0.143,129.865,4
spotify:track:4oRI9c4EmcKo9kbgVM8zWP,"Nem Tchum - Ao Vivo","Reflexo (Ao Vivo | Deluxe)","Maiara & Maraisa",2019-01-30,202474,59,false,nicmf,2025-06-13T14:54:16Z,"sertanejo,sertanejo universitário","Som Livre",0.481,0.502,5,-6.259,1,0.12,0.866,0,0.975,0.489,139.235,4
spotify:track:0ld5J2k0xDxd7S4ZLeaI5O,"The Bare Necessities","Mogli: O Menino Lobo (Trilha Sonora Original)","Dr. John;The Nite Trippers",2016-04-15,214840,10,false,nicmf,2025-06-14T02:13:41Z,"cajun,zydeco","Walt Disney Records",0.632,0.62,3,-10.875,1,0.109,0.425,0,0.0853,0.815,144.105,4
spotify:track:1huvTbEYtgltjQRXzrNKGi,"Don't","x (Deluxe Edition)","Ed Sheeran",2014-06-21,219840,75,false,nicmf,2025-06-14T03:05:38Z,"o lado suave do pop","Atlantic Records UK",0.806,0.608,1,-7.008,1,0.0659,0.0113,0,0.635,0.849,95.049,4
spotify:track:1LfsvLFQprosUmrEtGPHAe,"Don Dimadon","Don Dimadon","Remp;Oscar Maydon;Victor Mendivil;Sintapia",2024-03-14,184987,68,false,raphaelfr17,2025-06-14T03:05:50Z,"corridos eletro,dembow bélico,corrido,corridos tumbados,corridos bélicos,sierreño triste","2024 Rico o Muerto by Baja Sound LLC",0.858,0.811,2,-6.602,1,0.187,0.015,0.00031,0.134,0.32,121.976,4
spotify:track:5B5eTk7DF8KVp1zpQoY1XY,"The Reason","The Reason (20th Anniversary)","Hoobastank",2024-01-12,232800,90,false,nicmf,2025-06-14T03:07:06Z,"nu metal","Island Def Jam",0.474,0.671,4,-4.649,1,0.0289,0.0129,0,0.159,0.0682,82.94,4
spotify:track:1gD4sDZi8BaHunIj4zNF8B,"Preto Zica","Cores & Valores","Racionais MC's;DJ CIA",2014-11-26,123370,57,false,nicmf,2025-06-14T03:12:13Z,"hip hop brasileiro,rap,boom bap","Boogie Naipe",0.742,0.606,1,-7.277,0,0.222,0.0598,0.00028,0.14,0.582,85.005,4
spotify:track:5gW3kI83886nVV9apaFLWu,"Mutual","Shawn Mendes","Shawn Mendes",2018-05-25,148360,56,false,nicmf,2025-06-14T03:14:27Z,"","Island Records",0.918,0.478,11,-6.697,0,0.159,0.253,0,0.134,0.799,115.06,4
spotify:track:1EYP6mRfJY45IDKETJsjMO,"Damage Gets Done","Unreal Unearth","Hozier;Brandi Carlile",2023-08-18,268653,53,false,nicmf,2025-06-14T03:19:28Z,"folk,americana","Rubyworks / Universal-Island Records Ltd",0.5,0.841,7,-4.508,1,0.0854,0.417,0,0.148,0.283,153.009,3
spotify:track:31acMiV67UgKn1ScFChFxo,"Broken-Hearted Girl","I AM...SASHA FIERCE","Beyoncé",2008-11-14,277626,58,false,nicmf,2025-06-14T03:33:40Z,"","Music World Music/Columbia",0.336,0.424,5,-7.203,1,0.0353,0.503,0,0.273,0.159,82.149,4
spotify:track:2ddwKpw2SS5tEbREk2UrVt,"Samurai - Ao Vivo","3Fs (Ao Vivo / Deluxe Version)","Projota",2016-05-27,263146,48,false,nicmf,2025-06-14T03:47:44Z,"hip hop brasileiro,pop nacional","Universal Music Ltda.",0.604,0.856,8,-7.143,0,0.333,0.431,0,0.682,0.799,164.034,4
spotify:track:7aLT0tLcS40Penaplqu2cZ,"Greedy","Dangerous Woman","Ariana Grande",2016-04-01,214906,72,false,nicmf,2025-06-14T04:05:56Z,"pop","Universal Records",0.619,0.705,1,-5.335,1,0.099,0.0323,0,0.0919,0.844,109.975,4
spotify:track:4ImMYuAuWr1zVzC1XgRW33,"Early Morning","East of the Sun, West of the Moon","a-ha",1990-10-27,179240,57,false,nicmf,2025-06-14T04:30:08Z,"new wave,synthpop","Warner Records",0.569,0.558,11,-12.992,0,0.0276,0.256,0.0000989,0.146,0.693,133.098,4
spotify:track:5YeHLHDdQ4nKHk81XFWhCU,"successful","Sweetener","Ariana Grande",2018-08-17,227386,70,true,nicmf,2025-06-14T04:31:30Z,"pop","Republic Records",0.847,0.603,0,-4.607,0,0.0397,0.107,0.0000074,0.106,0.735,114.045,4
spotify:track:1ZWLWVqeEMWMKTlteS0yLH,"Love You Goodbye","Made In The A.M. (Deluxe Edition)","One Direction",2015-11-13,196938,67,false,nicmf,2025-06-14T04:36:09Z,"","Syco Music",0.547,0.657,1,-4.787,1,0.0332,0.0928,0,0.119,0.36,133.189,4
spotify:track:6K5xY7EabiBLjd2HuBQIak,"Goodbye","Goodbye","Who Is Fancy",2015-02-10,206213,47,false,nicmf,2025-06-14T04:36:42Z,"","Fancy/Silent Records",0.717,0.692,5,-6.735,1,0.0466,0.0635,0.00049,0.0923,0.602,114.997,4
spotify:track:6SRsiMl7w1USE4mFqrOhHC,"brutal","SOUR","Olivia Rodrigo",2021-05-21,143746,82,true,nicmf,2025-06-15T01:25:43Z,"","Olivia Rodrigo PS",0.672,0.526,4,-6.446,1,0.0599,0.0311,0.00000137,0.28,0.28,123.999,4
spotify:track:5ZKnajvQQbMJeUhqilzi5T,"Man In Finance (with David Guetta)","Man In Finance (with David Guetta)","David Guetta;Girl On Couch;Billen Ted",2024-06-07,113595,63,false,nicmf,2025-06-15T01:46:21Z,"edm","Intercord",0.669,0.958,2,-3.979,1,0.0476,0.0265,0.00278,0.0714,0.609,126.028,4
spotify:track:6K4t31amVTZDgR3sKmwUJJ,"The Less I Know The Better","Currents","Tame Impala",2015-07-17,216320,93,true,nicmf,2025-06-15T05:43:07Z,"neopsicodélica,indie","Universal Music Australia Pty. Ltd.",0.64,0.74,4,-4.083,1,0.0284,0.0115,0.00678,0.167,0.785,116.879,4
spotify:track:63qOBLF8403qXWcfi4sAQx,"da primeira vez (from the first time)","da primeira vez (from the first time)","Bryan Behr;Calum Scott",2021-11-04,201183,43,false,nicmf,2025-06-15T06:08:30Z,"nova mpb,mpb,o lado suave do pop","Universal Music Ltda.",0.583,0.607,6,-5.472,1,0.0372,0.407,0,0.369,0.497,139.909,4
spotify:track:1E70pcxXiSQLtxdowVXkbM,"Sunset Blvd","I Said I Love You First","Selena Gomez;benny blanco",2025-03-19,167584,62,false,nicmf,2025-06-15T06:12:46Z,"","SMG Music LLC & Friends Keep Secrets under exclusive license to Interscope Records",0.451,0.673,5,-4.388,1,0.0463,0.273,0,0.64,0.506,68.943,4
spotify:track:1StRJBkcyMbf07b5TQRwYM,"Leaf (feat. Main Attrakionz)","LIVE.LOVE.A$AP","A$AP Rocky;Main Attrakionz",2011-10-31,283240,62,true,nicmf,2025-06-15T23:03:59Z,"rap,cloud rap","A$AP Worldwide/Polo Grounds Music/RCA Records",0.459,0.615,3,-8.67,1,0.33,0.714,0,0.089,0.28,86.648,5
spotify:track:1kgdslQYmeTR4thk9whoRw,"Tears in Heaven","Rush (Music from the Motion Picture Soundtrack)","Eric Clapton",1992-01-10,271760,79,false,nicmf,2025-06-16T00:11:19Z,"blues rock,rock clássico","Reprise",0.498,0.242,9,-12.238,1,0.0257,0.835,0.536,0.133,0.312,153.744,4
spotify:track:416MsJxvxSKY96DCmbJIRs,"The Hanging Tree - From ""The Hunger Games: Mockingjay"" Soundtrack","The Hunger Games: Mockingjay Pt. 1 (Original Motion Picture Score)","James Newton Howard;Jennifer Lawrence",2014-11-21,218506,74,false,nicmf,2025-06-16T01:09:32Z,"trilha sonora,trilha sonora original","Hunger Games 3/Mockingjay",0.213,0.0743,9,-18.071,0,0.0408,0.344,0.0000345,0.212,0.145,53.863,4
spotify:track:3jZomvOBa5qfTo5HkqI1p5,"One Way or Another (Teenage Kicks)","One Way Or Another (Teenage Kicks)","One Direction",2013-02-17,157293,70,false,nicmf,2025-06-16T01:38:18Z,"","Syco Music",0.489,0.867,4,-3.121,0,0.071,0.025,0,0.586,0.409,162.131,4
spotify:track:1gKmnrz6SzJlGMNRKBLx1V,"One Way Or Another","Best Of Blondie","Blondie",1981-10-31,216400,66,false,raphaelfr17,2025-06-16T01:38:31Z,"","Chrysalis\EMI Records (USA)",0.472,0.796,6,-12.055,0,0.0516,0.0815,0.0000694,0.292,0.909,161.407,4
spotify:track:665Prhaf0Ob6J6p7SKpaQE,"Quiet","Familia","Camila Cabello",2022-04-08,163300,43,false,nicmf,2025-06-16T22:48:17Z,"","Epic",0.75,0.511,11,-9.143,1,0.124,0.132,0,0.222,0.449,90.011,4
spotify:track:137mSruegm1u6x9NvwiagR,"Unstable (feat. The Kid LAROI)","Justice","Justin Bieber;The Kid LAROI",2021-03-19,158324,66,false,nicmf,2025-06-16T22:52:06Z,"","RBMG/Def Jam",0.495,0.333,4,-10.109,0,0.0288,0.737,0,0.112,0.37,99.757,4
spotify:track:0oaY19dUwZimIgzn3ZZLZO,"2 Much","Justice","Justin Bieber",2021-03-19,152796,71,false,nicmf,2025-06-16T23:20:36Z,"","RBMG/Def Jam",0.583,0.444,9,-8.601,1,0.0456,0.593,0,0.353,0.167,119.59,4
spotify:track:6lKSOnC9iLGDonypMgvGrm,"Too Much","Too Much","Dove Cameron",2025-02-21,171335,73,false,nicmf,2025-06-16T23:20:56Z,"","Disruptor Records/Columbia",0.722,0.819,1,-4.76,1,0.0489,0.0243,0.000135,0.0814,0.614,134.992,4
spotify:track:6R49FQnAlQlfisc5BLFKEV,"Pudim Amassado","Clássicas do Gato Galactico","Gato Galactico",2000-01-20,76520,47,false,raphaelfr17,2025-06-16T23:27:45Z,"canção de ninar","Gato Galactico",0.502,0.267,7,-17.398,1,0.897,0.368,0,0.247,0.418,170.236,5
spotify:track:4edSvphSxQkc5WAhJ9tuF6,"Pretender (feat. Lil Yachty & AJR)","Neon Future III","Steve Aoki;Lil Yachty;AJR",2018-11-09,188737,47,false,nicmf,2025-06-17T00:46:40Z,"eletrohouse,edm","Ultra Records, LLC",0.637,0.778,5,-3.642,0,0.0706,0.0248,0,0.228,0.286,103.093,4
spotify:track:4E5P1XyAFtrjpiIxkydly4,"Replay","Replay","Iyaz",2009-08-18,182306,88,false,nicmf,2025-06-17T01:11:35Z,"","Time Is Money/Beluga Heights/Reprise",0.706,0.751,9,-6.323,1,0.0708,0.173,0,0.168,0.195,91.031,4
spotify:track:5ufij3f9scBCTRne4NxlJk,"Vozes Na Sala De Estar","Foco, Força E Fé","Projota",2014-01-01,259826,37,false,nicmf,2025-06-17T01:36:34Z,"hip hop brasileiro,pop nacional","Universal Music Ltda.",0.643,0.764,2,-4.245,0,0.345,0.356,0,0.21,0.479,75.54,3
spotify:track:30nCas9Q3C1c3jpWuTt084,"Funiculì-Funiculà (Orch. Chiaramello)","Spirito Italiano","Luigi Denza;Luciano Pavarotti;Orchestra del Teatro Comunale di Bologna;Anton Guadagno",2020-04-04,166400,46,false,nicmf,2025-06-17T01:46:21Z,"canzone napoletana,música clássica crossover,ópera,música clássica","UME - Global Clearing House",0.488,0.305,5,-13.479,1,0.0631,0.965,0.0328,0.0742,0.416,125.87,4
spotify:track:5n7s2D42TwBGJ0qnanDAt3,"A Phantom Pain","METAL GEAR SOLID Ⅴ ORIGINAL SOUNDTRACK SELECTION","Ludvig Forssell",2015-09-02,239266,28,false,raphaelfr17,2025-06-17T02:01:21Z,"trilha sonora","Konami Digital Entertainment",0.503,0.622,9,-15.209,1,0.033,0.000108,0.086,0.291,0.269,111.972,4
spotify:track:5PZ2cqh9Yem2g6cTSOLllz,"Pain","One-X","Three Days Grace",2006-06-25,202973,73,false,nicmf,2025-06-17T02:01:36Z,"post-grunge,rock","Jive",0.416,0.741,7,-4.001,1,0.0335,0.00804,0,0.273,0.286,160.515,4
spotify:track:6AviHKu3ydzAePBmzEi62v,"Popular Song","Yours Truly","MIKA;Ariana Grande",2013-01-01,200213,59,false,nicmf,2025-06-17T03:08:30Z,"pop","Universal Records",0.666,0.81,8,-4.574,1,0.0458,0.152,0,0.0613,0.811,99.023,4
spotify:track:2xLOMHjkOK8nzxJ4r6yOKR,"Birthday","PRISM (Deluxe)","Katy Perry",2013-10-18,215042,67,false,nicmf,2025-06-17T03:10:28Z,"pop","Capitol Records (CAP)",0.719,0.674,11,-5.122,1,0.0681,0.0879,0.00000375,0.112,0.843,125.992,4
spotify:track:1Ym6aMuT5bliaZMC67AmPp,"Cherry","Lust For Life","Lana Del Rey",2017-07-21,180902,77,true,nicmf,2025-06-17T22:37:21Z,"","Polydor Records",0.449,0.534,8,-9.493,0,0.0494,0.048,0.0011,0.384,0.342,94.261,3
spotify:track:3nHuKdFJZm78CoeBnDcFKe,"Bad Dreams","Bad Dreams","Teddy Swims",2024-09-13,184577,78,false,nicmf,2025-06-18T02:18:54Z,"","Warner Records",0.707,0.68,8,-6.203,1,0.0884,0.274,0,0.0932,0.62,125.058,4
spotify:track:5hQSXkFgbxjZo9uCwd11so,"False God","Lover","Taylor Swift",2019-08-23,200306,77,false,nicmf,2025-06-18T03:47:57Z,"","Taylor Swift",0.739,0.32,11,-10.862,0,0.239,0.736,0.000147,0.111,0.351,79.97,4
spotify:track:0qwcGscxUHGZTgq0zcaqk1,"Here's to Never Growing Up","Avril Lavigne (Expanded Edition)","Avril Lavigne",2013-11-01,214320,71,true,nicmf,2025-06-18T04:11:54Z,"","Epic",0.482,0.873,0,-3.145,1,0.0853,0.0111,0,0.409,0.737,165.084,4
spotify:track:1q9bLSeIlGf2xBvbOkp2Wr,"Holy Grail","Magna Carta... Holy Grail","JAŸ-Z;Justin Timberlake",2013-07-04,338413,71,true,nicmf,2025-06-18T04:19:14Z,"hip hop,east coast hip hop,rap","Roc Nation / Jay-Z",0.676,0.534,2,-6.901,0,0.0831,0.0594,0.00000859,0.256,0.156,145.082,4
spotify:track:4E0P1xs3JNmsNr5c5nFTZJ,"Back To Me","Back To Me","The Marías",2025-04-04,214800,82,false,nicmf,2025-06-19T19:56:17Z,"bedroom pop","Nice Life/Atlantic",0.456,0.488,9,-8.518,1,0.0275,0.469,0.0326,0.123,0.244,143.827,4
spotify:track:7gY3cyGcB2wnk2xDXiA0pe,"Head Above Water","Head Above Water","Avril Lavigne",2019-02-15,220850,64,false,nicmf,2025-06-18T22:20:31Z,"","BMG Rights Management (US) LLC",0.578,0.694,5,-5.351,1,0.0706,0.0112,0,0.102,0.268,129.921,4
spotify:track:2gpQi3hbcUAcEG8m2dlgfB,"Plan A","Plan A","Paulo Londra",2022-03-23,178202,68,false,nicmf,2025-06-18T23:12:27Z,"trap argentino,trap latino,reggaeton","WEA Latina",0.583,0.834,0,-4.875,1,0.0444,0.0495,0,0.0658,0.557,173.935,4
spotify:track:4rHmKlFRiFzabiVO6e9w2e,"Bon Appétit","Witness (Deluxe)","Katy Perry;Migos",2017-06-09,227813,77,false,nicmf,2025-06-19T00:07:57Z,"pop,trap","Capitol Records (CAP)",0.8,0.795,6,-5.835,1,0.0626,0.131,0.0000902,0.221,0.528,106.031,4
spotify:track:3Z8FwOEN59mRMxDCtb8N0A,"Be Kind (with Halsey)","Be Kind (with Halsey)","Marshmello;Halsey",2020-05-01,172761,76,false,nicmf,2025-06-19T00:14:17Z,"edm","Astralwerks",0.63,0.633,4,-7.088,1,0.0457,0.00776,0,0.0541,0.452,93.992,4
spotify:track:0TvQLMecTE8utzoNmvXRbK,"Bad Blood","1989","Taylor Swift",2014-01-01,211933,78,false,nicmf,2025-06-19T00:14:57Z,"","Taylor Swift",0.652,0.802,7,-6.114,1,0.181,0.0871,0.00000645,0.148,0.295,170.157,4
spotify:track:51EpFns3CG9taCMQz6XDom,"INVISIBLE","FUTURE PAST","Duran Duran",2021-10-22,191459,76,false,raphaelfr17,2025-06-19T20:04:29Z,"new wave,synthpop","BMG Rights Management (US) LLC",0.645,0.867,7,-2.326,1,0.182,0.119,0.0000198,0.413,0.337,113.988,4
spotify:track:3vjOGPGu3tgYi3oBkQ2Gjz,"Hot Dog!","Mickey Mouse Clubhouse","They Might Be Giants (For Kids);Disney Junior",2006-01-01,148093,61,false,raphaelfr17,2025-06-19T20:28:55Z,"música infantil","Walt Disney Records",0.829,0.665,7,-7.666,1,0.0681,0.467,0.00000527,0.0688,0.921,92.618,4
spotify:track:1WkMMavIMc4JZ8cfMmxHkI,"CAN'T STOP THE FEELING! (from DreamWorks Animation's ""TROLLS"")","TROLLS (Original Motion Picture Soundtrack)","Justin Timberlake",2016-09-23,237546,78,false,nicmf,2025-06-19T20:35:04Z,"","Villa 40/RCA Records",0.669,0.832,0,-5.721,1,0.0682,0.0106,0,0.0968,0.7,113.035,4
spotify:track:17DteqUBu6Alp3jGWkbadK,"Trololo Song","Trololo Song","Mr. Trololo",2013-04-16,162742,34,false,raphaelfr17,2025-06-19T20:35:23Z,"","Catchy Tunes",0.404,0.6,7,-7.626,1,0.0406,0.939,0.288,0.355,0.682,97.166,4
spotify:track:6ATnRclamgZgq5lx5m566f,"Keep Talking (feat. Julia Michaels)","Phoenix (Deluxe Edition)","Rita Ora;Julia Michaels",2018-11-23,213840,35,false,nicmf,2025-06-19T20:44:48Z,"","Atlantic Records UK",0.76,0.443,1,-7.386,1,0.0652,0.407,0,0.0872,0.522,97.025,4
spotify:track:2TuxpGjF4fPTNLMXP28xYb,"Talk","I Said I Love You First... And You Said It Back","Selena Gomez;benny blanco",2025-05-02,132539,54,true,nicmf,2025-06-19T20:44:53Z,"","SMG Music LLC & Friends Keep Secrets under exclusive license to Interscope Records",0.808,0.835,1,-4.03,1,0.0637,0.00348,0.375,0.197,0.753,126.027,4
spotify:track:4Tn2llBm1g0UlWctmgPL8Z,"Shut Up And Drive","Good Girl Gone Bad: Reloaded","Rihanna",2008-06-02,212280,78,false,nicmf,2025-06-19T20:45:12Z,"","Def Jam Recordings",0.734,0.826,1,-4.909,1,0.0349,0.00101,0.129,0.197,0.74,132.96,4
spotify:track:3z06k8YF9CqX0CGFrlekOK,"everything sucks","everything sucks","vaultboy",2021-08-06,115401,9,true,nicmf,2025-06-19T22:11:47Z,"","Fast Friends",0.76,0.371,6,-8.964,1,0.0531,0.00772,0,0.0785,0.653,138.023,4
spotify:track:3LP0XwrMJ6ShNSrExi7jYs,"Page","Autumn Variations","Ed Sheeran",2023-09-29,231021,43,false,nicmf,2025-06-19T22:24:36Z,"o lado suave do pop","Gingerbread Man Records",0.774,0.604,2,-6.385,1,0.0404,0.623,0.00000348,0.0889,0.62,146.081,4
spotify:track:0lZdeunc3FCJHoCfFaunkZ,"Paga Pau - Ao Vivo","Acústico (Ao Vivo)","Fernando & Sorocaba",2010-05-13,199373,55,false,nicmf,2025-06-19T22:57:33Z,"sertanejo,sertanejo universitário,agronejo,piseiro,arrocha","F&S Produções Artísticas ltda.",0.774,0.824,2,-5.541,1,0.157,0.514,0,0.86,0.827,135.011,4
spotify:track:1RI4G0KZES2ZQgKCF3mgOQ,"Slip","Slip","Tate McRae",2019-01-17,171899,55,false,nicmf,2025-06-19T22:59:19Z,"","Nettwerk Music Group",0.685,0.333,4,-11.508,1,0.0847,0.32,0,0.186,0.397,87.987,4
spotify:track:3N1V03yrqyNPo5A4Fu2Wd7,"Space Between","Descendants 2 (Original TV Movie Soundtrack)","Dove Cameron;Sofia Carson;Disney",2017-07-21,206378,72,false,nicmf,2025-06-20T02:35:45Z,"","Walt Disney Records",0.426,0.763,4,-4.369,1,0.049,0.197,0.00000643,0.264,0.195,155.92,4
spotify:track:5hJFhO9dvhJoDvUZZ9iWSw,"Adorn","Kaleidoscope Dream (Deluxe Version)","Miguel",2012,193149,73,false,nicmf,2025-06-20T02:42:16Z,"r&b","ByStorm Entertainment/RCA Records",0.625,0.576,11,-5.693,0,0.175,0.0543,0.0000407,0.187,0.235,179.063,4
spotify:track:7ndDjjFDzw6Q68TmIzgHep,"Wasted (feat. Kodak Black & Koe Wetzel)","Wasted (feat. Kodak Black & Koe Wetzel)","Diplo;Kodak Black;Koe Wetzel",2023-01-13,155495,51,false,nicmf,2025-06-20T02:46:09Z,"moombahton,red dirt,texas country,country,country rock","Columbia",0.674,0.753,3,-3.226,1,0.0388,0.00264,0.00000176,0.0599,0.292,139.99,4
spotify:track:77OuOZhDxJSQLYnNIpX2AG,"Wasted","A Town Called Paradise","Tiësto;Matthew Koma",2014-06-13,190013,65,false,nicmf,2025-06-20T02:46:26Z,"edm,trance,big room","Universal Music B.V.",0.638,0.816,2,-5.503,1,0.0308,0.00149,0.00115,0.195,0.386,112.014,4
spotify:track:3vzbNQi4mQ9tmvroysU2f3,"Lost","Lost - EP","Ollie",2019-03-06,219580,0,false,nicmf,2025-06-20T02:46:48Z,"","Ollie",0.801,0.545,3,-6.686,1,0.0888,0.248,0,0.136,0.269,129.966,4
spotify:track:1cEhrSF6EylAEqdhUGuNpX,"LET IT GO (feat. Justin Bieber & 21 Savage)","KHALED KHALED","DJ Khaled;21 Savage;Justin Bieber",2021-04-30,165526,61,true,nicmf,2025-06-20T02:52:37Z,"","Epic/We The Best",0.877,0.444,8,-7.547,1,0.172,0.24,0,0.169,0.658,129.06,4
spotify:track:3nnG7AM9QopHVPEuLX3Khk,"Let It Go","Chaos And The Calm","James Bay",2015-03-20,260532,74,false,nicmf,2025-06-20T02:52:56Z,"","Mercury Records/Republic Owned",0.536,0.311,1,-10.396,1,0.0288,0.82,0.0000165,0.107,0.246,147.486,4
spotify:track:32FhTAAjKZaBein150o3Px,"because i liked a boy","emails i can't send","Sabrina Carpenter",2022-07-15,196458,80,true,nicmf,2025-06-20T03:18:14Z,"pop","Island Records",0.386,0.592,11,-7.299,1,0.374,0.363,0,0.117,0.161,146.879,4
spotify:track:1VSuFS7PahCN3SWbOcQ98m,"forget me too (feat. Halsey)","Tickets To My Downfall","mgk;Halsey",2020-09-25,171620,73,true,nicmf,2025-06-20T03:34:22Z,"","Bad Boy/Interscope Records",0.654,0.875,1,-4.845,1,0.0744,0.000417,0.0086,0.194,0.522,99.975,4
spotify:track:61uyGDPJ06MkxJtHgPmuyO,"Company","Purpose (Deluxe)","Justin Bieber",2015-11-13,208120,85,false,nicmf,2025-06-20T03:40:01Z,"","RBMG/Def Jam",0.561,0.797,4,-4.901,0,0.0588,0.132,0,0.0846,0.421,94.893,4
spotify:track:7LeQhau1u8ne3so5qmNNiQ,"Marola Estrangeira - Ao Vivo","Funk Superação (Ao Vivo)","MC Hariel;Mc Don Juan;MC Tuto;Kelvinho;MC Joãozinho VT",2024-08-29,410420,48,false,nicmf,2025-06-20T03:46:58Z,"funk,funk consciente,trap funk,hip hop brasileiro","WM Brazil",0.476,0.749,9,-4.189,1,0.343,0.33,0,0.414,0.623,86.638,5
spotify:track:16vuy4pwheYCxp2Pyv3YRy,"Cadillac","You Do Not Have To Be Good","Sophie May",2022-08-05,171481,37,false,nicmf,2025-06-20T04:06:50Z,"","Psychic Music",0.557,0.835,9,-6.391,1,0.0409,0.0847,0.00783,0.218,0.37,132.042,4
spotify:track:1B0BQaSRHxhI0AUlItY3LK,"MALAMENTE - Cap.1: Augurio","El Mal Querer","ROSALÍA",2018-11-02,150027,69,false,nicmf,2025-06-20T20:29:08Z,"latino","Columbia",0.893,0.482,0,-4.779,0,0.0873,0.549,0.0164,0.0752,0.53,97.975,4
spotify:track:48p5E25cFPanxuwCTmTpuL,"The Promise","When In Rome","When In Rome",1988-01-01,220960,80,false,nicmf,2025-06-20T21:25:30Z,"new wave,synthpop","Virgin",0.629,0.876,0,-10.141,1,0.0444,0.0864,0.0000772,0.0431,0.358,118.01,4
spotify:track:214nt20w5wOxJnY462klLw,"Miss Americana & The Heartbreak Prince","Lover","Taylor Swift",2019-08-23,234146,77,false,nicmf,2025-06-20T21:35:15Z,"","Taylor Swift",0.662,0.747,11,-6.926,0,0.0736,0.028,0.00615,0.138,0.487,150.088,4
spotify:track:6Xs7OKt6i0Ddq8B4M5Dgvr,"New Americana","BADLANDS","Halsey",2015-08-28,183808,65,false,nicmf,2025-06-20T21:35:34Z,"","Astralwerks (ASW)",0.339,0.707,0,-5.121,0,0.0428,0.0113,0,0.337,0.359,173.993,4
spotify:track:34sOdxWu9FljH84UXdRwu1,"all-american bitch","GUTS","Olivia Rodrigo",2023-09-08,165833,79,true,raphaelfr17,2025-06-20T21:36:30Z,"","Olivia Rodrigo PS",0.421,0.695,6,-4.346,1,0.0428,0.218,0.00000297,0.155,0.45,156.344,4
spotify:track:5ygDXis42ncn6kYG14lEVG,"Baby Shark","Pinkfong Animal Songs","Pinkfong",2017-07-27,80927,82,false,nicmf,2025-06-21T00:24:54Z,"música infantil,canção de ninar","Smart Study Co., Ltd.",0.829,0.886,8,-1.746,1,0.112,0.259,0,0.0559,0.777,115.056,4
spotify:track:2SAqBLGA283SUiwJ3xOUVI,"Laugh Now Cry Later (feat. Lil Durk)","Laugh Now Cry Later (feat. Lil Durk)","Drake;Lil Durk",2020-08-14,261492,81,true,nicmf,2025-06-23T02:47:15Z,"rap,drill de chicago,drill","OVO",0.761,0.518,0,-8.871,1,0.134,0.244,0.0000347,0.107,0.522,133.976,4
spotify:track:773xZHHSHJvC1z3AAtWgH6,"Ode to Sleep","Vessel","Twenty One Pilots",2013-01-08,308388,66,false,nicmf,2025-06-28T00:43:29Z,"","Fueled By Ramen",0.446,0.76,7,-3.608,1,0.0453,0.00891,0.000108,0.232,0.512,150.033,4
spotify:track:0bBd6K5X4W7t9GyXcaVOA7,"Sigue","Sigue/Forever My Love","J Balvin;Ed Sheeran",2022-03-25,159386,60,true,nicmf,2025-06-28T00:46:18Z,"reggaeton,latino,o lado suave do pop","Universal Music Latino / Asylum Records UK",0.889,0.641,7,-4.494,1,0.0668,0.0515,0.0000275,0.19,0.588,87.99,4
spotify:track:1myEOhXztRxUVfaAEQiKkU,"Cosmic Love","Lungs (Deluxe Version)","Florence + The Machine",2009,255906,71,false,nicmf,2025-06-28T02:28:50Z,"pop barroco","Universal-Island Records Ltd.",0.518,0.809,9,-5.451,0,0.0382,0.137,0.000239,0.119,0.0957,140.065,4
spotify:track:2KBbRUpz2X2bwitHozcMfi,"Sadomasoquista","Sadomasoquista","MC Mirella;MC Digu;DJ LP Malvadão;DJ DAONZE",2021-10-15,152904,0,true,nicmf,2025-06-28T03:06:10Z,"funk,funk pop,brega funk","Potência Music",0.871,0.675,10,-1.701,1,0.292,0.747,0,0.0743,0.623,132.171,4
spotify:track:53c9tTEHXWL5GkYNalbXZ3,"C'mon - Single Version","C'mon","Panic! At The Disco;fun.",2011-05-17,214430,58,false,raphaelfr17,2025-07-10T20:27:14Z,"emo","Decaydance/Fueled By Ramen",0.38,0.489,0,-7.027,1,0.0362,0.0351,0.00243,0.081,0.337,127.097,4
spotify:track:0lIoY4ZQsdn5QzhraM9o9u,"Because the Night","Easter","Patti Smith",1978,204800,72,false,nicmf,2025-07-11T18:21:56Z,"proto-punk","Arista",0.466,0.763,11,-7.748,0,0.0391,0.0542,0,0.119,0.473,123.539,4
spotify:track:3g2mIjzQJhOLcloOnJcZJe,"Eu Me Lembro","Monomania","Clarice Falcão",2013-04-30,217756,59,false,nicmf,2025-07-11T18:22:35Z,"nova mpb,mpb","CHEVALIER",0.781,0.18,0,-12.881,1,0.0376,0.671,0.00169,0.116,0.282,96.004,3
spotify:track:6BYA4svtumypd2sYonGCIJ,"Roda","Matriz","Pitty;BaianaSystem",2019-04-26,200489,41,false,raphaelfr17,2025-08-02T13:12:34Z,"rock brasileiro,mpb,pop nacional,nova mpb,axé","Deckdisc",0.649,0.899,2,-4.737,1,0.0887,0.00531,0,0.128,0.388,135.957,4
spotify:track:1r0XfrhdG6bsiS4oe1QM96,"A Year Without Rain","A Year Without Rain","Selena Gomez & The Scene",2010-01-01,234333,63,false,nicmf,2025-08-05T23:36:21Z,"","Hollywood Records",0.629,0.806,2,-5.264,0,0.0442,0.0102,0.0000172,0.112,0.409,119.966,4
spotify:track:32hCu0oPVHeGwLDf3FSIPf,"Un Año Sin Lluvia","A Year Without Rain","Selena Gomez & The Scene",2010-01-01,210853,63,false,nicmf,2025-08-05T23:36:27Z,"","Hollywood Records",0.62,0.845,2,-4.99,0,0.047,0.0103,0,0.107,0.398,120.091,4
spotify:track:6mTfOxORhYlpnTvm7VrL6b,"Chove Chuva","Samba Esquema Novo","Jorge Ben Jor",1963-01-01,184093,68,false,raphaelfr17,2025-08-05T23:39:26Z,"mpb,bossa nova,samba,jazz brasileiro","Universal Music Ltda.",0.729,0.401,10,-9.458,1,0.0418,0.644,0,0.0757,0.549,134.704,4
spotify:track:6LlUyPPQ3nHa8odNOXpoh7,"Horizon Dreamer","Horizon Dreamer","Daichi Miura",2024-09-30,217900,50,false,raphaelfr17,2025-08-06T21:55:19Z,"j-pop,r&b japonês,anime","SONIC GROOVE",0.687,0.693,0,-5.723,1,0.0347,0.079,0.000044,0.146,0.518,131.973,4
spotify:track:42UBPzRMh5yyz0EDPr6fr1,"Manchild","Manchild","Sabrina Carpenter",2025-06-05,213645,86,true,raphaelfr17,2025-08-08T00:47:54Z,"pop","Island Records",0.731,0.685,7,-5.087,1,0.0572,0.122,0,0.317,0.811,123.01,4
spotify:track:7fesNTgTEMEH0ye8MOgEDY,"teenage dream","GUTS","Olivia Rodrigo",2023-09-08,222358,76,false,nicmf,2025-08-09T13:06:55Z,"","Olivia Rodrigo PS",0.426,0.218,0,-11.705,1,0.0341,0.835,0,0.108,0.116,135.205,4
spotify:track:6Dn2ETXRVdvWSN77EkHdjU,"Patience","Death Stranding (Songs from the Video Game)","Low Roar",2020-01-31,344453,36,false,raphaelfr17,2025-08-09T13:07:38Z,"","Masterworks",0.178,0.0915,2,-17.426,1,0.0374,0.872,0.356,0.0915,0.0385,99.919,4
spotify:track:7g9l2KZ1IsxJReWQeMzqX2,"Que Tiro Foi Esse","Que Tiro Foi Esse","Jojo Maronttinni",2017-12-29,162444,44,false,raphaelfr17,2025-08-09T13:51:55Z,"funk,pagode","Universal Music Ltda.",0.933,0.815,4,-4.549,0,0.0608,0.359,0.00151,0.0779,0.91,134.998,4
spotify:track:18GiV1BaXzPVYpp9rmOg0E,"Blowin' in the Wind","The Freewheelin' Bob Dylan","Bob Dylan",1963-05-27,168756,73,false,nicmf,2025-08-09T13:53:08Z,"folk rock,folk,cantor e compositor,rock raiz","Columbia",0.38,0.0993,2,-20.567,1,0.0509,0.914,0.0000232,0.0605,0.44,174.874,4
spotify:track:1SWmFiFSIBoDbQJjNKC7SR,"Against The Wind","Against The Wind","Bob Seger",1980-02-25,333720,75,false,nicmf,2025-08-09T13:53:23Z,"rock clássico","Bob Seger",0.674,0.771,7,-5.612,1,0.0246,0.28,0.0318,0.133,0.718,109.618,4
spotify:track:5xjkxF6sKG9ANZuicTXWVm,"To the Wilder","WOODKID FOR DEATH STRANDING 2: ON THE BEACH","Woodkid",2025-06-13,279053,57,false,raphaelfr17,2025-08-09T21:31:01Z,"","Milan Records",0.242,0.545,9,-8.462,0,0.0308,0.579,0.00179,0.0977,0.0938,84.953,4
spotify:track:6K8VQ84MqhsoakN5MjrnVR,"Supercut","Melodrama","Lorde",2017-06-16,277506,81,false,raphaelfr17,2025-08-13T19:42:52Z,"","Universal Music New Zealand Limited",0.562,0.437,0,-10.229,1,0.052,0.219,0.0000218,0.0806,0.15,124.852,4
spotify:track:6TU3el6rCqHCRepeiCuwj9,"My Play","OK ORCHESTRA","AJR",2021-03-26,190289,39,true,raphaelfr17,2025-08-13T20:13:23Z,"","Black Butter",0.539,0.435,5,-8.249,1,0.0291,0.103,0,0.107,0.373,78.982,4
spotify:track:3IX0yuEVvDbnqUwMBB3ouC,"bad idea right?","GUTS","Olivia Rodrigo",2023-09-08,184783,83,true,raphaelfr17,2025-08-13T20:45:04Z,"","Olivia Rodrigo PS",0.631,0.881,9,-3.545,1,0.0995,0.00177,0.0000045,0.0639,0.808,129.981,4
spotify:track:57j65yC2HggQfmYNc6rdOK,"bad idea!","bad idea!","girl in red",2019-09-03,219638,77,true,nicmf,2025-08-13T20:45:09Z,"bedroom pop","world in red",0.513,0.807,1,-6.095,1,0.0481,0.0289,0.0548,0.246,0.419,162.026,4
spotify:track:7xnmMO1xRCAU9sgcRhoX0Q,"Love Can Save It All","Love Can Save It All","Andra",2016-05-24,242226,4,false,nicmf,2025-08-13T21:42:35Z,"","Andra Records",0.525,0.767,4,-4.45,1,0.0366,0.291,0,0.109,0.296,139.939,4
spotify:track:4NmE2ytXI8S2svTRSmEdpO,"Small Talk","Small Talk","Katy Perry",2019-08-09,161962,55,false,nicmf,2025-08-13T22:13:44Z,"pop","Capitol Records",0.846,0.631,5,-5.547,1,0.1,0.203,0,0.455,0.602,115.999,4
spotify:track:2ihCaVdNZmnHZWt0fvAM7B,"Little Talks","My Head Is An Animal","Of Monsters and Men",2012-01-01,266600,85,false,nicmf,2025-08-13T22:13:58Z,"folk pop","Universal Records",0.457,0.757,1,-5.177,1,0.032,0.0206,0,0.146,0.417,102.961,4
spotify:track:41ATRo4jo08OFfyRPU77Y3,"Broken By You (feat. Fresno)","Power to Play (Deluxe)","McFly;Fresno",2023-07-28,185854,41,false,raphaelfr17,2025-08-13T23:04:19Z,"rock brasileiro,emo","BMG Rights Management (UK) Ltd.",0.391,0.808,4,-4.243,1,0.0504,0.00562,0,0.101,0.208,164.755,4
spotify:track:3nI0piSOxAik2RCpHGloB7,"Só Os Loucos Sabem","Camisa 10 joga bola até na chuva","Charlie Brown Jr.",2009-09-16,210493,78,false,nicmf,2025-08-13T23:16:13Z,"rock brasileiro,mpb,pop nacional","Best",0.39,0.396,7,-8.18,1,0.0395,0.738,0,0.0991,0.57,192.178,4
spotify:track:7hGCCQkdyF1MX6uk339uBS,"What Was That","Virgin","Lorde",2025-06-27,209286,76,false,raphaelfr17,2025-08-13T23:32:33Z,"","Universal Music New Zealand Limited",0.603,0.612,0,-6.732,1,0.159,0.352,0.0000268,0.103,0.174,126.612,4
spotify:track:3EL9IRDqB9GRf8JSacc35v,"Cabelos de Algodão","Mais Um","Banda Fly",2015-03-10,151214,55,false,nicmf,2025-08-15T02:56:09Z,"pop nacional","Maximo",0.652,0.859,7,-3.869,1,0.0533,0.698,0,0.328,0.875,169.96,4
spotify:track:1j6NNt6UDZVjrjijLFTKc7,"Cowboy","I Said I Love You First","Selena Gomez;benny blanco",2025-03-21,184153,52,true,nicmf,2025-08-16T14:03:14Z,"","SMG Music LLC & Friends Keep Secrets under exclusive license to Interscope Records",0.569,0.269,2,-11.358,0,0.0594,0.79,0.0000132,0.138,0.27,134.941,4
spotify:track:1XjHRolIXL2M1EEOUsGGR4,"cowboy like me","evermore","Taylor Swift",2020-12-11,275040,68,true,nicmf,2025-08-16T14:03:41Z,"","Taylor Swift",0.604,0.517,0,-9.014,1,0.0347,0.768,0.000155,0.123,0.511,127.967,4
spotify:track:4n11g7lOMMk6iXqWdMD5IH,"Just Keep Swimming - Soundtrack","Finding Nemo: The Musical","Marlin;Dory;Moonfish",2007-01-01,315560,40,false,raphaelfr17,2025-08-16T15:07:50Z,"","Walt Disney Records",0.58,0.335,7,-12.634,1,0.297,0.813,0,0.387,0.458,77.466,4
spotify:track:4DMvvYvDNiEv2QUciZCyp7,"These Days (feat. Jess Glynne, Macklemore & Dan Caplen) - AJR Remix","These Days (feat. Jess Glynne, Macklemore & Dan Caplen)","Rudimental;Jess Glynne;Macklemore;Dan Caplen;AJR",2018-03-02,231688,54,false,raphaelfr17,2025-08-16T15:55:31Z,"","Atlantic Records UK",0.538,0.776,0,-4.814,1,0.201,0.261,0,0.201,0.776,94.969,4
spotify:track:5CLGzJsGqhCEECcpnFQA8x,"These Days (feat. Jess Glynne, Macklemore & Dan Caplen)","These Days (feat. Jess Glynne, Macklemore & Dan Caplen)","Rudimental;Jess Glynne;Macklemore;Dan Caplen",2018-01-19,210772,72,false,raphaelfr17,2025-08-16T15:55:34Z,"","Atlantic Records UK",0.653,0.809,0,-4.057,1,0.0474,0.194,0,0.165,0.55,92.213,4
spotify:track:18WFFUIsewmA8g31KAeo3e,"The Prophecy","THE TORTURED POETS DEPARTMENT: THE ANTHOLOGY","Taylor Swift",2024-04-19,249807,78,false,nicmf,2025-08-16T16:13:48Z,"","Taylor Swift",0.421,0.525,10,-10.359,1,0.0472,0.825,0.00000267,0.308,0.535,167.927,4
spotify:track:2okho7vU7Nsq1UZD0kgIMi,"Fearless","Fearless (Platinum Edition)","Taylor Swift",2008-11-11,242000,54,false,nicmf,2025-08-18T01:47:02Z,"","Taylor Swift",0.598,0.714,5,-4.397,1,0.0273,0.0364,0.00000104,0.31,0.467,99.979,4
spotify:track:4TTV7EcfroSLWzXRY6gLv6,"Alexander Hamilton","Hamilton (Original Broadway Cast Recording)","Leslie Odom Jr.;Daveed Diggs;Okieriete Onaodowan;Lin-Manuel Miranda;Phillipa Soo;Christopher Jackson;Original Broadway Cast of Hamilton",2015-09-25,236737,77,false,raphaelfr17,2025-08-18T03:34:42Z,"musicais","Atlantic Records",0.609,0.435,11,-7.861,0,0.285,0.522,0,0.118,0.552,131.995,4
spotify:track:5imShWWzwqfAJ9gXFpGAQh,"Waiting On the World to Change","Continuum","John Mayer",2006-09-11,200666,72,false,nicmf,2025-08-18T03:34:49Z,"cantor e compositor","Aware/Columbia",0.578,0.756,2,-5.82,1,0.115,0.157,0.000232,0.249,0.663,176.739,4
spotify:track:4rPl7ezxtoqshKnI1kk3dX,"Drum Show","Drum Show","Twenty One Pilots",2025-08-18,203773,63,false,nicmf,2025-08-19T03:03:15Z,"","Fueled By Ramen",0.431,0.912,1,-4.779,1,0.0955,0.00173,0.00009,0.06,0.285,163.993,4
spotify:track:0sKymIftfpTNp62P4oTvTY,"Rain Drops Keep Falling on My Head","Mama... Best of B.J. Thomas","B.J. Thomas",2019-07-24,182857,56,false,raphaelfr17,2025-08-22T01:16:04Z,"","Big Buzz Productions",0.685,0.285,5,-14.348,1,0.0464,0.811,0.0000137,0.0803,0.659,105.073,4
spotify:track:3XYRV7ZSHqIRDG87DKTtry,"Permission to Dance","Permission to Dance","BTS",2021-07-23,187585,79,false,nicmf,2025-08-22T01:47:08Z,"k-pop","BIGHIT MUSIC",0.702,0.741,9,-5.33,1,0.0427,0.00544,0,0.337,0.646,124.925,4
spotify:track:6EcKanoJrfQ9lWODXQEFrV,"Tomb","Tomb","Angelo De Augustine",2019-01-11,258002,39,false,nicmf,2025-08-22T20:29:40Z,"","Asthmatic Kitty",0.637,0.237,10,-14.951,1,0.0316,0.971,0.023,0.103,0.635,85.67,4
spotify:track:6dbSBQXCctYSVryynHXaZ4,"Freaky Friday (feat. Chris Brown)","Freaky Friday (feat. Chris Brown)","Lil Dicky;Chris Brown",2018-03-16,216631,76,true,nicmf,2025-08-27T21:49:30Z,"r&b","Commission/BMG",0.755,0.599,8,-5.042,1,0.224,0.147,0,0.109,0.755,133.123,4
spotify:track:2zvTzaa6cOB8YQ8x3GUndf,"Lindo Lago Do Amor","Bis (Dois CDs)","Gonzaguinha",2000-01-01,249960,52,false,nicmf,2025-08-29T03:04:06Z,"mpb,samba,forró tradicional,forró","EMI",0.833,0.387,6,-12.782,0,0.0575,0.226,0.00215,0.0572,0.962,125.734,4
spotify:track:241dlZpelxtqldR9KrHePd,"Hoje É Domingo","Cantigas de Roda","Palavra Cantada",1998-01-06,100000,41,false,raphaelfr17,2025-08-29T02:47:18Z,"canção de ninar,música infantil","Palavra Cantada",0.953,0.436,2,-8.819,1,0.125,0.0167,0,0.108,0.475,120.001,4
spotify:track:3mJq2ZlI3ZN8hvmRSdzRy9,"Fallin' For You","Breakthrough (Int'l Deluxe Version)","Colbie Caillat",2009-01-01,215320,63,false,nicmf,2025-09-02T01:55:46Z,"","Universal Records",0.645,0.825,4,-6.473,1,0.0273,0.161,0,0.114,0.641,117.037,4
spotify:track:1ZMiCix7XSAbfAJlEZWMCp,"Falling","Fine Line","Harry Styles",2019-12-13,240139,81,false,raphaelfr17,2025-09-02T01:58:07Z,"","Columbia",0.567,0.267,4,-6.502,1,0.0299,0.839,0.00000146,0.089,0.0592,110.011,4
spotify:track:4tVVmShMF2PYdLqcejrsy2,"Goodbye","Man’s Best Friend","Sabrina Carpenter",2025-08-29,225084,81,true,nicmf,2025-09-02T03:24:07Z,"pop","Island Records",0.567,0.616,9,-5.871,1,0.0483,0.185,0,0.101,0.523,120.121,4
spotify:track:799toHvFfXKAwmnoZgKkKz,"Ponto de Equilíbrio","Ponto de Equilíbrio","Tibi;Onze:20",2023-06-02,177158,0,false,nicmf,2025-09-13T12:18:02Z,"mpb,reggae,pop nacional,reggae pop","Ternário Records",0.754,0.609,10,-6.445,1,0.176,0.496,0,0.125,0.832,91.141,4
spotify:track:76Wrq73y3Ef7VNM4CGSZ0l,"S.I.M.P. (Squirrels in My Pants)","Phineas and Ferb","2 Guys n the Parque",2009-01-01,93600,54,false,raphaelfr17,2025-09-13T12:49:04Z,"","Walt Disney Records",0.814,0.879,11,-5.416,0,0.12,0.0717,0,0.0401,0.962,120.113,4
spotify:track:41uJUBetzpoSXEBABYdwxb,"Dora The Explorer Theme","Dora The Explorer","Dora The Explorer",2004-09-28,42466,45,false,raphaelfr17,2025-09-13T13:53:15Z,"música infantil","Nick Records",0.711,0.63,0,-6.591,1,0.238,0.451,0.0000092,0.129,0.851,119.027,4
spotify:track:0d2Ik5rp9Icd1oqn4178x2,"Robot Voices","Breach","Twenty One Pilots",2025-09-12,237493,69,false,raphaelfr17,2025-09-15T00:35:49Z,"","Fueled By Ramen",0.47,0.75,0,-6.082,1,0.0434,0.00259,0.00000461,0.0639,0.377,163.963,4
spotify:track:2BHSRlGgJwzTPfYvAax28m,"Center Mass","Breach","Twenty One Pilots",2025-09-12,228173,72,false,raphaelfr17,2025-09-20T14:48:49Z,"","Fueled By Ramen",0.637,0.917,5,-5.056,1,0.212,0.0952,0,0.317,0.255,107.536,4
spotify:track:1zWZvrk13cL8Sl3VLeG57F,"T-Shirt","Tangled Up","Thomas Rhett",2015-01-01,227693,69,false,nicmf,2025-09-21T22:43:58Z,"country,country acústico,pop country","The Valory Music Co., LLC",0.633,0.863,2,-5.337,1,0.0378,0.0288,0,0.0217,0.765,95.93,4
spotify:track:1rkfJLgTlB6XYNjgZ0sVaK,"T-Shirt","Culture","Migos",2017-01-27,242407,74,true,nicmf,2025-09-21T22:44:05Z,"trap","Quality Control Music",0.865,0.687,10,-3.744,0,0.217,0.242,0,0.158,0.486,139.023,4
spotify:track:1BV0m40U0M4t1SLIsDnwZl,"1973","All the Lost Souls","James Blunt",2007-09-05,280026,78,false,raphaelfr17,2025-09-21T23:50:44Z,"","Custard/Atlantic",0.72,0.668,9,-7.928,1,0.0269,0.0653,0.00675,0.0789,0.769,123.005,4
spotify:track:6oCXDaFZYL7sHnowv6pdXb,"Spring Into Summer","Older (and Wiser)","Lizzy McAlpine",2024-10-04,262518,81,false,nicmf,2025-09-22T00:50:53Z,"","Indigo Blue/RCA Records",0.522,0.575,2,-7.294,1,0.0305,0.614,0.000248,0.103,0.234,91.713,4
spotify:track:3amq3tBUu0wQpohWf2TfDB,"I'm Sorry You Went Crazy","What No One's Thinking","AJR",2025-09-05,170173,48,true,nicmf,2025-09-22T00:52:27Z,"","AJR Productions",0.763,0.389,4,-6.863,1,0.0281,0.867,0.00000333,0.0966,0.465,90.894,4
spotify:track:3e6UTpUU1Ju20ulLNzUxBT,"Pick It Up (feat. Selena Gomez)","Pick It Up (feat. Selena Gomez)","Cardi B;Selena Gomez",2025-09-18,160782,37,true,nicmf,2025-09-22T00:52:42Z,"","Atlantic Records",0.842,0.678,5,-5.325,1,0.0413,0.491,0.00000728,0.14,0.603,126.062,4
spotify:track:6YJYhPKP7MRzJSHqe3QI9K,"Garbage","Breach","Twenty One Pilots",2025-09-12,196666,68,false,raphaelfr17,2025-09-22T00:53:11Z,"","Fueled By Ramen",0.559,0.824,1,-5.361,1,0.0314,0.0986,0.0000492,0.217,0.345,98.948,4
spotify:track:0PNcOWwHCZskibSCekpKpS,"Leave The Light On","Leave The Light On","Beth Hart",2003,243266,49,false,nicmf,2025-09-22T01:13:20Z,"blues,blues rock,blues moderno","Columbia",0.562,0.494,9,-6.153,1,0.0267,0.249,0.00000698,0.134,0.151,142.006,4
spotify:track:7p5pEvfWMzRmhAQOZn095X,"Nicole","American Excess","Point Blank",1981-01-01,233803,0,false,nicmf,2025-09-22T03:19:53Z,"southern rock,aor","Rdeg",0.625,0.663,9,-5.993,0,0.0341,0.222,0.0000483,0.0938,0.248,106.286,4
spotify:track:7mWBvNosCez1ry9f1ba197,"Tears On My Piano","CHARLIE","Charlie Puth",2022-10-07,181385,51,true,nicmf,2025-09-22T03:25:30Z,"o lado suave do pop","Atlantic Records",0.562,0.729,1,-5.503,0,0.0926,0.239,0.0000133,0.111,0.831,192.168,4
spotify:track:70C4NyhjD5OZUMzvWZ3njJ,"Piano Man","Piano Man (Legacy Edition)","Billy Joel",1973-11-07,339000,89,false,nicmf,2025-09-22T03:26:03Z,"soft rock","Columbia/Legacy",0.331,0.55,0,-6.483,1,0.0272,0.605,0.00000396,0.192,0.429,177.734,3
spotify:track:2VvdnhGdRYqYCenXLh6rJ4,"The Big Goodbye","What No One's Thinking","AJR",2025-09-05,302653,64,true,nicmf,2025-09-22T04:01:23Z,"","AJR Productions",0.545,0.503,10,-8.295,1,0.0382,0.3,0,0.0886,0.223,92.06,4
spotify:track:3FbMtvXMcjmuAzlAhgwK0I,"Intentions","Breach","Twenty One Pilots",2025-09-12,135693,64,false,nicmf,2025-09-22T04:02:30Z,"","Fueled By Ramen",0.238,0.0788,7,-17.199,1,0.0358,0.888,0.0324,0.0796,0.0761,60.486,4
spotify:track:0Ji9UonfwC90rbZ4IaQhOb,"City Walls","Breach","Twenty One Pilots",2025-09-12,322066,74,false,nicmf,2025-09-22T04:04:03Z,"","Fueled By Ramen",0.546,0.861,11,-5.18,0,0.0647,0.00867,0.00000207,0.339,0.274,93.992,4
spotify:track:3Mi8mCnvcBPdiPgmHYWEow,"The Weight","Handwritten (Deluxe)","Shawn Mendes",2015-04-14,183466,52,false,nicmf,2025-09-23T02:43:45Z,"","Island Records",0.476,0.496,10,-6.948,1,0.0368,0.416,0,0.0945,0.333,111.355,4
spotify:track:5lvnGiTAH9BVlJLHc0DXZz,"Just A Little Bit Of Your Heart","My Everything (Deluxe)","Ariana Grande",2014-08-22,232586,64,false,nicmf,2025-09-23T03:32:15Z,"pop","Universal Records",0.44,0.323,9,-5.957,1,0.0281,0.692,0,0.103,0.158,77.986,4
spotify:track:0NTMtAO2BV4tnGvw9EgBVq,"Bitch Better Have My Money","Bitch Better Have My Money","Rihanna",2015-03-26,219305,80,true,nicmf,2025-09-23T03:32:29Z,"","Roc Nation / Rihanna",0.781,0.728,1,-4.981,1,0.0621,0.0509,0.00000194,0.257,0.395,102.99,4
spotify:track:1T575AhHueYinKSDflEsGK,"Heaven","Fifty Shades Freed (Original Motion Picture Soundtrack)","Julia Michaels",2018-02-09,191786,68,false,nicmf,2025-09-25T03:43:13Z,"","Republic/Universal/FSF",0.554,0.371,7,-9.104,0,0.0361,0.857,0,0.0838,0.245,199.84,3
spotify:track:2NBQmPrOEEjA8VbeWOQGxO,"Drop It Like It's Hot","R&G (Rhythm & Gangsta): The Masterpiece","Snoop Dogg;Pharrell Williams",2004-01-01,266066,82,true,nicmf,2025-09-25T04:14:23Z,"g-funk,west coast hip hop,gangster rap,hip hop old school,hip hop,rap","Geffen",0.888,0.632,1,-3.872,1,0.219,0.19,0,0.101,0.662,91.979,4
spotify:track:0ntQJM78wzOLVeCUAW7Y45,"Sex on Fire","Only By The Night","Kings of Leon",2008-09-23,203346,91,false,nicmf,2025-09-25T04:16:59Z,"","RCA/Legacy",0.542,0.905,9,-5.653,1,0.054,0.00172,0.0104,0.136,0.374,153.398,4
spotify:track:2MLHyLy5z5l5YRp7momlgw,"Island In The Sun","Weezer","Weezer",2001-05-15,200306,88,false,nicmf,2025-09-25T04:17:46Z,"rock alternativo","Geffen",0.654,0.81,4,-6.26,0,0.0288,0.00719,0.00251,0.165,0.661,114.622,4
spotify:track:6apPqjW8ezpKEicAkkBlvO,"Islands in the Stream","Pure & Simple","Dolly Parton;Kenny Rogers",2016-08-19,250705,9,false,nicmf,2025-09-25T04:17:51Z,"country,country clássico","RCA Records Label Nashville",0.611,0.524,8,-8.256,1,0.035,0.68,0,0.0753,0.73,203.787,4
spotify:track:0uFNdjWpogmaJYp2zlNJj5,"Hollywood Whore","Hotel Diablo","mgk",2019-07-05,203174,57,true,nicmf,2025-09-25T04:24:57Z,"","Bad Boy/Interscope Records",0.734,0.836,6,-5.953,0,0.0817,0.0116,0,0.106,0.214,100.022,4
spotify:track:0Sayb1EWTywPttwJo7zjBt,"Six Degrees of Separation","#3 Deluxe Version","The Script",2012-09-10,232253,61,true,nicmf,2025-09-25T04:25:25Z,"","Epic/Phonogenic",0.517,0.828,4,-4.223,1,0.0493,0.156,0,0.901,0.516,147.956,4
spotify:track:1xrN7hQ8TyqCyC5YDZUIoM,"Hollywood","Overwatch Collector's Edition Soundtrack","Derek Duke;Adam Burgess;Overwatch;Blizzard Entertainment",2016-05-24,78880,22,false,raphaelfr17,2025-09-25T04:25:30Z,"trilha sonora,medieval","Azeroth Music",0.428,0.57,0,-9.477,1,0.0433,0.0205,0.453,0.276,0.253,135.881,4
spotify:track:2viBEmpMB7vRfEj6JX42pi,"A Vida É um Rio - Ao Vivo","Raffa Torres ao Vivo em São Paulo","Raffa Torres",2019-08-13,220285,55,false,nicmf,2025-09-26T01:14:53Z,"sertanejo","Raffa Torres",0.286,0.445,4,-9.278,1,0.0358,0.582,0.00000184,0.62,0.392,74.689,4
spotify:track:2PRfyZn7ikN2xtowqUIJ9M,"Comida","Jesus Não Tem Dentes No País Dos Banguelas","Titãs",1987,235666,45,false,raphaelfr17,2025-10-04T12:31:10Z,"rock brasileiro,mpb,pop nacional","WM Brazil",0.842,0.753,11,-7.983,0,0.0703,0.21,0.000741,0.0577,0.827,116.127,4
spotify:track:1ZvbLYAXwvMfaPtN65QF2D,"skinny dipping","emails i can't send","Sabrina Carpenter",2022-07-15,177750,60,false,nicmf,2025-10-04T13:21:11Z,"pop","Island Records",0.452,0.536,4,-8.864,1,0.14,0.261,0,0.14,0.426,122.375,5
spotify:track:3euZKF0hmGxQ6h2JHHY4iu,"Opalite","The Life of a Showgirl","Taylor Swift",2025-10-03,235355,74,false,nicmf,2025-10-08T02:13:00Z,"","Taylor Swift",0.806,0.821,4,-5.097,0,0.0373,0.0809,0,0.0707,0.774,124.997,4
spotify:track:43ee3gqWBlPKe2MeGJ2S6I,"RAWFEAR","Breach","Twenty One Pilots",2025-09-12,202266,74,false,raphaelfr17,2025-10-08T02:45:56Z,"","Fueled By Ramen",0.418,0.811,9,-5.132,1,0.0392,0.112,0,0.471,0.419,110.078,4
spotify:track:7CUQQLRMIeSfa4m2uQcRHp,"Rancorosa - Ao Vivo Em Brasília","Rancorosa (Ao Vivo Em Brasília)","Henrique & Juliano",2023-03-21,181457,10,false,nicmf,2025-10-10T02:38:25Z,"sertanejo,sertanejo universitário,arrocha,agronejo","Vida Nova Producoes",0.644,0.872,5,-4.187,1,0.0563,0.308,0,0.536,0.507,142.02,4
spotify:track:3yKIL7niCEJajKlVmMNBZA,"Days Lie Dormant","Breach","Twenty One Pilots",2025-09-12,206720,66,false,raphaelfr17,2025-10-18T15:49:02Z,"","Fueled By Ramen",0.438,0.743,0,-5.083,1,0.0545,0.00847,0,0.144,0.221,87.563,4
spotify:track:5t54WbqXtMwT5yF1nQSuKz,"Baby Don't Lie","Baby Don't Lie","Gwen Stefani",2014-10-20,202533,49,false,nicmf,2025-10-27T23:34:35Z,"","Interscope",0.688,0.551,10,-5.496,0,0.031,0.0125,0.229,0.101,0.264,99.964,4
spotify:track:2OsEJFTfzfjG4oC92cuP2c,"Slow Down","Stars Dance (Bonus Track Version)","Selena Gomez",2013-01-01,210293,76,false,nicmf,2025-10-28T00:08:00Z,"","Hollywood Records",0.721,0.821,1,-3.856,0,0.165,0.073,0,0.631,0.721,127.944,4
spotify:track:1sry6zoawYLtxhLf9SHztL,"Crazy Noisy Bizarre Town (From ""Jojo's Bizarre Adventure: Diamond Is Unbreakable"") [feat. Skully Tun]","Primetime Adventures","Chipmusic Heroes;Skully Tun",2016-08-10,182693,43,false,raphaelfr17,2025-10-29T03:17:14Z,"anime","Chipmusic Heroes",0.49,0.953,7,-3.85,1,0.184,0.00305,0,0.0701,0.362,135.923,4
spotify:track:7t8KM7hbYYZKlemuGnlJrC,"A Dog Song","What No One's Thinking","AJR",2025-09-05,222666,50,true,raphaelfr17,2025-10-31T00:32:51Z,"","AJR Productions",0.295,0.472,3,-8.48,1,0.0317,0.291,0,0.152,0.293,86.437,3
spotify:track:7oaEjLP2dTJLJsITbAxTOz,"Touch (feat. Paul Williams)","Random Access Memories","Daft Punk;Paul Williams",2013-05-20,498960,65,false,raphaelfr17,2025-11-01T22:48:37Z,"house francês,eletronic,electro","Columbia",0.29,0.412,6,-12.659,0,0.0458,0.477,0.0839,0.079,0.12,90.539,4
spotify:track:2eTOMVASq9FhCaREtWj4rh,"O Cheiro Da Carolina","Aboios e Vaquejadas","Luiz Gonzaga",1956,157200,54,false,nicmf,2025-11-06T01:46:44Z,"forró tradicional,forró,mpb","Sony Music Entertainment",0.859,0.631,0,-5.326,1,0.0366,0.338,0.0000103,0.168,0.922,84.2,4
spotify:track:6jLIVFsZsCnPgYkjqONjsw,"Nuvem Passageira","Desencontro de Primavera","Hermes Aquino",1977-04-15,275866,52,false,nicmf,2025-11-06T01:46:56Z,"mpb,brega","Tapecar",0.48,0.403,3,-9.658,1,0.026,0.248,0.000337,0.104,0.628,77.147,4
spotify:track:1YrY0vjHWp672gt0crtj5A,"End Of An Era","Radical Optimism","Dua Lipa",2024-05-03,196218,74,false,raphaelfr17,2025-11-07T02:05:22Z,"pop","Warner Records",0.661,0.818,0,-5.814,1,0.0557,0.116,0,0.166,0.772,117.045,4
spotify:track:6KnH7EdHFpfg8bpyLUXq6R,"Delírio","Delírio","OUTROEU;Clarissa",2022-01-28,162563,33,false,nicmf,2025-11-13T00:52:14Z,"nova mpb,mpb,pop nacional","Universal Music Ltda.",0.758,0.584,1,-6.459,0,0.0309,0.0322,0,0.145,0.561,114.957,4
spotify:track:370n1XAk0UY3lAFQQKncYe,"Ratinho Tomando Banho","Meu Pé Meu Querido Pé","Hélio Ziskind",1997-01-01,76480,63,false,raphaelfr17,2025-11-13T02:23:02Z,"canção de ninar,música infantil","MCD Kidz",0.784,0.651,5,-6.558,1,0.167,0.682,0,0.217,0.962,139.94,4
spotify:track:40fD7ct05FvQHLdQTgJelG,"Splish Splash","Bobby Darin","Bobby Darin",1958,131693,65,false,raphaelfr17,2025-11-13T02:23:44Z,"big band,música de adulto,swing music,doo-wop","Rhino Atlantic",0.645,0.943,0,-1.526,1,0.0393,0.385,0,0.37,0.965,147.768,4
spotify:track:7ydN6k1pLu6GRJsJpFXnYu,"Hands","Hands","Mike Perry;The Vamps;Sabrina Carpenter",2017-05-19,166909,51,false,nicmf,2025-11-13T02:24:25Z,"tropical house,pop","DF Records",0.719,0.707,0,-5.045,0,0.0443,0.0172,0,0.312,0.602,100.019,4
spotify:track:1f18HzFpegqvH4ibGJyeMJ,"2 hands","2 hands","Tate McRae",2024-11-14,181820,66,true,nicmf,2025-11-13T02:24:41Z,"","RCA Records Label",0.608,0.806,1,-3.443,1,0.0486,0.121,0,0.191,0.587,104.032,4
spotify:track:3SliIEDG2MqiurzdU60QRq,"Amianto","Amianto","Supercombo",2014-01-29,257252,52,false,nicmf,2025-11-13T02:33:22Z,"rock brasileiro,nova mpb,mpb","Elemess",0.439,0.517,2,-7.161,0,0.0323,0.162,0,0.296,0.177,113.29,5
spotify:track:3l8ACerUtJfRd0rxJJ4Gkx,"Radio","Radio","Bershy",2022-10-07,201853,69,false,raphaelfr17,2025-11-13T05:00:01Z,"","Bridge Between Records",0.67,0.787,0,-5.288,1,0.0397,0.169,0.00000168,0.112,0.721,131.975,4
spotify:track:3u6zpa0QXDr9A2mnZFBkzE,"The Boxer","Babel (Deluxe Version)","Jerry Douglas;Mumford & Sons;Paul Simon",2012-09-21,245229,53,false,nicmf,2025-11-15T17:34:01Z,"bluegrass,newgrass,folk,indie folk,folk rock,cantor e compositor","Universal-Island Records Ltd.",0.459,0.381,0,-10.804,1,0.0313,0.658,0.0000445,0.0964,0.287,97.848,4
spotify:track:5Vfag6yzDGcaN12jVgYCdw,"Desapegado","Desapegado","nknog",2023-11-24,175142,4,false,nicmf,2025-11-15T18:37:08Z,"","Selim de Musica",0.71,0.615,1,-6.987,0,0.0496,0.304,0,0.223,0.566,90.927,4
spotify:track:6XQ87rq4dZpaNG8aVi99Jg,"Dono da Porsche (Bom Dia Princesa)","Dono da Porsche (Bom Dia Princesa)","MC Reino",2024-01-24,156731,46,true,nicmf,2025-11-15T18:39:35Z,"brega funk,brega,funk,funk carioca","Brega da Nasa",0.819,0.557,2,-8.2,1,0.0728,0.508,0.0577,0.0894,0.688,82.445,4
spotify:track:3lPr8ghNDBLc2uZovNyLs9,"Supermassive Black Hole","Black Holes and Revelations","Muse",2006-06-28,212439,87,false,raphaelfr17,2025-11-15T18:46:23Z,"rock alternativo,rock","Warner Records",0.668,0.921,7,-3.727,1,0.0439,0.0492,0.00517,0.0877,0.782,120,4
spotify:track:7KBfjlQ85Fqs2MCCvXSW0c,"Bum Bum Tam Tam","Bum Bum Tam Tam","MC Fioti;Novo Império",2017-02-08,155550,65,true,nicmf,2025-11-15T19:08:32Z,"funk","RW Produtora",0.957,0.667,10,-5.353,0,0.0856,0.826,0.0205,0.179,0.556,132.01,4
spotify:track:7KA4W4McWYRpgf0fWsJZWB,"See You Again (feat. Kali Uchis)","Flower Boy","Tyler, The Creator;Kali Uchis",2017-07-21,180386,93,true,raphaelfr17,2025-11-15T19:16:15Z,"","Columbia",0.558,0.559,6,-9.222,1,0.0959,0.371,0.00000749,0.109,0.62,78.558,4
spotify:track:3X7uFMzJrEE0sxn62qd8Ch,"Nothing's Gonna Stop Us Now","No Protection","Starship",1987-07-27,270333,88,false,nicmf,2025-11-16T18:32:14Z,"","Rhino",0.643,0.802,6,-4.92,1,0.0227,0.0299,0,0.0719,0.53,95.99,4
spotify:track:2RChe0r2cMoyOvuKobZy44,"Always","Cross Road","Bon Jovi",1994-10-18,353026,84,false,nicmf,2025-11-16T18:56:48Z,"glam metal","Bon Jovi Dist Deal (Catalog)",0.384,0.659,4,-5.558,1,0.0314,0.115,0,0.0778,0.326,140.795,4
spotify:track:2uG7RbrJSq5bZWv7ufDyTg,"It's Time to Wake Up 2023","Psycho Tropical Berlin","La Femme",2013-04-20,411440,57,false,nicmf,2025-11-16T19:19:47Z,"indie pop francês,pop francês,house francês","Disque Pointu",0.675,0.585,5,-6.886,1,0.0264,0.314,0.666,0.0888,0.113,109.982,4
spotify:track:4rfaoyaZvNa60cj3OKSQV9,"Migraine","Vessel","Twenty One Pilots",2013-01-08,239014,70,false,nicmf,2025-11-16T23:55:12Z,"","Fueled By Ramen",0.69,0.678,0,-6.52,1,0.154,0.11,0,0.246,0.409,173.995,4
spotify:track:6qyHrvvb1XBFitJlKAN9Lt,"Sarrada no Ar","Sarrada no Ar","Mc Crash",2017-10-31,206027,52,true,nicmf,2025-11-17T23:05:08Z,"","MC CRASH",0.925,0.668,4,-4.572,0,0.0761,0.525,0.00000315,0.0862,0.615,129.906,4
spotify:track:4GXl8l1MfZPf2GvpyRPJBf,"pick up the phone (feat. Quavo)","pick up the phone (feat. Quavo)","Young Thug;Travis Scott;Quavo",2016-06-03,252262,73,true,nicmf,2025-11-17T23:05:19Z,"rap,rap melódico,trap","Cactus Jack / Epic",0.706,0.716,7,-4.263,0,0.0768,0.115,0,0.316,0.459,136.904,4
spotify:track:6Qyc6fS4DsZjB2mRW9DsQs,"Iris","Dizzy up the Girl","The Goo Goo Dolls",1998,289533,97,false,nicmf,2025-11-18T00:10:08Z,"","Warner Records",0.315,0.715,11,-8.072,0,0.0362,0.00125,0.00000797,0.0942,0.497,155.925,3
spotify:track:3QaPy1KgI7nu9FJEQUgn6h,"WILDFLOWER","HIT ME HARD AND SOFT","Billie Eilish",2024-05-17,261466,93,false,nicmf,2025-11-18T00:11:47Z,"","Darkroom/Interscope Records",0.467,0.247,6,-12.002,0,0.0431,0.612,0.000271,0.17,0.126,148.101,4
spotify:track:1Uk3UZEQzyn1Z2Kb7QkuWR,"Despicable Me","Despicable Me 3 (Original Motion Picture Soundtrack)","Pharrell Williams",2017-06-23,255226,56,false,raphaelfr17,2025-11-18T01:49:37Z,"","i am OTHER/Columbia",0.774,0.344,0,-12.027,1,0.102,0.0538,0,0.0784,0.34,84.955,4
spotify:track:2o2sgVJIgFXk8GQjWTgI6U,"long story short","evermore","Taylor Swift",2020-12-11,215920,62,false,nicmf,2025-11-18T01:55:52Z,"","Taylor Swift",0.546,0.73,0,-7.704,1,0.0417,0.66,0.179,0.0972,0.573,157.895,4
spotify:track:3BKgKo6yH6fyRwKPGLddc4,"Memory","Here Comes the Night","Barry Manilow",1982-01-21,297807,40,false,nicmf,2025-11-18T01:56:43Z,"yacht rock,música de adulto","Arista",0.277,0.289,6,-11.804,0,0.0267,0.357,0.00000175,0.141,0.0559,81.949,3
spotify:track:2DgdHcjWmO3qd50RzuBLgZ,"House of Memories","Death of a Bachelor","Panic! At The Disco",2016-01-15,208706,85,false,raphaelfr17,2025-11-18T01:57:17Z,"emo","Decaydance/Fueled By Ramen",0.506,0.817,11,-5.051,0,0.0335,0.00272,0,0.0486,0.506,109.952,4
spotify:track:5cF0dROlMOK5uNZtivgu50,"Attention","Voicenotes","Charlie Puth",2018-05-11,208786,91,false,nicmf,2025-11-18T01:59:27Z,"o lado suave do pop","Artist Partner",0.775,0.613,3,-4.586,0,0.0542,0.109,0.0000233,0.134,0.797,100.066,4
spotify:track:0Zky844NuMwLNJoCRJUTa2,"Till I Collapse","Real Steel - Music From The Motion Picture","Eminem;Nate Dogg",2011-01-01,299880,49,false,nicmf,2025-11-18T02:02:37Z,"rap,hip hop,g-funk,west coast hip hop,hip hop old school","Interscope",0.559,0.778,1,-5.272,1,0.223,0.0745,0,0.0734,0.094,171.343,4
spotify:track:1sKtD5KMZgTFHbsxjgqfZh,"WHAT THE HELL ARE WE DYING FOR ?","WHAT THE HELL ARE WE DYING FOR ?","Shawn Mendes",2023-06-09,229565,56,false,raphaelfr17,2025-11-18T02:54:26Z,"","Shawn Mendes LP4-5 PS/ Island",0.483,0.557,1,-7.286,1,0.0346,0.35,0.000103,0.0468,0.317,92.106,4
spotify:track:645YQL4pTFeA8Ob1bsPL42,"Sede de Vencer","Eh Noiz Ki Tá","MC Hariel;Ferrugem;Murillo e LT no Beat;Duani",2025-08-21,203244,39,false,nicmf,2025-11-18T03:04:31Z,"funk,funk consciente,trap funk,pagode,samba,trap brasileiro","WM Brazil",0.618,0.818,7,-3.29,0,0.133,0.464,0,0.147,0.778,172.468,3
spotify:track:6iF4RgIjDvDqyW13PezSj3,"Single Soon","Single Soon","Selena Gomez",2023-08-25,171655,68,false,nicmf,2025-11-19T02:28:01Z,"","Interscope Records",0.61,0.571,2,-5.649,1,0.0782,0.00863,0,0.131,0.747,105.01,4
spotify:track:6s8nHXTJVqFjXE4yVZPDHR,"Troublemaker (feat. Flo Rida)","Right Place Right Time (Expanded Edition)","Olly Murs;Flo Rida",2012-11-26,185586,80,false,nicmf,2025-11-19T02:34:17Z,"","Epic",0.762,0.863,0,-3.689,0,0.0561,0.015,0,0.125,0.965,106.012,4
spotify:track:2jPCbFrFlyGbKgblxub8Lm,"Your Love","Play Deep","The Outfield",1985,216466,4,false,raphaelfr17,2025-11-25T03:10:50Z,"","Columbia",0.579,0.654,1,-12.421,0,0.0553,0.121,0.00000362,0.0673,0.616,129.537,4
spotify:track:4IFzNgv2qEkI1U7TrTUqbm,"Lost","Lost","Kontinuum;Savoi",2015-12-04,237881,0,false,raphaelfr17,2025-11-25T03:12:28Z,"future bass","NCS",0.656,0.828,2,-4.392,1,0.0823,0.0102,0,0.0756,0.0696,113.034,4
spotify:track:1baWTzEA3bHpK2nMmomDmj,"Marvin - Patches","Acústico MTV","Titãs",1997-09-22,264293,58,false,raphaelfr17,2025-12-01T03:31:05Z,"rock brasileiro,mpb,pop nacional","WM Brazil",0.581,0.704,9,-8.962,1,0.0838,0.206,0.00000103,0.942,0.704,167.415,4
spotify:track:225xvV8r1yKMHErSWivnow,"I Don't Want to Miss a Thing - From ""Armageddon"" Soundtrack","Armageddon - The Album","Aerosmith",1998-06-23,298760,79,false,nicmf,2025-12-02T03:40:59Z,"rock clássico,rock","Columbia/Sony Music Soundtrax",0.383,0.662,2,-5.162,1,0.0333,0.165,0,0.248,0.138,121.154,4
spotify:track:0JIYoXtJfORxI6gRpHv6ZW,"Traumatizei - Ao Vivo Em Brasília","To Be (Ao Vivo Em Brasília EP1)","Henrique & Juliano",2023-02-03,172005,16,false,nicmf,2025-12-02T04:15:33Z,"sertanejo,sertanejo universitário,arrocha,agronejo","Vida Nova Producoes",0.483,0.91,11,-3.474,1,0.0845,0.13,0,0.395,0.576,166.057,4
spotify:track:56hQBqLZ8ajwhMn1l6TcgZ,"Racio símio","Õ Blesq Blom","Titãs",1989-12-20,199826,24,false,raphaelfr17,2025-12-02T04:16:21Z,"rock brasileiro,mpb,pop nacional","WM Brazil",0.732,0.781,7,-10.802,1,0.0296,0.00836,0.000572,0.0668,0.883,133.304,4
spotify:track:44ONERBHALxftQNWq6dmyd,"Side To Side","Dangerous Woman","Ariana Grande;Nicki Minaj",2016-04-01,226160,86,true,nicmf,2025-12-03T01:46:27Z,"pop","Universal Records",0.649,0.736,6,-5.84,0,0.23,0.0528,0,0.235,0.612,159.182,4
spotify:track:127QTOFJsJQp5LbJbu3A1y,"Toosie Slide","Toosie Slide","Drake",2020-04-03,247058,74,true,nicmf,2025-12-03T01:46:49Z,"rap","OVO",0.834,0.454,1,-9.75,0,0.201,0.321,0.00000615,0.114,0.837,81.618,4
spotify:track:4iHCodolxdaRL2rTvZNGwS,"Thief","Smoke + Mirrors (Deluxe)","Imagine Dragons",2015-10-23,227493,45,false,raphaelfr17,2025-12-03T02:54:30Z,"","Kid Ina Korner / Interscope",0.418,0.715,0,-5.75,1,0.042,0.00277,0.0000223,0.106,0.129,149.954,4
spotify:track:6kcINnJAdopjpuNUP21brL,"Estou Morrendo Aos Poucos","Entre O Céu E A Terra","KLB",2008-01-01,215386,42,false,nicmf,2025-12-03T03:03:01Z,"pop nacional","Universal Music Ltda.",0.548,0.385,1,-7.411,0,0.0276,0.68,0,0.128,0.245,89.93,4
spotify:track:3NsOncTYyAp2wKwJIEhMcW,"Um Elefante Incomoda Muita Gente","Galinha Pintadinha, Vol. 2","Galinha Pintadinha",2010-07-01,201373,49,false,raphaelfr17,2025-12-03T03:56:58Z,"canção de ninar,música infantil","Tratore",0.883,0.465,8,-8.23,1,0.084,0.602,0,0.554,0.919,101.942,4
spotify:track:2EjXfH91m7f8HiJN1yQg97,"Rockin' Around The Christmas Tree","Merry Christmas From Brenda Lee","Brenda Lee",1964-10-19,126266,70,false,nicmf,2025-12-07T18:47:06Z,"natal","MCA Nashville",0.598,0.47,8,-8.744,1,0.0496,0.617,0,0.505,0.879,67.086,4
spotify:track:4hVemBIWiWTauLsXQlBBLd,"Like the Holidays","The Occasion","The Astronomers",2022-11-04,179012,1,false,raphaelfr17,2025-12-07T18:47:34Z,"","The Astronomers (Futures)",0.588,0.457,0,-9.275,1,0.222,0.568,0,0.0798,0.575,175.932,4
spotify:track:7iAqvWLgZzXvH38lA06QZg,"I Want To Break Free","Bohemian Rhapsody (The Original Soundtrack)","Queen",2018-10-19,223080,54,false,nicmf,2025-12-08T12:57:12Z,"rock clássico,rock,glam rock","EMI",0.807,0.414,4,-8.903,1,0.0352,0.105,0.0000278,0.0813,0.502,108.944,4
spotify:track:5UXJzLFdBn6u9FJTCnoHrH,"Memories","Superache","Conan Gray",2022-06-24,248818,82,false,raphaelfr17,2025-12-09T20:29:31Z,"","Republic Records",0.34,0.684,11,-6.306,1,0.044,0.00979,0,0.348,0.556,112.969,4
spotify:track:1Sw6klzuayUnXDAAJJGpRh,"Nice Things","Nice Things","Gia Darcy",2024-08-14,170869,41,false,nicmf,2025-12-09T20:31:15Z,"","Gia Darcy",0.592,0.791,9,-6.154,1,0.0681,0.482,0,0.0717,0.614,91.999,4
spotify:track:7ndGFo9nZ108KPgXtfYWCe,"Sweetest Thing","The Joshua Tree (Super Deluxe)","U2",1987-03-03,184543,63,false,raphaelfr17,2025-12-09T20:32:10Z,"rock","UMC (Universal Music Catalogue)",0.524,0.641,0,-8.967,1,0.0497,0.0437,0.0000278,0.159,0.482,141.65,4
spotify:track:2hl9ONQ7YGgZGYx0OSHvIq,"Philadelphia Freedom","Captain Fantastic And The Brown Dirt Cowboy","Elton John",1975-05-19,324573,59,false,nicmf,2025-12-17T00:56:44Z,"","EMI",0.712,0.681,0,-6.351,0,0.0294,0.0444,0.000235,0.0592,0.809,125.497,4
spotify:track:3EGlnkJGcwz73rT0oE0X1X,"Friends Will Be Friends - Remastered 2011","A Kind Of Magic (2011 Remaster)","Queen",1986-06-02,246906,41,false,raphaelfr17,2025-12-21T19:52:13Z,"rock clássico,rock,glam rock","EMI",0.447,0.531,7,-7.721,1,0.0269,0.0377,0.0000128,0.336,0.339,75.051,3
spotify:track:2ItNKt19iqefEe590Z9GeE,"Five Nights at Freddy's","Five Nights at Freddy's","The Living Tombstone",2014-09-19,165831,68,false,raphaelfr17,2025-12-22T22:56:02Z,"","Ghost Pixel Records",0.491,0.771,9,-5.037,1,0.041,0.00149,0.000262,0.232,0.242,103.005,4
spotify:track:3hm9Df6fGtYVPicuJulXyN,"Celebrate (From the Original Motion Picture ""Penguins of Madagascar"")","Globalization","Pitbull",2014-11-24,192683,57,false,raphaelfr17,2026-01-01T02:00:42Z,"","Mr.305/Polo Grounds Music/RCA Records",0.684,0.853,9,-2.565,0,0.0616,0.0136,0.0000145,0.0566,0.933,126.952,4
spotify:track:0iF2k99DJgFbPmsUQUFbtm,"Celebrate","Celebrate","Ingrid Michaelson;AJR",2016-05-08,197720,48,false,raphaelfr17,2026-01-01T02:02:03Z,"","Ingrid Michaelson (Spirit Music)",0.791,0.626,11,-6.144,1,0.246,0.0607,0,0.803,0.707,96.96,4
spotify:track:3K7Q9PHUWPTaknlbFPThn2,"Celebration","Celebrate!","Kool & The Gang",1980-09-29,298866,77,false,nicmf,2026-01-01T02:35:59Z,"disco,funk americano","Island Mercury",0.886,0.664,1,-11.795,1,0.0524,0.145,0.0483,0.0767,0.906,121.631,4
spotify:track:3zwMVvkBe2qIKDObWgXw4N,"right where you left me - bonus track","evermore (deluxe version)","Taylor Swift",2021-01-07,245026,80,false,nicmf,2026-01-15T18:29:14Z,"","TS/Republic",0.581,0.619,10,-6.524,1,0.0282,0.769,0.000106,0.117,0.645,137.915,4
spotify:track:11QNo3ld81pncy71q6VIic,"Downstairs","Breach","Twenty One Pilots",2025-09-12,326333,70,false,raphaelfr17,2026-01-16T04:47:49Z,"","Fueled By Ramen",0.529,0.564,1,-6.854,1,0.0455,0.283,0,0.062,0.205,109.869,4
spotify:track:2jfyY5GIc7wsYVIrCnjblC,"Formidable","Scaled And Icy","Twenty One Pilots",2021-05-21,176324,63,false,raphaelfr17,2026-01-16T04:47:56Z,"","Fueled By Ramen",0.653,0.559,6,-6.758,0,0.0276,0.00983,0.000473,0.062,0.731,137.006,4
spotify:track:4u7EnebtmKWzUH433cf5Qv,"Bohemian Rhapsody - Remastered 2011","A Night At The Opera (2011 Remaster)","Queen",1975-11-21,354320,62,false,raphaelfr17,2026-01-30T13:18:01Z,"rock clássico,rock,glam rock","EMI",0.411,0.404,0,-9.928,0,0.0511,0.271,0,0.3,0.226,71.068,4
spotify:track:2YSbHu9XF4bNYWt3MnIhgE,"Bohemian Rhapsody","Suicide Squad: The Album","Panic! At The Disco",2016-08-05,363114,54,false,raphaelfr17,2026-01-30T13:18:11Z,"emo","Atlantic Records",0.386,0.562,10,-4.363,1,0.03,0.175,0.00000917,0.209,0.228,72.945,4
spotify:track:0oilldSoMojnhcTsAapMQ3,"Poor Boy","For LP Fans Only","Elvis Presley",1959-01-23,136118,31,false,nicmf,2026-01-30T22:26:37Z,"rockabilly,rock and roll","RCA Victor",0.669,0.429,9,-8.989,1,0.0397,0.46,0,0.15,0.946,116.895,4
spotify:track:5gWtkdgdyt5bZt9i6n3Kqd,"Mad Hatter","Cry Baby (Deluxe Edition)","Melanie Martinez",2015-08-14,201520,74,false,nicmf,2026-01-30T22:26:57Z,"","Atlantic Records",0.568,0.692,8,-4.513,1,0.0589,0.0161,0,0.148,0.577,92.023,4
spotify:track:2LbJeXxDsWwu3rIz4wdIcK,"Keep Me Crazy","Watching The Sky","Sheppard",2018-06-08,196953,54,false,raphaelfr17,2026-01-31T00:05:26Z,"","Decca (UMO)",0.683,0.875,2,-5.11,1,0.0552,0.0226,0,0.175,0.717,143.957,4
spotify:track:7rbECVPkY5UODxoOUVKZnA,"I Wonder","Graduation","Kanye West",2007-09-11,243440,87,true,raphaelfr17,2026-02-07T13:06:45Z,"rap","Roc-A-Fella",0.542,0.466,0,-8.668,1,0.0824,0.141,0.000444,0.125,0.127,191.386,4
spotify:track:6oVxXO5oQ4pTpO8RSnkzvv,"Dress","reputation","Taylor Swift",2017-11-10,230373,84,false,raphaelfr17,2026-02-09T02:13:10Z,"","Taylor Swift",0.719,0.469,0,-8.792,1,0.0533,0.0329,0,0.169,0.0851,120.085,4
spotify:track:4VxTzYm00mg82MuoT35Ja7,"CHANEL","CHANEL","Tyla",2025-10-24,188059,82,true,raphaelfr17,2026-02-09T02:36:26Z,"afrobeats","Epic",0.861,0.77,11,-4.977,0,0.0529,0.133,0,0.446,0.883,114.958,4
spotify:track:5QTTqnJUZ67yVXexI5efjI,"America, F**K Yeah! (From ""Team America World Police"")","America, F**K Yeah! (From ""Team America World Police"")","Geek Music",2021-10-01,163331,50,true,raphaelfr17,2026-02-14T18:45:06Z,"anime","Geek Music",0.543,0.695,4,-8.075,0,0.0839,0.261,0,0.106,0.266,169.664,4
spotify:track:3HWDWyIqWuLsTHECx9DvXF,"Birds","A Head Full of Dreams","Coldplay",2015-12-04,229093,64,false,raphaelfr17,2026-02-16T15:53:11Z,"","Parlophone UK",0.559,0.841,0,-5.584,1,0.0332,0.000315,0.437,0.0816,0.147,105.009,4
spotify:track:2EP2fYLLC32XI5PaDKhylj,"Gypsy","She Wolf (Expanded Edition)","Shakira",2009-10-09,198826,54,false,nicmf,2026-02-16T15:56:25Z,"pop latino","Epic/Legacy",0.764,0.763,6,-5.109,1,0.0576,0.641,0,0.0706,0.511,92.727,4
spotify:track:1zU8j1x3yi9xalMF96pzKp,"Dear John (Taylor's Version)","Speak Now (Taylor's Version)","Taylor Swift",2023-07-07,405906,68,false,raphaelfr17,2026-02-16T18:07:34Z,"","Taylor Swift",0.379,0.468,4,-5.07,1,0.0298,0.0327,0,0.158,0.115,119.447,3
spotify:track:0nwygFtUBQiDA9iFIrZGR9,"bing bong","bbno$","bbno$;VNLLA",2025-10-17,130786,67,true,raphaelfr17,2026-02-17T17:07:30Z,"","bbno$$",0.782,0.987,1,-0.305,1,0.0839,0.0151,0.00000553,0.0457,0.727,134.102,4
spotify:track:3jhyw60F61gc7nC4dblqtC,"JETSKI","JETSKI","PEDRO SAMPAIO;MC Meno K;Melody",2025-12-18,148645,81,true,nicmf,2026-02-19T19:57:25Z,"funk,funk pop,funk carioca,pop nacional,brega funk,trap funk,piseiro","Sony Music Entertainment",0.78,0.756,3,-4.289,0,0.0845,0.3,0,0.0585,0.915,155.052,4
spotify:track:7uVwJHgkpOI8mCCa0T23Vr,"dont let me go","dont let me go","mgk",2024-02-21,173858,45,false,nicmf,2026-02-25T15:57:16Z,"","EST 19XX, LLC, under exclusive license to Bad Boy/Interscope Records",0.681,0.417,8,-11.822,1,0.183,0.631,0.00337,0.0856,0.223,95.153,3
spotify:track:5iOSMXr7h7EEpuCXhhxtLh,"I Bet You Wonder - Original Version of ""Rockin' After Midnight""","Midnight Love & The Sexual Healing Sessions","Marvin Gaye",1982-10-01,402426,10,false,nicmf,2026-02-26T21:52:41Z,"motown,soul clássico,soul,northern soul,quiet storm","Columbia/Legacy",0.797,0.659,3,-8.652,0,0.0391,0.193,0.0000283,0.0594,0.566,125.149,4
spotify:track:2Co0IjcLTSHMtodwD4gzfg,"I Bet on Losing Dogs","Puberty 2","Mitski",2016-06-17,170240,83,false,nicmf,2026-02-26T21:53:30Z,"","Dead Oceans",0.398,0.493,9,-9.561,1,0.0303,0.00347,0.000157,0.106,0.412,82.048,4
spotify:track:1i1fxkWeaMmKEB4T7zqbzK,"Don't Let Me Down","Don't Let Me Down","The Chainsmokers;Daya",2016-02-05,208373,88,false,raphaelfr17,2026-02-26T21:54:34Z,"","Disruptor Records/Columbia",0.533,0.869,11,-5.093,1,0.173,0.156,0.00538,0.136,0.425,159.805,4
spotify:track:4CkgMiMqZ5JzW9iYXSTMTL,"I Bet You Think About Me (feat. Chris Stapleton) (Taylor’s Version) (From The Vault)","Red (Taylor's Version)","Taylor Swift;Chris Stapleton",2021-11-12,285106,74,true,nicmf,2026-02-26T21:54:41Z,"country,outlaw country","Taylor Swift",0.391,0.715,0,-4.516,1,0.0495,0.167,0,0.183,0.473,149.654,3
spotify:track:5cYFwgA5dHoqR3xGnlr9ew,"I Hope (feat. Charlie Puth)","Goldmine","Gabby Barrett;Charlie Puth",2020-06-19,211605,65,false,nicmf,2026-02-26T21:54:52Z,"country,o lado suave do pop","Warner Records Nashville",0.563,0.576,6,-6.495,1,0.0401,0.171,0,0.158,0.412,75.019,4
spotify:track:6St9lR6dhV2tpCNVz7qfrS,"In My Head","Jason Derulo (International)","Jason Derulo",2010-02-24,199026,77,false,nicmf,2026-02-26T21:55:23Z,"","Beluga Heights/Warner Records",0.762,0.748,0,-4.15,0,0.033,0.0266,0,0.348,0.851,110.009,4
spotify:track:6ORqU0bHbVCRjXm9AjyHyZ,"Good Riddance (Time of Your Life)","Nimrod","Green Day",1997-10-14,153466,85,true,nicmf,2026-03-02T23:05:00Z,"punk,pop punk","Reprise",0.475,0.432,7,-7.844,1,0.0302,0.183,0,0.161,0.648,94.605,4
spotify:track:1JtxEMmDhKzA7QRZE1ISNP,"A Grande Família","Moleque Dudu","Dudu Nobre",2001-05-02,168040,44,false,raphaelfr17,2026-03-05T02:09:30Z,"samba,pagode","RCA Records Label",0.767,0.818,0,-7.976,0,0.0799,0.371,0.00000214,0.12,0.949,100.796,4
spotify:track:5mQNY6pTeSDl2doFB7uLbE,"Kids","Oh My My","OneRepublic",2016-12-02,238386,63,false,nicmf,2026-03-05T02:34:35Z,"","Mosley / Interscope",0.596,0.732,2,-6.189,1,0.0401,0.0153,0,0.318,0.228,99.98,4
spotify:track:0eEgMbSzOHmkOeVuNC3E0k,"Kids with Guns","Demon Days","Gorillaz;Neneh Cherry",2005-05-23,225773,71,false,raphaelfr17,2026-03-05T02:40:53Z,"","Parlophone UK",0.838,0.475,4,-5.505,0,0.036,0.000417,0.714,0.226,0.711,106.217,4
spotify:track:4RdRa3qq0GBSKjomxrkh5K,"Guns for Hands","Vessel","Twenty One Pilots",2013-01-08,273335,69,false,raphaelfr17,2026-03-05T02:44:20Z,"","Fueled By Ramen",0.684,0.858,1,-4.266,1,0.0342,0.00694,0.000167,0.0828,0.518,129.963,4
spotify:track:28FRcsSqCrY8GtG5KOjSiY,"Hey Baby (Uhh, ahh)","Das Album","Anton;DJ Ötzi",2010-04-24,218773,58,false,raphaelfr17,2026-03-07T14:43:03Z,"schlager,schlagerparty","HIT GALAXY musicentertainment GmbH",0.662,0.961,7,-4.282,0,0.044,0.122,0,0.35,0.834,135.1,4
spotify:track:4DTpngLjoHj5gFxEZFeD3J,"Codeine Dreaming (feat. Lil Wayne)","Project Baby 2: All Grown Up (Deluxe Edition)","Kodak Black;Lil Wayne",2017-11-24,264531,67,true,nicmf,2026-03-07T15:10:07Z,"rap,hip hop","Atlantic Records",0.736,0.604,1,-7.357,0,0.222,0.0652,0.0000643,0.124,0.574,155.007,4
spotify:track:0D1pEisM3QkiacGXJe5dmd,"(You're The) Devil in Disguise","Elvis 30 #1 Hits","Elvis Presley",2002-09-24,140426,67,false,nicmf,2026-03-07T16:33:52Z,"rockabilly,rock and roll","RCA Records Label",0.481,0.733,5,-7.633,1,0.165,0.573,0.0000117,0.108,0.874,122.903,4
spotify:track:00Mb3DuaIH1kjrwOku9CGU,"Sk8er Boi","Let Go","Avril Lavigne",2002-06-04,204000,85,false,nicmf,2026-03-07T16:44:16Z,"","Arista",0.487,0.9,0,-4.417,1,0.0482,0.0000679,0,0.358,0.484,149.937,4
spotify:track:2EC9IJj7g0mN1Q5VrZkiYY,"Rebel Rebel - 2016 Remaster","Diamond Dogs (2016 Remaster)","David Bowie",1974-05-24,274746,74,false,raphaelfr17,2026-03-07T18:17:08Z,"glam rock,art rock","Parlophone UK",0.635,0.686,9,-15.648,1,0.053,0.209,0.0176,0.282,0.464,125.988,4
spotify:track:0RVC26StglOZKJyCcR02wb,"Don't Throw Out My Legos","Neotheater","AJR",2019-04-26,250839,47,false,raphaelfr17,2026-03-09T22:56:53Z,"","Black Butter",0.629,0.583,2,-6.274,1,0.0415,0.142,0,0.118,0.492,147.036,4
spotify:track:3180WDzph4WrS4sLSNcGfa,"Wings","DNA (Expanded Edition)","Little Mix",2012-11-19,221720,68,false,nicmf,2026-03-21T15:01:03Z,"","Syco Music",0.742,0.878,9,-3.127,0,0.128,0.000758,0.0000888,0.286,0.564,114.965,4
spotify:track:0f1wz7Dm3slZdTwenTjcAn,"Isso Que É Vida","Revel","Filipe Ret;Mãolee",2015-09-04,296122,71,false,nicmf,2026-05-05T12:20:55Z,"hip hop brasileiro,trap brasileiro,trap funk,trap,boom bap","Tudubom Records",0.616,0.64,4,-8.423,0,0.0357,0.0975,0,0.118,0.345,142.992,4
spotify:track:18DEvCPCmzVpo2en9DeylA,"Doot Doot (6 7)","Doot Doot (6 7)","Skrilla",2025-02-07,149766,62,true,raphaelfr17,2026-05-10T21:36:17Z,"","Priority Records",0.604,0.422,7,-9.068,1,0.434,0.0569,0,0.0911,0.187,139.768,4
spotify:track:25jgQBxuUkGDdCG1WGKKN9,"House Tour","Man’s Best Friend","Sabrina Carpenter",2025-08-29,169214,87,false,raphaelfr17,2026-05-23T22:25:03Z,"pop","Island Records",0.765,0.877,6,-4.897,1,0.0844,0.13,0,0.352,0.608,117.997,4
spotify:track:2TZbQZXOuR8osP2AK8yYMN,"Theme From Jurassic Park","Jurassic Park","John Williams",1993-05-25,207426,67,false,raphaelfr17,2026-06-08T01:51:39Z,"trilha sonora,trilha sonora original","Geffen*",0.144,0.132,10,-19.115,1,0.0333,0.946,0.779,0.115,0.0627,102.283,3
spotify:track:6f3Slt0GbA2bPZlz0aIFXN,"The Business","The Business","Tiësto",2020-09-16,164000,77,false,nicmf,2026-06-09T10:24:37Z,"edm,trance,big room","Atlantic Records",0.798,0.62,8,-7.079,0,0.232,0.414,0.0192,0.112,0.235,120.031,4
spotify:track:5xVJU6DJHnmHnbbKS56yCC,"4 da manhã","4 da manhã","UM44K",2017-04-28,216428,67,false,nicmf,2026-06-14T03:41:03Z,"pop nacional,hip hop brasileiro,nova mpb","WM Brazil",0.794,0.474,2,-6.993,0,0.0387,0.66,0,0.112,0.857,111.971,4
spotify:track:7gQ5c5HY6zMsIck6QLY9dJ,"Hurricane","Hello My Name Is...","Bridgit Mendler",2012-01-01,243986,73,false,raphaelfr17,2026-06-14T13:19:02Z,"","Hollywood Records",0.757,0.825,7,-4.062,0,0.0701,0.0398,0.00000263,0.0798,0.446,95.01,4
spotify:track:77sMIMlNaSURUAXq5coCxE,"Fearless (Taylor’s Version)","Fearless (Taylor's Version)","Taylor Swift",2021-04-09,241591,77,false,nicmf,2026-06-14T14:29:17Z,"","Taylor Swift",0.569,0.741,5,-4.963,1,0.0282,0.0122,0,0.333,0.43,100.118,4
spotify:track:6OocN63GLU7NF0wHdewhID,"Invisible","One More Light","Linkin Park",2017-05-19,214346,60,false,nicmf,2026-06-14T14:34:58Z,"nu metal,rap metal,rock,metal alternativo","Warner Records",0.47,0.74,11,-6.093,1,0.07,0.0455,0,0.091,0.562,84.841,4
spotify:track:4mZu6NuOntvYZqCZPrxTqT,"A Vida É Desafio","Nada Como um Dia Após o Outro Dia, Vol. 1 & 2","Racionais MC's;Afro-X",2002-10-07,433200,73,false,nicmf,2026-06-14T14:35:24Z,"hip hop brasileiro,rap,boom bap","Boogie Naipe",0.702,0.918,0,-5.352,1,0.416,0.81,0,0.203,0.555,151.42,4
spotify:track:2bnDTGikdoO8CwzlAPyBHR,"Airplanes, Pt. II (feat. Eminem & Hayley Williams of Paramore)","B.o.B Presents: The Adventures of Bobby Ray","B.o.B;Eminem;Hayley Williams",2010-04-27,319293,70,true,raphaelfr17,2026-06-15T11:45:52Z,"rap,hip hop,art pop","Rebel Rock/Grand Hustle/Atlantic",0.665,0.878,6,-4.745,0,0.206,0.00325,0,0.0663,0.394,93.047,4
spotify:track:1JenqZNMU6unIwVWmoP3J0,"Crawling Back To You","Wildflowers","Tom Petty",1994,305626,57,false,nicmf,2026-06-15T13:19:24Z,"rock clássico","143/Warner Records",0.615,0.495,2,-9.53,0,0.0291,0.056,0.000801,0.11,0.248,115.089,4
spotify:track:1iQbbaCHErMsmP6eUQyVvf,"It Comes Back To You","Smoke + Mirrors (Deluxe)","Imagine Dragons",2015-10-23,217400,44,false,raphaelfr17,2026-06-15T13:20:22Z,"","Kid Ina Korner / Interscope",0.634,0.749,0,-7.895,1,0.0289,0.0789,0.0172,0.0698,0.49,99.997,4
spotify:track:4lzOb7A0xfdcYtV7YVr4Aa,"Found a Way","Telegraph","Drake Bell",2005-11-07,181640,56,false,nicmf,2026-06-15T13:20:56Z,"","dB Records",0.554,0.822,8,-6.735,1,0.0352,0.0058,0,0.0981,0.625,130.009,4
spotify:track:2P4OICZRVAQcYAV2JReRfj,"Waiting For Love","Stories","Avicii",2015-10-02,230613,87,false,raphaelfr17,2026-06-15T13:24:01Z,"edm","Pophouse Entertainment Group",0.579,0.736,6,-3.863,0,0.0527,0.31,0,0.198,0.613,127.999,4
spotify:track:1ahAuX3F6tDdNRfMdiLsv6,"#Beautiful","Me. I Am Mariah…The Elusive Chanteuse","Mariah Carey;Miguel",2014-05-23,199946,59,true,nicmf,2026-06-15T13:24:46Z,"natal,r&b","Def Jam Recordings",0.443,0.755,4,-5.333,1,0.119,0.322,0,0.298,0.431,214.13,4
spotify:track:3TCauNPqFiniaYHBvEVoHG,"Beautiful","Stripped","Christina Aguilera",2002-07-19,238560,73,false,nicmf,2026-06-15T13:24:57Z,"","RCA Records Label",0.456,0.573,5,-3.866,0,0.0275,0.578,0.00000305,0.114,0.0992,76.19,4
spotify:track:70ATm56tH7OrQ1zurYssz0,"I Need A Doctor","I Need A Doctor","Dr. Dre;Eminem;Skylar Grey",2011-02-01,283733,73,true,nicmf,2026-06-15T13:26:14Z,"hip hop old school,g-funk,gangster rap,west coast hip hop,hip hop,rap","Aftermath",0.594,0.946,3,-4.521,1,0.452,0.0869,0,0.306,0.397,155.826,4
spotify:track:190jyVPHYjAqEaOGmMzdyk,"Beauty And A Beat","Believe (Deluxe Edition)","Justin Bieber;Nicki Minaj",2012-06-15,227986,92,false,raphaelfr17,2026-06-15T13:27:14Z,"","RBMG/Def Jam",0.602,0.843,0,-4.831,1,0.0593,0.000688,0.0000527,0.0682,0.526,128.003,4
spotify:track:0zcU626JV9kV61raS5sGu4,"FIX UR FACE (with Fred Durst)","FIX UR FACE (with Fred Durst)","mgk;Fred Durst",2026-04-21,199068,72,true,raphaelfr17,2026-06-16T10:02:27Z,"nu metal","EST 19XX, LLC, under exclusive license to Interscope Records",0.699,0.712,1,-6.184,1,0.0727,0.00188,0,0.125,0.641,102.036,4
spotify:track:426utyJ4B1l4vi5i5ULU5k,"Stack It Up (feat. A Boogie Wit da Hoodie)","LP1","Liam Payne;A Boogie Wit da Hoodie",2019-12-06,165710,56,true,nicmf,2026-06-26T21:42:59Z,"rap melódico","Capitol Records UK / EMI",0.743,0.812,7,-3.069,1,0.132,0.153,0,0.0713,0.606,100.047,4
spotify:track:2tQjS2hrxfrtJQFIdHeXGD,"Hasta La Vista","Camp Rock","Jordan Francis;Roshon Bernard Fegan",2008-01-01,155533,61,false,nicmf,2026-06-28T03:16:24Z,"","Walt Disney Records",0.725,0.887,7,-4.655,1,0.114,0.141,0,0.069,0.781,98.966,4
spotify:track:3FeVmId7tL5YN8B7R3imoM,"My Universe","My Universe","Coldplay;BTS",2021-09-24,228000,77,false,nicmf,2026-07-05T03:22:14Z,"k-pop","Parlophone UK",0.588,0.701,9,-6.39,1,0.0402,0.00813,0,0.2,0.443,104.988,4
spotify:track:5yVJK9JFXO3625zUfOLNWr,"Claude's Plan","Claude's Plan","Jeff Guo",2026-06-20,197781,42,true,raphaelfr17,2026-07-09T22:35:06Z,"","Jeff Guo",0.814,0.403,7,-14.676,1,0.232,0.0349,0.000339,0.418,0.475,77.161,4
spotify:track:1k2pQc5i348DCHwbn5KTdc,"Pink Pony Club","The Rise and Fall of a Midwest Princess","Chappell Roan",2023-09-22,258034,84,false,nicmf,2026-07-11T14:43:56Z,"","Chappell Roan PS/ Island",0.61,0.65,6,-6.199,1,0.0474,0.399,0,0.11,0.507,106.719,4
spotify:track:7iDa6hUg2VgEL1o1HjmfBn,"Meant to Be (feat. Florida Georgia Line)","All Your Fault: Pt. 2","Bebe Rexha;Florida Georgia Line",2017-08-11,163870,74,false,raphaelfr17,2026-07-11T14:54:57Z,"country,pop country,country acústico","Warner Records",0.643,0.783,10,-6.458,1,0.0856,0.047,0,0.083,0.579,154.084,4
spotify:track:4y1LsJpmMti1PfRQV9AWWe,"Girls Just Want to Have Fun","She's So Unusual","Cyndi Lauper",1983-10-14,238120,87,false,raphaelfr17,2026-07-11T14:59:58Z,"","Portrait",0.71,0.799,6,-4.897,1,0.0328,0.22,0.000602,0.349,0.725,120.372,4
spotify:track:1YNQscOx6OqBQjxgJVhEeW,"Girls (feat. Cardi B, Bebe Rexha & Charli XCX)","Girls (feat. Cardi B, Bebe Rexha & Charli XCX)","Rita Ora;Bebe Rexha;Charli xcx;Cardi B",2018-05-11,221153,51,true,nicmf,2026-07-11T15:00:02Z,"hyperpop,art pop","Atlantic Records UK",0.728,0.69,8,-4.344,0,0.0524,0.0164,0,0.104,0.415,94.028,4
spotify:track:0sCvjs8IVBhxXVhg7jQemt,"Azizam","Play","Ed Sheeran",2025-09-12,162029,83,false,raphaelfr17,2026-07-11T15:01:15Z,"o lado suave do pop","Gingerbread Man Records / Atlantic Records UK",0.537,0.909,6,-5.072,1,0.107,0.00247,0,0.0799,0.871,191.983,3
spotify:track:43ZyHQITOjhciSUUNPVRHc,"Gucci Gang","Lil Pump","Lil Pump",2017-10-06,124055,64,true,nicmf,2026-07-11T15:56:39Z,"","Warner Records",0.936,0.523,5,-6.71,1,0.0597,0.239,0,0.117,0.699,119.889,4
spotify:track:4JdBpvPdmds2xRsitakvaW,"Old Fashioned","Florescence","Maisie Peters",2026-05-22,184946,62,true,nicmf,2026-07-11T15:57:50Z,"","Atlantic Records UK",0.324,0.564,1,-8.149,0,0.0447,0.18,0,0.136,0.344,207.801,4
spotify:track:754kgU5rWscRTfvlsuEwFp,"Kiss Me","Sixpence None The Richer","Sixpence None The Richer",1997-11-22,208680,91,false,raphaelfr17,2026-07-11T16:56:55Z,"","Curb | Word",0.526,0.749,3,-6.964,1,0.0283,0.023,0.00000176,0.0692,0.421,99.982,4
spotify:track:69LvvkHnFFnX3d5eNObtMo,"kiss kiss","Tickets To My Downfall","mgk",2020-09-25,138097,63,true,nicmf,2026-07-11T16:57:30Z,"","Bad Boy/Interscope Records",0.569,0.85,1,-5.134,1,0.055,0.000279,0,0.337,0.769,162.061,4
spotify:track:6fujklziTHa8uoM5OQSfIo,"Black Beatles","SremmLife 2 (Deluxe)","Rae Sremmurd;Gucci Mane",2016-08-12,291893,89,true,raphaelfr17,2026-07-11T19:32:14Z,"southern hip hop,rap,trap","Mike WiLL Made-It",0.794,0.632,0,-6.163,1,0.0649,0.142,0,0.128,0.355,145.926,4
spotify:track:11C4y2Yz1XbHmaQwO06s9f,"Dance The Night","Barbie The Album","Dua Lipa",2023-07-21,176579,71,false,nicmf,2026-07-18T01:31:48Z,"pop","Atlantic Records",0.671,0.845,11,-4.93,0,0.048,0.0207,0,0.329,0.775,110.056,4
spotify:track:55qNzuAQo4kxjwsZyx6AIb,"Olha o Gás - ó u Gás","Olha o Gás - ó u Gás","Tume",2026-06-10,90070,31,false,nicmf,2026-07-18T02:51:33Z,"","Tume",0.677,0.358,9,-10.302,0,0.397,0.0955,0.353,0.158,0.316,129.304,4
spotify:track:0i4qKfuKJ3juUsEwnJAxk3,"Ready, Steady, Go!","Kiss All The Time. Disco, Occasionally.","Harry Styles",2026-03-06,160400,81,false,raphaelfr17,2026-07-18T03:50:39Z,"","Columbia",0.753,0.755,9,-6.444,0,0.0509,0.0527,0.0901,0.232,0.852,117.981,4
spotify:track:1tApKPSsMXfJf528fR1o93,"Six Seven","Six Seven","Laurinha Costa;Dj Cabello;Dj Tchouzen;SoundMusic Original",2026-04-02,100162,77,false,raphaelfr17,2026-08-08T20:23:45Z,"funk bruxaria,funk","SoundMusic",0.888,0.745,11,-6.032,0,0.321,0.165,0.00000268,0.0578,0.94,79.994,4
spotify:track:7vggqxNKwd6xdRoYS0pQtM,"Three Little Birds","Legend - The Best Of Bob Marley And The Wailers","Bob Marley & The Wailers",2002-01-01,180440,75,false,raphaelfr17,2026-08-08T20:24:59Z,"reggae,reggae raiz","UMC (Universal Music Catalogue)",0.825,0.494,9,-10.486,1,0.0699,0.00956,0.00000582,0.0361,0.627,74.103,4
spotify:track:0lx2cLdOt3piJbcaXIV74f,"willow","evermore","Taylor Swift",2020-12-11,214706,77,false,nicmf,2026-08-08T22:12:26Z,"","Taylor Swift",0.392,0.574,7,-9.195,1,0.17,0.833,0.00179,0.145,0.529,81.112,4
spotify:track:5fdNHVZHbWB1AaXk4RBGVD,"Just the Two of Us","Winelight","Grover Washington, Jr.;Bill Withers",1980,443773,81,false,nicmf,2026-08-10T02:17:13Z,"soul jazz,smooth jazz,soul","Rhino/Elektra",0.743,0.429,10,-14.576,0,0.0902,0.447,0.362,0.0455,0.597,95.406,4
spotify:track:10nqz67NQWWa7XPq7ycihi,"Welcome To New York","1989","Taylor Swift",2014-01-01,212600,70,false,nicmf,2026-08-14T20:50:31Z,"","Taylor Swift",0.793,0.634,7,-4.807,1,0.0324,0.038,0.00000176,0.304,0.615,117.023,4
spotify:track:2913xXOVAIDAqxzV2g4VcU,"The Bolter","THE TORTURED POETS DEPARTMENT: THE ANTHOLOGY","Taylor Swift",2024-04-19,238241,72,true,nicmf,2026-08-14T20:50:59Z,"","Taylor Swift",0.455,0.586,0,-7.978,1,0.0492,0.638,0,0.131,0.481,183.694,4
spotify:track:1fOYowSoGQavFIG5klpp3O,"Sakura","Break Up Album","YUNG LIXO",2021-05-07,165355,44,false,raphaelfr17,2026-08-23T19:13:07Z,"trap brasileiro","YungTrashRecords",0.749,0.694,8,-6.939,1,0.0474,0.0897,0.00000195,0.0812,0.469,90.028,4
spotify:track:1iii3DosaivkmvUDmhZhCP,"Shine A Light","Exile On Main Street (2010 Re-Mastered)","The Rolling Stones",1972-05-12,256825,58,false,nicmf,2026-08-23T21:45:36Z,"rock clássico,rock","Polydor Records",0.337,0.838,0,-5.148,1,0.0693,0.526,0.0005,0.292,0.571,81.816,4
spotify:track:3vit743HobxF9rQxrMZf1c,"Vejo Enfim a Luz Brilhar","Enrolados (Trilha Sonora Original)","Sylvia Salustti;Raphael Rossato",2010-01-01,216826,59,false,nicmf,2026-08-23T21:45:49Z,"","Walt Disney Records",0.276,0.0891,5,-19.012,1,0.0319,0.802,0,0.106,0.148,99.561,4
spotify:track:71V89tJj9CboDyzncO6ZN2,"Stars Are Blind","Paris (U.S. Standard Version)","Paris Hilton",2006-08-14,236600,68,false,nicmf,2026-08-23T21:46:28Z,"","Warner Records",0.745,0.695,2,-5.076,1,0.0271,0.00593,0,0.0615,0.519,102.014,4
spotify:track:2kb638zLMKUHOx4rhd4ttD,"Betty","Betty","AJR",2025-07-09,163666,57,true,raphaelfr17,2026-09-06T23:38:56Z,"","AJR Productions",0.42,0.83,6,-5.203,0,0.0791,0.0188,0,0.131,0.466,183.978,4
spotify:track:5kI4eCXXzyuIUXjQra0Cxi,"betty","folklore","Taylor Swift",2020-07-24,294521,71,true,nicmf,2026-09-06T23:39:44Z,"","Taylor Swift",0.593,0.377,0,-8.761,1,0.0253,0.6,0,0.0976,0.502,95.939,4
spotify:track:6Tvzf3VEi16JMhAgOwdt2y,"Birds","Origins (Deluxe)","Imagine Dragons",2018-11-09,219440,76,false,nicmf,2026-09-11T23:59:09Z,"","Kid Ina Korner / Interscope",0.649,0.516,1,-7.428,0,0.0297,0.0146,0.00000156,0.145,0.35,119.997,4
spotify:track:75NhhYjHO43mvZgYtnXgti,"Lonely Together (feat. Rita Ora)","AVĪCI (01)","Avicii;Rita Ora",2017-08-10,181812,73,false,raphaelfr17,2026-09-11T23:59:14Z,"edm","Pophouse Entertainment Group",0.655,0.666,5,-5.309,1,0.0612,0.134,0.0000212,0.0683,0.272,102.977,4
spotify:track:59ONqMEvrUq2iaiQbfRc3q,"Por você","Balada MTV","Barão Vermelho",1990-09-25,212493,73,false,raphaelfr17,2026-09-12T00:16:21Z,"rock brasileiro,mpb,pop nacional","WM Brazil",0.645,0.535,4,-8.555,1,0.0286,0.157,0.000018,0.72,0.5,136.464,4
spotify:track:2uqYupMHANxnwgeiXTZXzd,"Austin (Boots Stop Workin')","What Happens Now?","Dasha",2024-02-16,171782,87,true,raphaelfr17,2026-09-12T00:54:45Z,"","Warner Records",0.756,0.672,0,-6.743,1,0.0522,0.464,0.00000337,0.108,0.739,114.935,4
spotify:track:5OuP08bgU2H7ZeDQQFQ6q8,"Innocence","The Best Damn Thing (Expanded Edition)","Avril Lavigne",2007-04-17,232200,62,false,nicmf,2026-09-14T01:44:21Z,"","RCA Records Label",0.389,0.711,1,-3.664,0,0.0343,0.148,0,0.202,0.337,137.756,4
spotify:track:0mTgFzkDgSAF3nJY25XCXG,"Innocent","Speak Now","Taylor Swift",2010-10-25,302266,46,false,nicmf,2026-09-14T01:44:27Z,"","Taylor Swift",0.553,0.604,1,-5.295,0,0.0258,0.202,0,0.125,0.186,133.989,4
